task,base_sample_id,image_filename,query,expression_structure,target_category,target_coco_match_iou,same_category_distractors,gt_area_ratio,baseline_state,result_state,transition,baseline_iou,result_iou,iou_delta,baseline_box,result_box,gt_box,candidate_applied,baseline_zero_box_class,baseline_zero_match_category,baseline_zero_match_iou,result_zero_box_class,result_zero_match_category,result_zero_match_iou
t2_vqa_grounding,hallu_000000_COCO_train2014_000000253945,COCO_train2014_000000253945.jpg,the umbrella held by the person,relation,umbrella,1.0,3,0.06865159104215456,overlap,overlap,nonzero_remained_nonzero,0.3783748960441789,0.37600062649316535,-0.0023742695510135525,"[136.0,20.0,288.0,75.0]","[136.0,20.0,287.0,75.0]","[134.45,26.02,288.28,147.98]",True,,,0.0,,,0.0
t2_vqa_grounding,hallu_000003_COCO_train2014_000000052219,COCO_train2014_000000052219.jpg,the person sitting at the table,relation,person,1.0,1,0.15932810675182477,overlap,overlap,nonzero_remained_nonzero,0.9385521873983088,0.9441655924357186,0.005613405037409813,"[133.0,75.0,317.0,293.0]","[134.0,75.0,318.0,306.0]","[131.78,72.75,315.15999999999997,301.28999999999996]",True,,,0.0,,,0.0
t2_vqa_grounding,hallu_000004_COCO_train2014_000000154911,COCO_train2014_000000154911.jpg,the laptop on the orange table,relation,laptop,1.0,1,0.05708395996093749,overlap,overlap,nonzero_remained_nonzero,0.026901463245279613,0.025752337234953578,-0.0011491260103260355,"[191.0,312.0,398.0,445.0]","[190.0,314.0,398.0,450.0]","[382.92,286.74,552.27,390.29]",True,,,0.0,,,0.0
t2_vqa_grounding,hallu_000005_COCO_train2014_000000039527,COCO_train2014_000000039527.jpg,the teddy bear next to the person,relation,teddy bear,1.0,3,0.09459023161764707,valid_zero,valid_zero,valid_zero_unresolved,0.0,0.0,0.0,"[416.0,49.0,640.0,247.0]","[416.0,50.0,578.0,249.0]","[138.67,0.33,373.12,110.07]",True,wrong_same_category_instance,teddy bear,0.6403563509386022,wrong_same_category_instance,teddy bear,0.8892524710205476
t2_vqa_grounding,hallu_000007_COCO_train2014_000000139152,COCO_train2014_000000139152.jpg,the car behind the bird,relation,car,1.0,1,0.12930956719483566,false_rejection,false_rejection,false_rejection_unchanged,0.0,0.0,0.0,null,null,"[419.3,0.96,638.52,161.78]",False,,,0.0,,,0.0
t2_vqa_grounding,hallu_000008_COCO_train2014_000000500224,COCO_train2014_000000500224.jpg,the catcher in the blue uniform,attribute,person,1.0,2,0.18055414354354352,overlap,overlap,nonzero_remained_nonzero,0.7466478598552602,0.7529513284150583,0.006303468559798131,"[329.0,76.0,468.0,277.0]","[329.0,76.0,468.0,275.0]","[314.08,59.1,465.80999999999995,257.23]",True,,,0.0,,,0.0
t2_vqa_grounding,hallu_000009_COCO_train2014_000000047020,COCO_train2014_000000047020.jpg,the bicycle in front of the motorcycle,relation,bicycle,1.0,2,0.09683781017964072,false_rejection,false_rejection,false_rejection_unchanged,0.0,0.0,0.0,null,null,"[1.08,435.3,279.57,493.37]",False,,,0.0,,,0.0
t2_vqa_grounding,hallu_000012_COCO_train2014_000000567301,COCO_train2014_000000567301.jpg,the couch next to the vase,relation,couch,1.0,1,0.1744140970052083,valid_zero,overlap,valid_zero_recovered,0.0,0.686852986205292,0.686852986205292,"[398.0,214.0,534.0,350.0]","[0.0,235.0,316.0,476.0]","[0.79,237.12,221.92999999999998,479.40999999999997]",True,wrong_same_category_instance,couch,0.8973384373225459,,,0.0
t2_vqa_grounding,hallu_000017_COCO_train2014_000000461281,COCO_train2014_000000461281.jpg,the person holding the frisbee,relation,person,1.0,3,0.14907612083333333,overlap,overlap,nonzero_remained_nonzero,0.8991115624312744,0.9061182880300064,0.007006725598731944,"[250.0,51.0,360.0,300.0]","[250.0,49.0,360.0,300.0]","[248.88,34.04,356.5,300.0]",True,,,0.0,,,0.0
t2_vqa_grounding,hallu_000018_COCO_train2014_000000506011,COCO_train2014_000000506011.jpg,the cake on the dining table,relation,cake,1.0,1,0.0636797555620609,overlap,overlap,nonzero_remained_nonzero,0.8563741653006074,0.8676675878144785,0.01129342251387111,"[362.0,227.0,572.0,316.0]","[364.0,227.0,570.0,318.0]","[356.95,231.25,558.46,317.61]",True,,,0.0,,,0.0
t2_vqa_grounding,hallu_000022_COCO_train2014_000000441108,COCO_train2014_000000441108.jpg,the person holding the child,relation,person,1.0,1,0.35382316113281254,overlap,overlap,nonzero_remained_nonzero,0.981715965677094,0.9667811820221999,-0.01493478365489409,"[46.0,68.0,314.0,476.0]","[45.0,69.0,317.0,470.0]","[44.32,69.73,312.43,475.14000000000004]",True,,,0.0,,,0.0
t2_vqa_grounding,hallu_000023_COCO_train2014_000000560809,COCO_train2014_000000560809.jpg,the bed next to the nightstand,relation,bed,1.0,1,0.5143796052631578,overlap,overlap,nonzero_remained_nonzero,0.4274820304444604,0.4335025334050693,0.006020502960608853,"[52.0,155.0,378.0,405.0]","[54.0,156.0,378.0,409.0]","[115.54,150.14,638.74,413.15]",True,,,0.0,,,0.0
t2_vqa_grounding,hallu_000024_COCO_train2014_000000016547,COCO_train2014_000000016547.jpg,the catcher behind the batter,relation,person,1.0,2,0.15569688281249996,overlap,overlap,nonzero_remained_nonzero,0.9252809605173996,0.9103038091704607,-0.014977151346938888,"[119.0,50.0,295.0,222.0]","[119.0,50.0,287.0,224.0]","[117.17,50.64,293.33,231.64999999999998]",True,,,0.0,,,0.0
t2_vqa_grounding,hallu_000025_COCO_train2014_000000407806,COCO_train2014_000000407806.jpg,the person holding the cell phone,relation,person,1.0,3,0.685167025390625,overlap,overlap,nonzero_remained_nonzero,0.9744126359681458,0.9701024761455151,-0.00431015982263061,"[182.0,14.0,640.0,471.0]","[184.0,15.0,640.0,470.0]","[178.18,15.03,636.36,474.41999999999996]",True,,,0.0,,,0.0
t2_vqa_grounding,hallu_000026_COCO_train2014_000000532603,COCO_train2014_000000532603.jpg,the donut in front of the cup,relation,donut,1.0,2,0.10100267361111114,overlap,overlap,nonzero_remained_nonzero,0.10040170961023769,0.0929439374498563,-0.00745777216038139,"[125.0,238.0,295.0,360.0]","[125.0,240.0,296.0,360.0]","[102.97,126.89,270.81,265.54]",True,,,0.0,,,0.0
t2_vqa_grounding,hallu_000028_COCO_train2014_000000321594,COCO_train2014_000000321594.jpg,the umbrella held by the person,relation,umbrella,1.0,1,0.05199406074438203,overlap,overlap,nonzero_remained_nonzero,0.6459395864935559,0.6531631148781328,0.0072235283845769604,"[33.0,291.0,178.0,445.0]","[34.0,290.0,178.0,445.0]","[83.36,288.65,178.07,445.0]",True,,,0.0,,,0.0
t2_vqa_grounding,hallu_000030_COCO_train2014_000000053601,COCO_train2014_000000053601.jpg,the person holding a hot dog,relation,person,1.0,1,0.3652909488932291,overlap,overlap,nonzero_remained_nonzero,0.12266151720555415,0.12283366534071888,0.0001721481351647236,"[340.0,49.0,640.0,476.0]","[340.0,50.0,640.0,476.0]","[114.34,100.31,409.89,480.0]",True,,,0.0,,,0.0
t2_vqa_grounding,hallu_000031_COCO_train2014_000000260248,COCO_train2014_000000260248.jpg,the bowl of oranges next to the sandwich,relation,bowl,1.0,3,0.12821404671167247,overlap,overlap,nonzero_remained_nonzero,0.8655554579761547,0.8843123485204795,0.018756890544324722,"[388.0,317.0,589.0,554.0]","[389.0,317.0,589.0,560.0]","[386.55,331.6,585.64,568.1800000000001]",True,,,0.0,,,0.0
t2_vqa_grounding,hallu_000033_COCO_train2014_000000303144,COCO_train2014_000000303144.jpg,the person next to the curly-haired person,relation,person,1.0,3,0.12055756733021081,overlap,overlap,nonzero_remained_nonzero,0.6907980544418774,0.6771044290721218,-0.013693625369755602,"[458.0,107.0,640.0,344.0]","[458.0,107.0,640.0,349.0]","[450.73,105.22,599.4300000000001,326.78]",True,,,0.0,,,0.0
t2_vqa_grounding,hallu_000036_COCO_train2014_000000095257,COCO_train2014_000000095257.jpg,the elephant in front of the person,relation,elephant,1.0,2,0.37765876822916666,overlap,overlap,nonzero_remained_nonzero,0.9661022291747247,0.9557272482116894,-0.01037498096303524,"[72.0,0.0,488.0,276.0]","[74.0,0.0,489.0,275.0]","[69.03,0.9,484.30999999999995,280.27]",True,,,0.0,,,0.0
t2_vqa_grounding,hallu_000037_COCO_train2014_000000522240,COCO_train2014_000000522240.jpg,the bowl with a spoon next to the pizza,relation,bowl,1.0,2,0.09632689321095572,overlap,overlap,nonzero_remained_nonzero,0.8215733576491764,0.8215733576491764,0.0,"[0.0,294.0,212.0,415.0]","[0.0,294.0,212.0,415.0]","[0.0,303.46,210.67,429.0]",True,,,0.0,,,0.0
t2_vqa_grounding,hallu_000038_COCO_train2014_000000043813,COCO_train2014_000000043813.jpg,the person in front of the truck,relation,person,1.0,2,0.12054111328125001,overlap,overlap,nonzero_remained_nonzero,0.09209367767821733,0.09010690138300391,-0.001986776295213419,"[127.0,124.0,338.0,637.0]","[128.0,124.0,337.0,635.0]","[304.14,216.22,406.49,578.02]",True,,,0.0,,,0.0
t2_vqa_grounding,hallu_000039_COCO_train2014_000000409751,COCO_train2014_000000409751.jpg,the person on the TV screen,relation,person,1.0,1,0.07976059662441039,false_rejection,false_rejection,false_rejection_unchanged,0.0,0.0,0.0,null,null,"[88.75,105.28,221.82,267.93]",False,,,0.0,,,0.0
t2_vqa_grounding,hallu_000044_COCO_train2014_000000537371,COCO_train2014_000000537371.jpg,the person with blue shirt,attribute,person,1.0,1,0.10933759943181814,overlap,overlap,nonzero_remained_nonzero,0.7913414151007981,0.7872173458205899,-0.0041240692802082535,"[179.0,0.0,339.0,165.0]","[179.0,0.0,340.0,165.0]","[166.78,0.67,330.66999999999996,183.83999999999997]",True,,,0.0,,,0.0
t2_vqa_grounding,hallu_000045_COCO_train2014_000000069700,COCO_train2014_000000069700.jpg,the person in front of the bookshelf,relation,person,1.0,2,0.36470592773437494,overlap,overlap,nonzero_remained_nonzero,0.9534725538409988,0.9428190632515763,-0.010653490589422554,"[72.0,23.0,324.0,352.0]","[74.0,25.0,326.0,352.0]","[67.05,24.74,322.46999999999997,346.41]",True,,,0.0,,,0.0
t2_vqa_grounding,hallu_000051_COCO_train2014_000000482252,COCO_train2014_000000482252.jpg,the motorcycle next to the person,relation,motorcycle,1.0,1,0.18094779935747665,overlap,overlap,nonzero_remained_nonzero,0.050450563762221436,0.9226630869953628,0.8722125232331414,"[284.0,126.0,580.0,373.0]","[84.0,145.0,306.0,351.0]","[81.64,141.04,311.3,356.86]",True,,,0.0,,,0.0
t2_vqa_grounding,hallu_000054_COCO_train2014_000000318574,COCO_train2014_000000318574.jpg,the bicycle in front of the person,relation,bicycle,1.0,3,0.3301459463028169,overlap,overlap,nonzero_remained_nonzero,0.37653216376647797,0.04127376383276156,-0.3352583999337164,"[326.0,14.0,541.0,320.0]","[0.0,97.0,264.0,395.0]","[205.97,0.0,630.11,212.22]",True,,,0.0,,,0.0
t2_vqa_grounding,hallu_000055_COCO_train2014_000000555211,COCO_train2014_000000555211.jpg,the couch next to the coffee table,relation,couch,1.0,2,0.15122781282688283,valid_zero,valid_zero,valid_zero_unresolved,0.0,0.0,0.0,"[0.0,336.0,437.0,476.0]","[0.0,336.0,437.0,476.0]","[214.95,155.77,542.48,297.02]",True,wrong_same_category_instance,couch,0.9105475939849624,wrong_same_category_instance,couch,0.9105475939849624
t2_vqa_grounding,hallu_000060_COCO_train2014_000000519685,COCO_train2014_000000519685.jpg,the person sitting on the couch,relation,person,1.0,3,0.08846923423423424,overlap,overlap,nonzero_remained_nonzero,0.9456777293237382,0.9456777293237382,0.0,"[28.0,80.0,130.0,232.0]","[28.0,79.0,130.0,231.0]","[27.76,82.01,128.41,228.36]",True,,,0.0,,,0.0
t2_vqa_grounding,hallu_000061_COCO_train2014_000000230160,COCO_train2014_000000230160.jpg,the person in front of the skis,relation,person,1.0,3,0.13456206295763598,overlap,overlap,nonzero_remained_nonzero,0.10976864365357561,0.10354369709385537,-0.0062249465597202375,"[455.0,72.0,567.0,452.0]","[456.0,70.0,568.0,459.0]","[355.65,74.38,480.02,405.37]",True,,,0.0,,,0.0
t2_vqa_grounding,hallu_000068_COCO_train2014_000000477156,COCO_train2014_000000477156.jpg,the couch next to the TV,relation,couch,1.0,1,0.07499249121779861,false_rejection,false_rejection,false_rejection_unchanged,0.0,0.0,0.0,null,null,"[492.2,283.81,640.0,422.47]",False,,,0.0,,,0.0
t2_vqa_grounding,hallu_000069_COCO_train2014_000000534347,COCO_train2014_000000534347.jpg,the cat next to the person,relation,cat,1.0,1,0.1828139411764706,overlap,overlap,nonzero_remained_nonzero,0.967643689317777,0.9384715194941315,-0.029172169823645455,"[102.0,102.0,261.0,415.0]","[98.0,104.0,261.0,415.0]","[102.13,101.74,258.45,419.84000000000003]",True,,,0.0,,,0.0
t2_vqa_grounding,hallu_000070_COCO_train2014_000000125247,COCO_train2014_000000125247.jpg,the couch next to the coffee table,relation,couch,1.0,1,0.12288776238207552,overlap,overlap,nonzero_remained_nonzero,0.02345850860408086,0.944769574440225,0.9213110658361442,"[228.0,229.0,460.0,343.0]","[450.0,247.0,640.0,415.0]","[445.84,246.21,638.73,419.09000000000003]",True,,,0.0,,,0.0
t2_vqa_grounding,hallu_000074_COCO_train2014_000000190469,COCO_train2014_000000190469.jpg,the person behind the vegetables,relation,person,1.0,2,0.05374317028985508,valid_zero,valid_zero,valid_zero_unresolved,0.0,0.0,0.0,"[192.0,26.0,310.0,214.0]","[194.0,28.0,307.0,215.0]","[396.32,0.47,483.0,192.13]",True,wrong_same_category_instance,person,0.6238888861721116,wrong_same_category_instance,person,0.6174803162754973
t2_vqa_grounding,hallu_000076_COCO_train2014_000000136232,COCO_train2014_000000136232.jpg,the sandwich on the plate,relation,sandwich,1.0,2,0.13790011996600415,overlap,overlap,nonzero_remained_nonzero,0.8865961620596611,0.8756442297385874,-0.01095193232107372,"[102.0,327.0,410.0,455.0]","[104.0,326.0,410.0,457.0]","[100.74,315.1,409.73,451.63]",True,,,0.0,,,0.0
t2_vqa_grounding,hallu_000078_COCO_train2014_000000554598,COCO_train2014_000000554598.jpg,the couch next to the window,relation,couch,1.0,1,0.3315046349299065,overlap,overlap,nonzero_remained_nonzero,0.14830618552251118,0.16233645545865102,0.014030269936139844,"[124.0,160.0,332.0,282.0]","[126.0,159.0,340.0,287.0]","[41.42,209.86,468.5,422.48]",True,,,0.0,,,0.0
t2_vqa_grounding,hallu_000083_COCO_train2014_000000565360,COCO_train2014_000000565360.jpg,the fat person in front of the sports ball,relation,person,1.0,3,0.08572923717248906,false_rejection,false_rejection,false_rejection_unchanged,0.0,0.0,0.0,null,null,"[127.11,55.3,229.95,299.65]",False,,,0.0,,,0.0
t2_vqa_grounding,hallu_000084_COCO_train2014_000000376258,COCO_train2014_000000376258.jpg,the person holding the pizza,relation,person,1.0,1,0.13704911718749999,overlap,overlap,nonzero_remained_nonzero,0.907843190754234,0.8166244773192157,-0.0912187134350183,"[300.0,170.0,640.0,330.0]","[298.0,170.0,640.0,350.0]","[296.16,161.44,640.0,324.7]",True,,,0.0,,,0.0
t2_vqa_grounding,hallu_000094_COCO_train2014_000000483992,COCO_train2014_000000483992.jpg,the dining table with pizza on it,relation,dining table,1.0,1,0.06724132482394368,overlap,overlap,nonzero_remained_nonzero,0.359760485105381,0.28871263346877074,-0.07104785163661026,"[0.0,364.0,447.0,497.0]","[0.0,364.0,557.0,497.0]","[168.28,410.33,433.04999999999995,491.11]",True,,,0.0,,,0.0
t2_vqa_grounding,hallu_000096_COCO_train2014_000000025628,COCO_train2014_000000025628.jpg,the dining table in front of the chairs,relation,dining table,1.0,1,0.17248185481770834,overlap,overlap,nonzero_remained_nonzero,0.9191932145748957,0.8389542307053838,-0.08023898386951189,"[138.0,284.0,438.0,469.0]","[140.0,285.0,467.0,469.0]","[138.07,294.47,435.78,472.45000000000005]",True,,,0.0,,,0.0
t2_vqa_grounding,hallu_000098_COCO_train2014_000000299544,COCO_train2014_000000299544.jpg,the dining table with the pizza on it,relation,dining table,1.0,2,0.7354294341919775,overlap,overlap,nonzero_remained_nonzero,0.7004036106904453,0.7004036106904453,0.0,"[0.0,284.0,612.0,612.0]","[0.0,284.0,612.0,612.0]","[1.38,154.12,612.0,605.22]",True,,,0.0,,,0.0
t2_vqa_grounding,hallu_000099_COCO_train2014_000000010130,COCO_train2014_000000010130.jpg,the person next to the cell phone,relation,person,1.0,3,0.0736741162909836,overlap,overlap,nonzero_remained_nonzero,0.7677203682169695,0.8166314148037558,0.048911046586786244,"[462.0,279.0,602.0,415.0]","[465.0,279.0,608.0,415.0]","[471.14,284.99,618.91,421.24]",True,,,0.0,,,0.0
t2_vqa_grounding,hallu_000100_COCO_train2014_000000581563,COCO_train2014_000000581563.jpg,the car in front of the traffic light,relation,car,1.0,1,0.19729572672672668,overlap,overlap,nonzero_remained_nonzero,0.9758981795243212,0.9675571694429168,-0.00834101008140442,"[59.0,383.0,333.0,500.0]","[59.0,384.0,333.0,500.0]","[55.67,381.55,333.0,500.0]",True,,,0.0,,,0.0
t2_vqa_grounding,hallu_000102_COCO_train2014_000000311988,COCO_train2014_000000311988.jpg,the wine glass next to the vase,relation,wine glass,1.0,3,0.08697220465829443,overlap,overlap,nonzero_remained_nonzero,0.14066696498043788,0.8952508165948707,0.7545838516144329,"[385.0,109.0,469.0,328.0]","[445.0,119.0,560.0,307.0]","[442.65,120.34,563.22,317.93]",True,,,0.0,,,0.0
t2_vqa_grounding,hallu_000105_COCO_train2014_000000115506,COCO_train2014_000000115506.jpg,the bowl with greens and carrots,object_only,bowl,1.0,1,0.37952483072916665,overlap,overlap,nonzero_remained_nonzero,0.9629486973572381,0.9715965549606003,0.008647857603362175,"[0.0,162.0,376.0,476.0]","[0.0,164.0,375.0,476.0]","[2.55,164.38,371.95,480.0]",True,,,0.0,,,0.0
t2_vqa_grounding,hallu_000106_COCO_train2014_000000158853,COCO_train2014_000000158853.jpg,the skateboard on the ramp,relation,skateboard,1.0,1,0.10402890215611352,overlap,overlap,nonzero_remained_nonzero,0.7658857131001523,0.21192164047569537,-0.5539640726244569,"[302.0,206.0,466.0,364.0]","[348.0,165.0,467.0,279.0]","[285.41,211.93,462.87,383.76]",True,,,0.0,,,0.0
t2_vqa_grounding,hallu_000108_COCO_train2014_000000408292,COCO_train2014_000000408292.jpg,the chair in front of the desk,relation,chair,1.0,1,0.0519825352296451,false_rejection,false_rejection,false_rejection_unchanged,0.0,0.0,0.0,null,null,"[233.34,0.33,375.37,112.53]",False,,,0.0,,,0.0
t2_vqa_grounding,hallu_000111_COCO_train2014_000000087671,COCO_train2014_000000087671.jpg,the motorcycle next to the person,relation,motorcycle,1.0,2,0.14580720964566932,overlap,overlap,nonzero_remained_nonzero,0.7492488065482633,0.751008011239908,0.0017592046916447002,"[262.0,129.0,413.0,378.0]","[260.0,129.0,415.0,378.0]","[244.01,129.28,395.56,363.88]",True,,,0.0,,,0.0
t2_vqa_grounding,hallu_000114_COCO_train2014_000000462080,COCO_train2014_000000462080.jpg,the orange next to the apple,relation,orange,1.0,3,0.0784356764705882,overlap,valid_zero,nonzero_regressed_to_zero,0.05539277579294417,0.0,-0.05539277579294417,"[140.0,29.0,364.0,247.0]","[34.0,180.0,272.0,436.0]","[302.35,192.94,374.0,397.65]",True,,,0.0,wrong_same_category_instance,orange,0.9214392985577139
t2_vqa_grounding,hallu_000115_COCO_train2014_000000022953,COCO_train2014_000000022953.jpg,the person standing behind the chair,relation,person,1.0,2,0.0695652016867155,overlap,overlap,nonzero_remained_nonzero,0.6942190801844234,0.6708827513725167,-0.023336328811906615,"[332.0,0.0,426.0,161.0]","[334.0,0.0,426.0,159.0]","[331.89,0.0,424.68,229.35]",True,,,0.0,,,0.0
t2_vqa_grounding,hallu_000119_COCO_train2014_000000525342,COCO_train2014_000000525342.jpg,the orange in front of the apples,relation,orange,1.0,1,0.22555730386416864,overlap,overlap,nonzero_remained_nonzero,0.9317772759869299,0.928014121766038,-0.0037631542208919067,"[226.0,159.0,473.0,409.0]","[226.0,159.0,473.0,408.0]","[225.44,164.64,469.56,417.14]",True,,,0.0,,,0.0
t2_vqa_grounding,hallu_000120_COCO_train2014_000000314319,COCO_train2014_000000314319.jpg,the person holding the umbrella,relation,person,1.0,3,0.15216801229508198,overlap,overlap,nonzero_remained_nonzero,0.563298071334701,0.5633935031530445,9.543181834348324e-05,"[140.0,154.0,405.0,415.0]","[140.0,156.0,407.0,415.0]","[185.74,218.38,388.70000000000005,423.27]",True,,,0.0,,,0.0
t2_vqa_grounding,hallu_000122_COCO_train2014_000000097411,COCO_train2014_000000097411.jpg,the pizza slice next to the person,relation,pizza,1.0,2,0.08811812060889931,valid_zero,overlap,valid_zero_recovered,0.0,0.9599174006680171,0.9599174006680171,"[152.0,72.0,302.0,241.0]","[328.0,39.0,460.0,225.0]","[327.97,38.75,456.06000000000006,226.75]",True,wrong_same_category_instance,pizza,0.9511374783717557,,,0.0
t2_vqa_grounding,hallu_000123_COCO_train2014_000000539475,COCO_train2014_000000539475.jpg,the baby in front of the bottle,relation,person,1.0,1,0.20589235911885248,overlap,overlap,nonzero_remained_nonzero,0.909126490822439,0.9060765057022072,-0.003049985120231802,"[89.0,343.0,362.0,550.0]","[89.0,345.0,360.0,547.0]","[87.53,341.69,371.65999999999997,539.72]",True,,,0.0,,,0.0
t2_vqa_grounding,hallu_000124_COCO_train2014_000000286576,COCO_train2014_000000286576.jpg,the chair next to the bench,relation,chair,1.0,2,0.13174323413333333,false_rejection,false_rejection,false_rejection_unchanged,0.0,0.0,0.0,null,null,"[115.15,239.53,226.53,461.31]",False,,,0.0,,,0.0
t2_vqa_grounding,hallu_000126_COCO_train2014_000000355571,COCO_train2014_000000355571.jpg,the person next to the horse,relation,person,1.0,3,0.1761068823185012,overlap,overlap,nonzero_remained_nonzero,0.8729278919106664,0.8593780738251385,-0.01354981808552791,"[360.0,173.0,544.0,415.0]","[360.0,174.0,548.0,415.0]","[348.93,178.31,542.45,427.0]",True,,,0.0,,,0.0
t2_vqa_grounding,hallu_000127_COCO_train2014_000000399138,COCO_train2014_000000399138.jpg,the person sitting next to the sandwich,relation,person,1.0,3,0.17378169736842108,overlap,valid_zero,nonzero_regressed_to_zero,0.48030283468202883,0.0,-0.48030283468202883,"[33.0,201.0,422.0,475.0]","[340.0,169.0,587.0,475.0]","[29.89,199.61,226.29000000000002,468.6]",True,,,0.0,wrong_same_category_instance,person,0.9649660051357549
t2_vqa_grounding,hallu_000137_COCO_train2014_000000310707,COCO_train2014_000000310707.jpg,the bed with a teddy bear on it,relation,bed,1.0,1,0.49697117333333335,overlap,overlap,nonzero_remained_nonzero,0.4895412461158849,0.4895412461158849,0.0,"[0.0,0.0,364.0,500.0]","[0.0,0.0,364.0,500.0]","[1.3,0.0,375.0,249.35]",True,,,0.0,,,0.0
t2_vqa_grounding,hallu_000140_COCO_train2014_000000356922,COCO_train2014_000000356922.jpg,the laptop in front of the person,relation,laptop,1.0,2,0.1652102213541667,overlap,overlap,nonzero_remained_nonzero,0.026016734319256787,0.021119242721387328,-0.004897491597869459,"[68.0,174.0,242.0,365.0]","[69.0,178.0,240.0,365.0]","[230.85,118.37,418.6,388.69]",True,,,0.0,,,0.0
t2_vqa_grounding,hallu_000142_COCO_train2014_000000266880,COCO_train2014_000000266880.jpg,the teddy bear in the middle,relation,teddy bear,1.0,2,0.05794919433593752,overlap,overlap,nonzero_remained_nonzero,0.468035954368198,0.5191966734422847,0.0511607190740867,"[288.0,235.0,386.0,328.0]","[284.0,235.0,390.0,336.0]","[289.08,239.46,404.49,393.71000000000004]",True,,,0.0,,,0.0
t2_vqa_grounding,hallu_000143_COCO_train2014_000000278763,COCO_train2014_000000278763.jpg,the elephant next to the zebra,relation,elephant,1.0,1,0.05917523193359377,overlap,overlap,nonzero_remained_nonzero,0.31883945014469883,0.36192586232641494,0.043086412181716105,"[0.0,278.0,210.0,640.0]","[0.0,278.0,185.0,640.0]","[93.48,362.19,184.09,629.69]",True,,,0.0,,,0.0
t2_vqa_grounding,hallu_000145_COCO_train2014_000000023996,COCO_train2014_000000023996.jpg,the potted plant next to the suitcase,relation,potted plant,1.0,2,0.05901659139554795,overlap,overlap,nonzero_remained_nonzero,0.8044899290021399,0.8082114776048588,0.0037215486027188938,"[62.0,50.0,168.0,244.0]","[64.0,50.0,167.0,248.0]","[63.84,51.65,167.05,211.94]",True,,,0.0,,,0.0
t2_vqa_grounding,hallu_000146_COCO_train2014_000000310518,COCO_train2014_000000310518.jpg,the dining table with pizza and bottles,relation,dining table,1.0,1,0.31302055859375,overlap,overlap,nonzero_remained_nonzero,0.5268147594897666,0.5149726828944245,-0.011842076595342088,"[88.0,215.0,472.0,476.0]","[89.0,206.0,475.0,476.0]","[36.67,299.54,569.53,480.0]",True,,,0.0,,,0.0
t2_vqa_grounding,hallu_000149_COCO_train2014_000000278796,COCO_train2014_000000278796.jpg,the person sitting in front of the oranges,relation,person,1.0,1,0.05634928125000001,overlap,overlap,nonzero_remained_nonzero,0.6592001613035064,0.6741015519827741,0.014901390679267656,"[390.0,225.0,487.0,355.0]","[390.0,225.0,486.0,357.0]","[354.4,226.82,482.74,361.7]",True,,,0.0,,,0.0
t2_vqa_grounding,hallu_000152_COCO_train2014_000000149566,COCO_train2014_000000149566.jpg,the dining table behind the teddy bear,relation,dining table,1.0,2,0.3179936807983683,overlap,overlap,nonzero_remained_nonzero,0.3478121279177073,0.31736342151436037,-0.03044870640334696,"[0.0,100.0,420.0,582.0]","[0.0,98.0,420.0,637.0]","[20.75,73.42,429.0,287.28000000000003]",True,,,0.0,,,0.0
t2_vqa_grounding,hallu_000153_COCO_train2014_000000249974,COCO_train2014_000000249974.jpg,the apple next to the banana,relation,apple,1.0,2,0.17128131023622045,overlap,overlap,nonzero_remained_nonzero,0.03405774908943478,0.03379596420275211,-0.0002617848866826658,"[156.0,47.0,284.0,150.0]","[156.0,47.0,284.0,149.0]","[16.1,59.68,168.73999999999998,202.19]",True,,,0.0,,,0.0
t2_vqa_grounding,hallu_000156_COCO_train2014_000000105219,COCO_train2014_000000105219.jpg,the person next to the teddy bear,relation,person,1.0,3,0.37331898379629636,valid_zero,valid_zero,valid_zero_unresolved,0.0,0.0,0.0,"[317.0,87.0,476.0,360.0]","[318.0,87.0,476.0,359.0]","[0.8,56.91,217.77,354.23]",True,wrong_same_category_instance,person,0.7066393464091003,wrong_same_category_instance,person,0.704063320426201
t2_vqa_grounding,hallu_000157_COCO_train2014_000000086017,COCO_train2014_000000086017.jpg,the person next to the wine glasses,relation,person,1.0,1,0.05400908984374999,valid_zero,valid_zero,valid_zero_unresolved,0.0,0.0,0.0,"[1.0,0.0,123.0,90.0]","[0.0,0.0,124.0,95.0]","[483.24,2.03,620.27,92.84]",True,wrong_same_category_instance,person,0.6910295092810377,wrong_same_category_instance,person,0.727757608837467
t2_vqa_grounding,hallu_000158_COCO_train2014_000000307082,COCO_train2014_000000307082.jpg,the truck in the snow,relation,truck,1.0,1,0.10677467213114751,overlap,overlap,nonzero_remained_nonzero,0.8401035436365474,0.8457658855057293,0.005662341869181908,"[358.0,189.0,576.0,330.0]","[358.0,190.0,576.0,330.0]","[355.36,191.14,555.0,337.29999999999995]",True,,,0.0,,,0.0
t2_vqa_grounding,hallu_000160_COCO_train2014_000000473003,COCO_train2014_000000473003.jpg,the couch next to the fireplace,relation,couch,1.0,1,0.07376599178403755,overlap,overlap,nonzero_remained_nonzero,0.9214655340986594,0.9298091672599141,0.008343633161254749,"[401.0,170.0,595.0,274.0]","[401.0,171.0,596.0,274.0]","[399.47,174.41,595.47,277.02]",True,,,0.0,,,0.0
t2_vqa_grounding,hallu_000161_COCO_train2014_000000414499,COCO_train2014_000000414499.jpg,the snowboard next to the person,relation,snowboard,1.0,2,0.05429678860294119,valid_zero,overlap,valid_zero_recovered,0.0,0.9178256535668027,0.9178256535668027,"[114.0,135.0,182.0,384.0]","[420.0,135.0,483.0,387.0]","[422.13,143.26,482.3,388.71]",True,wrong_same_category_instance,snowboard,0.9147511918062765,,,0.0
t2_vqa_grounding,hallu_000164_COCO_train2014_000000213754,COCO_train2014_000000213754.jpg,the dining table with a bowl of dessert,relation,dining table,1.0,2,0.32786806818181824,overlap,overlap,nonzero_remained_nonzero,0.44940284509692796,0.4377387000628957,-0.011664145034032236,"[53.0,275.0,239.0,420.0]","[54.0,278.0,239.0,420.0]","[1.66,216.1,285.92,427.22]",True,,,0.0,,,0.0
t2_vqa_grounding,hallu_000166_COCO_train2014_000000250380,COCO_train2014_000000250380.jpg,the person in front of the dog,relation,person,1.0,1,0.09763271805273835,valid_zero,valid_zero,valid_zero_unresolved,0.0,0.0,0.0,"[0.0,46.0,225.0,448.0]","[0.0,46.0,225.0,448.0]","[294.59,103.76,420.89,294.31]",True,wrong_same_category_instance,person,0.9813624463947791,wrong_same_category_instance,person,0.9813624463947791
t2_vqa_grounding,hallu_000168_COCO_train2014_000000199134,COCO_train2014_000000199134.jpg,the person holding a tennis racket,relation,person,1.0,1,0.09641274563318777,overlap,overlap,nonzero_remained_nonzero,0.9313112984414643,0.9261926125994235,-0.005118685842040782,"[225.0,155.0,327.0,432.0]","[225.0,156.0,327.0,430.0]","[224.04,155.72,323.64,439.46000000000004]",True,,,0.0,,,0.0
t2_vqa_grounding,hallu_000169_COCO_train2014_000000578702,COCO_train2014_000000578702.jpg,the broccoli next to the carrot,relation,broccoli,1.0,3,0.0972899045502092,overlap,overlap,nonzero_remained_nonzero,0.7703618265718374,0.7680611790598795,-0.0023006475119579095,"[124.0,294.0,307.0,424.0]","[126.0,294.0,307.0,425.0]","[121.98,296.66,310.21,454.78000000000003]",True,,,0.0,,,0.0
t2_vqa_grounding,hallu_000171_COCO_train2014_000000237617,COCO_train2014_000000237617.jpg,the plaid couch next to the wooden table,relation,couch,1.0,2,0.08190339788732394,overlap,overlap,nonzero_remained_nonzero,0.08595102292711962,0.08585447960402127,-9.654332309834424e-05,"[54.0,141.0,254.0,292.0]","[54.0,140.0,256.0,293.0]","[0.0,211.3,105.52,422.92]",True,,,0.0,,,0.0
t2_vqa_grounding,hallu_000172_COCO_train2014_000000455543,COCO_train2014_000000455543.jpg,the tennis racket in the person's hand,relation,tennis racket,1.0,1,0.05950994955450734,overlap,overlap,nonzero_remained_nonzero,0.9435169016830481,0.9282530934727582,-0.015263808210289942,"[264.0,146.0,344.0,374.0]","[264.0,147.0,345.0,374.0]","[262.46,145.7,341.52,375.49]",True,,,0.0,,,0.0
t2_vqa_grounding,hallu_000174_COCO_train2014_000000347167,COCO_train2014_000000347167.jpg,the dining table with a laptop on it,relation,dining table,1.0,1,0.07098526864681605,overlap,overlap,nonzero_remained_nonzero,0.6770489809675933,0.7442376353095234,0.06718865434193011,"[54.0,354.0,456.0,415.0]","[54.0,360.0,457.0,415.0]","[61.93,369.53,450.68,419.08]",True,,,0.0,,,0.0
t2_vqa_grounding,hallu_000175_COCO_train2014_000000562675,COCO_train2014_000000562675.jpg,the cake in front of the person,relation,cake,1.0,3,0.15569030225409836,false_rejection,false_rejection,false_rejection_unchanged,0.0,0.0,0.0,null,null,"[289.78,87.32,492.25,297.46]",False,,,0.0,,,0.0
t2_vqa_grounding,hallu_000178_COCO_train2014_000000029582,COCO_train2014_000000029582.jpg,the person on the horse,relation,person,1.0,2,0.11890005854800935,overlap,overlap,nonzero_remained_nonzero,0.9157118201203698,0.06567687598984076,-0.850034944130529,"[149.0,17.0,261.0,304.0]","[67.0,25.0,158.0,284.0]","[144.66,21.22,258.26,307.25]",True,,,0.0,,,0.0
t2_vqa_grounding,hallu_000179_COCO_train2014_000000470501,COCO_train2014_000000470501.jpg,the baseball bat held by the person,relation,baseball bat,1.0,1,0.053136868600682605,valid_zero,overlap,valid_zero_recovered,0.0,0.8813058219953288,0.8813058219953288,"[28.0,122.0,141.0,313.0]","[456.0,193.0,540.0,427.0]","[449.99,194.44,536.47,424.88]",True,wrong_same_category_instance,baseball bat,0.9261589213733031,,,0.0
t2_vqa_grounding,hallu_000183_COCO_train2014_000000370145,COCO_train2014_000000370145.jpg,the person in front of the counter,relation,person,1.0,2,0.25982662500000003,valid_zero,overlap,valid_zero_recovered,0.0,0.9752477600919432,0.9752477600919432,"[350.0,107.0,632.0,476.0]","[0.0,178.0,280.0,469.0]","[1.27,180.32,280.63,466.04]",True,wrong_same_category_instance,person,0.9575078975186916,,,0.0
t2_vqa_grounding,hallu_000184_COCO_train2014_000000076885,COCO_train2014_000000076885.jpg,the person next to the laptop,relation,person,1.0,1,0.5941094525761125,overlap,overlap,nonzero_remained_nonzero,0.8730026758162512,0.014165348475290815,-0.8588373273409604,"[162.0,10.0,569.0,378.0]","[0.0,5.0,176.0,415.0]","[167.92,9.6,563.26,420.28000000000003]",True,,,0.0,,,0.0
t2_vqa_grounding,hallu_000187_COCO_train2014_000000256276,COCO_train2014_000000256276.jpg,the person next to the bear,relation,person,1.0,2,0.3195985911458333,overlap,valid_zero,nonzero_regressed_to_zero,0.9594154186864766,0.0,-0.9594154186864766,"[358.0,30.0,580.0,476.0]","[90.0,48.0,345.0,476.0]","[356.31,30.29,574.63,480.0]",True,,,0.0,wrong_same_category_instance,person,0.8295590733780915
t2_vqa_grounding,hallu_000191_COCO_train2014_000000354690,COCO_train2014_000000354690.jpg,the bench in front of the person,relation,bench,1.0,1,0.19076529427083333,overlap,overlap,nonzero_remained_nonzero,0.4046543723360538,0.8265645972969992,0.4219102249609454,"[159.0,316.0,301.0,483.0]","[0.0,324.0,305.0,509.0]","[0.81,302.84,305.59,495.12]",True,,,0.0,,,0.0
t2_vqa_grounding,hallu_000194_COCO_train2014_000000063860,COCO_train2014_000000063860.jpg,the catcher behind the batter,relation,person,1.0,2,0.20866563670960192,overlap,overlap,nonzero_remained_nonzero,0.8950741796049514,0.8730687645625591,-0.022005415042392285,"[131.0,253.0,283.0,600.0]","[134.0,256.0,280.0,597.0]","[133.59,246.2,293.0,603.9200000000001]",True,,,0.0,,,0.0
t2_vqa_grounding,hallu_000195_COCO_train2014_000000373580,COCO_train2014_000000373580.jpg,the person holding a tennis racket,relation,person,1.0,2,0.34300153125,overlap,overlap,nonzero_remained_nonzero,0.9360528288977911,0.950505534379086,0.014452705481294958,"[208.0,131.0,423.0,637.0]","[208.0,134.0,425.0,637.0]","[214.99,134.11,426.67,631.89]",True,,,0.0,,,0.0
t2_vqa_grounding,hallu_000197_COCO_train2014_000000196307,COCO_train2014_000000196307.jpg,the bottle next to the sink,relation,bottle,1.0,1,0.08757725097656253,overlap,overlap,nonzero_remained_nonzero,0.20098679510319942,0.20907458955163724,0.008087794448437824,"[268.0,0.0,346.0,262.0]","[268.0,0.0,347.0,265.0]","[314.69,8.97,410.84000000000003,288.78000000000003]",True,,,0.0,,,0.0
t2_vqa_grounding,hallu_000198_COCO_train2014_000000327579,COCO_train2014_000000327579.jpg,the person on the skateboard,relation,person,1.0,1,0.24927878424657535,overlap,overlap,nonzero_remained_nonzero,0.940162623216257,0.9544344726084573,0.014271849392200275,"[322.0,0.0,513.0,412.0]","[320.0,0.0,514.0,416.0]","[318.08,1.22,511.0,423.8]",True,,,0.0,,,0.0
t2_vqa_grounding,hallu_000207_COCO_train2014_000000232279,COCO_train2014_000000232279.jpg,the dining table with a tray on it,relation,dining table,1.0,1,0.2907001856,overlap,overlap,nonzero_remained_nonzero,0.7207120264470571,0.7293314513827034,0.00861942493564627,"[1.0,230.0,500.0,360.0]","[0.0,228.0,500.0,364.0]","[83.54,239.94,500.0,370.82]",True,,,0.0,,,0.0
t2_vqa_grounding,hallu_000213_COCO_train2014_000000165199,COCO_train2014_000000165199.jpg,the person next to the baseball glove,relation,person,1.0,1,0.38343462293632075,overlap,overlap,nonzero_remained_nonzero,0.016592648261449586,0.020226002310332926,0.00363335404888334,"[242.0,78.0,530.0,637.0]","[240.0,78.0,530.0,637.0]","[1.43,108.99,251.12,629.88]",True,,,0.0,,,0.0
t2_vqa_grounding,hallu_000214_COCO_train2014_000000088034,COCO_train2014_000000088034.jpg,the person standing next to the table,relation,person,1.0,2,0.06162159082031248,overlap,overlap,nonzero_remained_nonzero,0.935573721875562,0.045248993801759486,-0.8903247280738025,"[269.0,156.0,374.0,340.0]","[89.0,176.0,290.0,425.0]","[271.44,156.62,376.45,336.89]",True,,,0.0,,,0.0
t2_vqa_grounding,hallu_000215_COCO_train2014_000000106438,COCO_train2014_000000106438.jpg,the cell phone in the person's hand,relation,cell phone,1.0,1,0.38144350913203745,overlap,valid_zero,nonzero_regressed_to_zero,0.9363007015730535,0.0,-0.9363007015730535,"[331.0,25.0,639.0,312.0]","[0.0,14.0,278.0,269.0]","[328.43,26.16,634.5799999999999,323.59000000000003]",True,,,0.0,wrong_same_category_instance,cell phone,0.95806791308269
t2_vqa_grounding,hallu_000216_COCO_train2014_000000213146,COCO_train2014_000000213146.jpg,the person holding a tennis racket,relation,person,1.0,1,0.2320377741745283,overlap,valid_zero,nonzero_regressed_to_zero,0.9559064517434954,0.0,-0.9559064517434954,"[258.0,162.0,494.0,476.0]","[70.0,168.0,185.0,469.0]","[260.38,164.44,490.87,471.77]",True,,,0.0,wrong_same_category_instance,person,0.7720095809834921
t2_vqa_grounding,hallu_000218_COCO_train2014_000000010407,COCO_train2014_000000010407.jpg,the carrot next to the broccoli,relation,carrot,1.0,2,0.09953482421874998,overlap,overlap,nonzero_remained_nonzero,0.833477403969557,0.8728810365450749,0.03940363257551782,"[287.0,252.0,440.0,476.0]","[287.0,250.0,446.0,459.0]","[285.14,247.06,429.28999999999996,459.18]",True,,,0.0,,,0.0
t2_vqa_grounding,hallu_000221_COCO_train2014_000000110230,COCO_train2014_000000110230.jpg,the brown dog on the couch,relation,dog,1.0,1,0.06591571082746478,overlap,overlap,nonzero_remained_nonzero,0.9354994588892065,0.8289169336386972,-0.10658252525050926,"[129.0,161.0,330.0,252.0]","[129.0,160.0,354.0,252.0]","[130.55,164.04,329.81,254.23]",True,,,0.0,,,0.0
t2_vqa_grounding,hallu_000222_COCO_train2014_000000390969,COCO_train2014_000000390969.jpg,the person sitting on the bench,relation,person,1.0,3,0.22966268915662655,false_rejection,false_rejection,false_rejection_unchanged,0.0,0.0,0.0,null,null,"[109.46,107.86,297.3,310.82]",False,,,0.0,,,0.0
t2_vqa_grounding,hallu_000223_COCO_train2014_000000572245,COCO_train2014_000000572245.jpg,the person holding the hot dog,relation,person,1.0,1,0.6054220548349057,overlap,overlap,nonzero_remained_nonzero,0.9662888097430702,0.9590639195855083,-0.007224890157561892,"[254.0,1.0,640.0,415.0]","[256.0,0.0,640.0,415.0]","[245.42,2.39,640.0,418.75]",True,,,0.0,,,0.0
t2_vqa_grounding,hallu_000227_COCO_train2014_000000091056,COCO_train2014_000000091056.jpg,the person next to the wine glass,relation,person,1.0,3,0.20875403027343756,overlap,overlap,nonzero_remained_nonzero,0.9427954923058445,0.9603135249715226,0.017518032665678085,"[479.0,0.0,640.0,378.0]","[479.0,0.0,640.0,385.0]","[473.53,1.27,640.0,386.5]",True,,,0.0,,,0.0
t2_vqa_grounding,hallu_000228_COCO_train2014_000000113244,COCO_train2014_000000113244.jpg,the cake on the plate,relation,cake,1.0,3,0.10384068376068377,valid_zero,valid_zero,valid_zero_unresolved,0.0,0.0,0.0,"[319.0,260.0,640.0,468.0]","[49.0,67.0,265.0,230.0]","[49.43,276.59,243.99,436.45]",True,wrong_same_category_instance,cake,0.6708854601006471,wrong_same_category_instance,cake,0.7983512261706899
t2_vqa_grounding,hallu_000230_COCO_train2014_000000127841,COCO_train2014_000000127841.jpg,the child wearing a tie,relation,person,1.0,1,0.54441447265625,overlap,overlap,nonzero_remained_nonzero,0.9580984617160926,0.952718822868591,-0.005379638847501589,"[26.0,74.0,293.0,606.0]","[28.0,75.0,294.0,606.0]","[25.89,70.03,302.02,605.04]",True,,,0.0,,,0.0
t2_vqa_grounding,hallu_000233_COCO_train2014_000000377518,COCO_train2014_000000377518.jpg,the couch next to the window,relation,couch,1.0,1,0.1270010200058411,overlap,overlap,nonzero_remained_nonzero,0.1509128161944058,0.1467994065135683,-0.00411340968083751,"[116.0,234.0,376.0,352.0]","[116.0,234.0,378.0,350.0]","[0.23,280.73,236.45,428.0]",True,,,0.0,,,0.0
t2_vqa_grounding,hallu_000235_COCO_train2014_000000504211,COCO_train2014_000000504211.jpg,the batter holding the baseball bat,relation,person,1.0,2,0.09748623828124998,overlap,overlap,nonzero_remained_nonzero,0.9179676675097149,0.921820951210225,0.0038532837005100795,"[178.0,139.0,313.0,376.0]","[178.0,140.0,313.0,376.0]","[180.54,141.62,307.03,378.38]",True,,,0.0,,,0.0
t2_vqa_grounding,hallu_000238_COCO_train2014_000000503274,COCO_train2014_000000503274.jpg,the bed next to the window,relation,bed,1.0,1,0.0645120812677054,overlap,overlap,nonzero_remained_nonzero,0.8987299885726601,0.9101260978387686,0.011396109266108567,"[262.0,250.0,395.0,353.0]","[260.0,251.0,394.0,353.0]","[259.12,243.26,391.93,353.0]",True,,,0.0,,,0.0
t2_vqa_grounding,hallu_000239_COCO_train2014_000000541496,COCO_train2014_000000541496.jpg,the suitcase next to the backpack,relation,suitcase,1.0,3,0.07994581866197184,overlap,valid_zero,nonzero_regressed_to_zero,0.3475550800496907,0.0,-0.3475550800496907,"[170.0,61.0,254.0,290.0]","[245.0,186.0,640.0,415.0]","[120.08,70.62,218.24,292.67]",True,,,0.0,wrong_same_category_instance,suitcase,0.9561272671967842
t2_vqa_grounding,hallu_000241_COCO_train2014_000000059036,COCO_train2014_000000059036.jpg,the sandwich next to the bowl,relation,sandwich,1.0,1,0.23028244906666673,overlap,overlap,nonzero_remained_nonzero,0.03106328901537518,0.029458850554609,-0.0016044384607661819,"[173.0,53.0,375.0,210.0]","[174.0,50.0,380.0,216.0]","[29.49,74.16,189.61,343.82000000000005]",True,,,0.0,,,0.0
t2_vqa_grounding,hallu_000242_COCO_train2014_000000265274,COCO_train2014_000000265274.jpg,the person in front of the microwave,relation,person,1.0,1,0.1197741509433962,overlap,overlap,nonzero_remained_nonzero,0.9332336338006146,0.938469198675141,0.005235564874526366,"[404.0,245.0,599.0,415.0]","[405.0,246.0,598.0,415.0]","[403.99,248.68,594.55,419.24]",True,,,0.0,,,0.0
t2_vqa_grounding,hallu_000246_COCO_train2014_000000059816,COCO_train2014_000000059816.jpg,the couch next to the green sofa,relation,couch,1.0,1,0.22395381764705885,overlap,overlap,nonzero_remained_nonzero,0.9484965275665118,0.9522174332024099,0.0037209056358981085,"[0.0,165.0,247.0,415.0]","[0.0,167.0,248.0,415.0]","[0.92,168.99,243.64,419.96000000000004]",True,,,0.0,,,0.0
t2_vqa_grounding,hallu_000247_COCO_train2014_000000488066,COCO_train2014_000000488066.jpg,the teddy bear sitting on the chair,relation,teddy bear,1.0,1,0.07694651785714286,overlap,overlap,nonzero_remained_nonzero,0.6048191737372158,0.5971305943107208,-0.007688579426495035,"[288.0,80.0,462.0,273.0]","[289.0,79.0,460.0,275.0]","[285.63,83.19,397.19,271.68]",True,,,0.0,,,0.0
t2_vqa_grounding,hallu_000249_COCO_train2014_000000310457,COCO_train2014_000000310457.jpg,the chair next to the person,relation,chair,1.0,1,0.11883746332159621,overlap,overlap,nonzero_remained_nonzero,0.9780995184109452,0.9694551003208214,-0.00864441809012384,"[505.0,1.0,640.0,238.0]","[506.0,1.0,640.0,237.0]","[505.19,0.38,639.54,241.54]",True,,,0.0,,,0.0
t2_vqa_grounding,hallu_000250_COCO_train2014_000000490801,COCO_train2014_000000490801.jpg,the boy in front of the table,relation,person,1.0,3,0.20294767135665415,false_rejection,false_rejection,false_rejection_unchanged,0.0,0.0,0.0,null,null,"[392.42,259.71,609.31,622.16]",False,,,0.0,,,0.0
t2_vqa_grounding,hallu_000252_COCO_train2014_000000480240,COCO_train2014_000000480240.jpg,the catcher behind the batter,relation,person,1.0,2,0.17171742391304345,overlap,overlap,nonzero_remained_nonzero,0.8546129996749088,0.8609166339231236,0.0063036342482147845,"[324.0,149.0,448.0,540.0]","[325.0,149.0,448.0,540.0]","[329.33,146.69,460.0,533.5699999999999]",True,,,0.0,,,0.0
t2_vqa_grounding,hallu_000253_COCO_train2014_000000518265,COCO_train2014_000000518265.jpg,the person holding the frisbee,relation,person,1.0,3,0.13865105971896957,overlap,overlap,nonzero_remained_nonzero,0.45180244952222137,0.4604180090248065,0.008615559502585135,"[222.0,142.0,345.0,403.0]","[224.0,142.0,350.0,403.0]","[195.27,97.87,366.55,319.09000000000003]",True,,,0.0,,,0.0
t2_vqa_grounding,hallu_000254_COCO_train2014_000000208379,COCO_train2014_000000208379.jpg,the person kneeling on the floor,relation,person,1.0,1,0.2545713561197917,overlap,overlap,nonzero_remained_nonzero,0.8799153481042772,0.8799153481042772,0.0,"[129.0,10.0,310.0,396.0]","[129.0,10.0,310.0,396.0]","[108.7,10.71,308.88,401.38]",True,,,0.0,,,0.0
t2_vqa_grounding,hallu_000255_COCO_train2014_000000207935,COCO_train2014_000000207935.jpg,the person jumping in front of the toilet,relation,person,1.0,2,0.40873047352941183,overlap,overlap,nonzero_remained_nonzero,0.9276724224346372,0.9259462233977194,-0.0017261990369178415,"[14.0,120.0,244.0,575.0]","[15.0,120.0,246.0,578.0]","[7.13,115.46,250.87,571.58]",True,,,0.0,,,0.0
t2_vqa_grounding,hallu_000257_COCO_train2014_000000433662,COCO_train2014_000000433662.jpg,the elephant next to the person,relation,elephant,1.0,2,0.18457527142018781,overlap,overlap,nonzero_remained_nonzero,0.6666705027650379,0.12348213073441831,-0.5431883720306196,"[1.0,145.0,379.0,336.0]","[224.0,150.0,379.0,320.0]","[1.91,157.0,275.70000000000005,340.8]",True,,,0.0,,,0.0
t2_vqa_grounding,hallu_000260_COCO_train2014_000000107970,COCO_train2014_000000107970.jpg,the child sitting on the bench,relation,person,1.0,1,0.15597687326869805,overlap,overlap,nonzero_remained_nonzero,0.9267178344706749,0.741924004635302,-0.18479382983537296,"[149.0,140.0,327.0,341.0]","[149.0,140.0,285.0,341.0]","[144.56,136.56,323.03999999999996,338.47]",True,,,0.0,,,0.0
t2_vqa_grounding,hallu_000261_COCO_train2014_000000036046,COCO_train2014_000000036046.jpg,the chair next to the person,relation,chair,1.0,1,0.2541748792447307,valid_zero,valid_zero,valid_zero_unresolved,0.0,0.0,0.0,"[313.0,53.0,582.0,415.0]","[478.0,56.0,580.0,269.0]","[62.37,87.32,283.07,402.05]",True,wrong_same_category_instance,chair,0.9403752203359746,partial_or_oversized_region,chair,0.21480379504141808
t2_vqa_grounding,hallu_000263_COCO_train2014_000000474004,COCO_train2014_000000474004.jpg,the chair in front of the desk,relation,chair,1.0,1,0.15891446484375002,overlap,overlap,nonzero_remained_nonzero,0.980927754455973,0.9812348455375035,0.00030709108153048614,"[385.0,234.0,588.0,476.0]","[384.0,235.0,590.0,476.0]","[383.78,236.22,588.11,475.14]",True,,,0.0,,,0.0
t2_vqa_grounding,hallu_000264_COCO_train2014_000000329508,COCO_train2014_000000329508.jpg,the broccoli next to the carrot,relation,broccoli,1.0,1,0.28660824609375,overlap,overlap,nonzero_remained_nonzero,0.9086672580020558,0.9264508518746871,0.017783593872631287,"[39.0,162.0,340.0,476.0]","[40.0,165.0,338.0,476.0]","[44.05,169.41,327.53000000000003,480.0]",True,,,0.0,,,0.0
t2_vqa_grounding,hallu_000265_COCO_train2014_000000189156,COCO_train2014_000000189156.jpg,the chair in front of the desk,relation,chair,1.0,1,0.06825399609374999,overlap,overlap,nonzero_remained_nonzero,0.928922009569378,0.8987579873121193,-0.03016402225725867,"[176.0,344.0,347.0,476.0]","[176.0,345.0,348.0,470.0]","[178.2,349.53,345.06,475.18999999999994]",True,,,0.0,,,0.0
t2_vqa_grounding,hallu_000267_COCO_train2014_000000404812,COCO_train2014_000000404812.jpg,the person sitting on the couch,relation,person,1.0,1,0.18781201866113745,valid_zero,valid_zero,valid_zero_unresolved,0.0,0.0,0.0,"[10.0,15.0,225.0,415.0]","[10.0,15.0,226.0,415.0]","[393.55,7.43,617.35,234.08]",True,wrong_same_category_instance,person,0.9473161290131515,wrong_same_category_instance,person,0.9517862881723302
t2_vqa_grounding,hallu_000270_COCO_train2014_000000553413,COCO_train2014_000000553413.jpg,the person in front of the hot dog,relation,person,1.0,3,0.2627920185546875,overlap,overlap,nonzero_remained_nonzero,0.29528583193773833,0.30104977113301107,0.005763939195272738,"[158.0,0.0,600.0,476.0]","[158.0,0.0,604.0,476.0]","[415.17,114.7,640.0,473.77]",True,,,0.0,,,0.0
t2_vqa_grounding,hallu_000273_COCO_train2014_000000220037,COCO_train2014_000000220037.jpg,the dining table in front of the bench,relation,dining table,1.0,3,0.2599775501302083,overlap,overlap,nonzero_remained_nonzero,0.6133112734815721,0.5759881452983293,-0.03732312818324279,"[2.0,330.0,378.0,476.0]","[40.0,335.0,378.0,476.0]","[19.47,309.56,508.45000000000005,472.89]",True,,,0.0,,,0.0
t2_vqa_grounding,hallu_000274_COCO_train2014_000000243824,COCO_train2014_000000243824.jpg,the bottle next to the pepper grinder,relation,bottle,1.0,1,0.0509403365885417,overlap,overlap,nonzero_remained_nonzero,0.8684168980764974,0.9193959586647444,0.05097906058824708,"[222.0,253.0,303.0,460.0]","[224.0,253.0,303.0,467.0]","[226.01,260.02,301.35,467.73]",True,,,0.0,,,0.0
t2_vqa_grounding,hallu_000275_COCO_train2014_000000078880,COCO_train2014_000000078880.jpg,the chair next to the stack of suitcases,relation,chair,1.0,2,0.05178745013333334,overlap,overlap,nonzero_remained_nonzero,0.9265259773361633,0.6990342213404245,-0.2274917559957388,"[348.0,224.0,434.0,330.0]","[345.0,206.0,434.0,317.0]","[346.75,224.03,433.44,336.04]",True,,,0.0,,,0.0
t2_vqa_grounding,hallu_000277_COCO_train2014_000000153591,COCO_train2014_000000153591.jpg,the wine glass in front of the person,relation,wine glass,1.0,1,0.11681361424180324,valid_zero,valid_zero,valid_zero_unresolved,0.0,0.0,0.0,"[38.0,99.0,200.0,637.0]","[40.0,98.0,200.0,637.0]","[284.57,150.14,411.91999999999996,400.80999999999995]",True,wrong_same_category_instance,wine glass,0.9517030177309075,wrong_same_category_instance,wine glass,0.9641453185026435
t2_vqa_grounding,hallu_000278_COCO_train2014_000000276244,COCO_train2014_000000276244.jpg,the television in front of the person,relation,tv,1.0,1,0.11851007291666667,overlap,overlap,nonzero_remained_nonzero,0.900700009896091,0.900700009896091,0.0,"[205.0,132.0,440.0,304.0]","[205.0,134.0,440.0,306.0]","[207.1,135.73,433.62,296.45]",True,,,0.0,,,0.0
t2_vqa_grounding,hallu_000282_COCO_train2014_000000555613,COCO_train2014_000000555613.jpg,the car next to the surfboard,relation,car,1.0,1,0.15578915294117646,overlap,overlap,nonzero_remained_nonzero,0.16309278687580367,0.8226268247881757,0.6595340379123721,"[10.0,10.0,500.0,374.0]","[0.0,80.0,145.0,346.0]","[0.92,79.77,125.61,334.65]",True,,,0.0,,,0.0
t2_vqa_grounding,hallu_000288_COCO_train2014_000000154912,COCO_train2014_000000154912.jpg,the hot dog next to the fries,relation,hot dog,1.0,1,0.3546443209696262,overlap,overlap,nonzero_remained_nonzero,0.9348680997033763,0.943852711745258,0.008984612041881723,"[189.0,34.0,495.0,344.0]","[189.0,35.0,496.0,347.0]","[179.26,37.26,491.44,348.44]",True,,,0.0,,,0.0
t2_vqa_grounding,hallu_000290_COCO_train2014_000000372156,COCO_train2014_000000372156.jpg,the cake on the table,relation,cake,1.0,1,0.18819322493489582,overlap,overlap,nonzero_remained_nonzero,0.517092042324067,0.9251084283594506,0.4080163860353836,"[112.0,245.0,596.0,476.0]","[170.0,284.0,496.0,450.0]","[167.19,283.69,494.02,460.58]",True,,,0.0,,,0.0
t2_vqa_grounding,hallu_000291_COCO_train2014_000000050597,COCO_train2014_000000050597.jpg,the girl in the blue dress,relation,person,1.0,2,0.43121267578125005,overlap,overlap,nonzero_remained_nonzero,0.9769049716942685,0.9629078718180044,-0.013997099876264074,"[327.0,56.0,640.0,476.0]","[327.0,56.0,640.0,470.0]","[325.11,58.26,639.21,480.0]",True,,,0.0,,,0.0
t2_vqa_grounding,hallu_000294_COCO_train2014_000000231414,COCO_train2014_000000231414.jpg,the dog in front of the person,relation,dog,1.0,1,0.20081162424242424,overlap,overlap,nonzero_remained_nonzero,0.9476551117335649,0.9420440422238807,-0.005611069509684152,"[225.0,38.0,366.0,284.0]","[224.0,40.0,365.0,284.0]","[227.0,40.77,366.57,278.17]",True,,,0.0,,,0.0
t2_vqa_grounding,hallu_000296_COCO_train2014_000000299085,COCO_train2014_000000299085.jpg,the person next to the dining table,relation,person,1.0,3,0.5195232453893442,false_rejection,false_rejection,false_rejection_unchanged,0.0,0.0,0.0,null,null,"[281.25,31.25,640.0,427.0]",False,,,0.0,,,0.0
t2_vqa_grounding,hallu_000298_COCO_train2014_000000486567,COCO_train2014_000000486567.jpg,the umbrella above the flowers,relation,umbrella,1.0,2,0.570854517578125,overlap,overlap,nonzero_remained_nonzero,0.36740958761617226,0.3761286037776605,0.008719016161488236,"[238.0,0.0,640.0,181.0]","[240.0,0.0,640.0,185.0]","[267.98,1.79,640.0,473.18]",True,,,0.0,,,0.0
t2_vqa_grounding,hallu_000299_COCO_train2014_000000071646,COCO_train2014_000000071646.jpg,the zebra next to the giraffe,relation,zebra,1.0,1,0.07000921106557378,overlap,overlap,nonzero_remained_nonzero,0.9146649449497577,0.9087970080114304,-0.005867936938327323,"[300.0,241.0,450.0,378.0]","[301.0,241.0,450.0,378.0]","[298.64,246.02,447.02,374.96000000000004]",True,,,0.0,,,0.0
t2_vqa_grounding,hallu_000300_COCO_train2014_000000445990,COCO_train2014_000000445990.jpg,the person next to the snowboard,relation,person,1.0,2,0.1041211236447704,overlap,overlap,nonzero_remained_nonzero,0.049478179870491835,0.07321200769569618,0.02373382782520434,"[214.0,108.0,330.0,345.0]","[208.0,107.0,334.0,346.0]","[105.41,128.22,225.66,345.45]",True,,,0.0,,,0.0
t2_vqa_grounding,hallu_000301_COCO_train2014_000000242193,COCO_train2014_000000242193.jpg,the traffic light on the yellow pole,relation,traffic light,1.0,2,0.06360346421252927,overlap,overlap,nonzero_remained_nonzero,0.9693466087728271,0.9527137839731837,-0.016632824799643342,"[48.0,86.0,150.0,254.0]","[48.0,86.0,150.0,257.0]","[47.97,84.94,151.66,252.57]",True,,,0.0,,,0.0
t2_vqa_grounding,hallu_000302_COCO_train2014_000000280409,COCO_train2014_000000280409.jpg,the person next to the giraffe,relation,person,1.0,1,0.12570127445652174,overlap,overlap,nonzero_remained_nonzero,0.7173019441175292,0.7347517856329527,0.017449841515423503,"[410.0,241.0,623.0,448.0]","[409.0,245.0,623.0,448.0]","[404.79,247.86,579.25,459.98]",True,,,0.0,,,0.0
t2_vqa_grounding,hallu_000303_COCO_train2014_000000024706,COCO_train2014_000000024706.jpg,the person holding a tennis racket,relation,person,1.0,3,0.11074640948275863,valid_zero,overlap,valid_zero_recovered,0.0,0.8802201698277252,0.8802201698277252,"[133.0,52.0,250.0,332.0]","[450.0,56.0,562.0,337.0]","[444.75,53.74,558.87,323.91]",True,wrong_same_category_instance,person,0.937218812004894,,,0.0
t2_vqa_grounding,hallu_000304_COCO_train2014_000000419085,COCO_train2014_000000419085.jpg,the wine glass next to the knife,relation,wine glass,1.0,2,0.21324605532786886,overlap,overlap,nonzero_remained_nonzero,0.9616618452983161,0.9593678787048623,-0.0022939665934538223,"[46.0,45.0,188.0,455.0]","[47.0,45.0,189.0,456.0]","[45.22,48.8,190.12,450.98]",True,,,0.0,,,0.0
t2_vqa_grounding,hallu_000308_COCO_train2014_000000307730,COCO_train2014_000000307730.jpg,the person next to the backpack,relation,person,1.0,3,0.31860300411374126,overlap,overlap,nonzero_remained_nonzero,0.1272876840183639,0.12750460874467479,0.00021692472631087978,"[154.0,77.0,426.0,415.0]","[154.0,78.0,426.0,415.0]","[358.24,114.67,639.79,428.26]",True,,,0.0,,,0.0
t2_vqa_grounding,hallu_000309_COCO_train2014_000000387365,COCO_train2014_000000387365.jpg,the person in the black suit with a blue tie,relation,person,1.0,1,0.36499242735105136,overlap,overlap,nonzero_remained_nonzero,0.9594936309165856,0.9495897730801638,-0.009903857836421781,"[45.0,160.0,252.0,637.0]","[46.0,159.0,250.0,637.0]","[45.64,165.47,256.33,640.0]",True,,,0.0,,,0.0
t2_vqa_grounding,hallu_000310_COCO_train2014_000000372790,COCO_train2014_000000372790.jpg,the umbrella held by the person,relation,umbrella,1.0,1,0.13947459895833333,valid_zero,overlap,valid_zero_recovered,0.0,0.7862180096676442,0.7862180096676442,"[263.0,10.0,476.0,308.0]","[0.0,0.0,204.0,265.0]","[0.03,0.0,204.92,209.12]",True,wrong_same_category_instance,umbrella,0.9234129696001783,,,0.0
t2_vqa_grounding,hallu_000312_COCO_train2014_000000319430,COCO_train2014_000000319430.jpg,the wine glass in the person's hand,relation,wine glass,1.0,2,0.380240478515625,overlap,overlap,nonzero_remained_nonzero,0.9316440700432586,0.9560330777913961,0.02438900774813757,"[135.0,92.0,354.0,627.0]","[140.0,95.0,356.0,627.0]","[140.31,90.34,360.81,620.09]",True,,,0.0,,,0.0
t2_vqa_grounding,hallu_000316_COCO_train2014_000000449171,COCO_train2014_000000449171.jpg,the person in front of the snowboard,relation,person,1.0,2,0.20802579359999998,overlap,overlap,nonzero_remained_nonzero,0.890904490166181,0.8920812623525568,0.0011767721863757963,"[61.0,161.0,250.0,364.0]","[64.0,160.0,257.0,364.0]","[66.01,165.87,252.51999999999998,375.0]",True,,,0.0,,,0.0
t2_vqa_grounding,hallu_000320_COCO_train2014_000000252069,COCO_train2014_000000252069.jpg,the person sitting on the couch,relation,person,1.0,2,0.46889090104166675,overlap,overlap,nonzero_remained_nonzero,0.8615872792853617,0.30947309107473414,-0.5521141882106275,"[214.0,60.0,620.0,464.0]","[0.0,69.0,415.0,387.0]","[209.87,66.3,616.6800000000001,420.38]",True,,,0.0,,,0.0
t2_vqa_grounding,hallu_000321_COCO_train2014_000000573724,COCO_train2014_000000573724.jpg,the chair next to the table,relation,chair,1.0,2,0.11260071874999997,valid_zero,valid_zero,valid_zero_unresolved,0.0,0.0,0.0,"[448.0,210.0,575.0,402.0]","[448.0,209.0,576.0,402.0]","[182.96,236.83,376.4,415.65]",True,wrong_same_category_instance,chair,0.9062886396406818,wrong_same_category_instance,chair,0.9181821913420031
t2_vqa_grounding,hallu_000322_COCO_train2014_000000333335,COCO_train2014_000000333335.jpg,the bicycle next to the bench,relation,bicycle,1.0,1,0.281459302734375,overlap,overlap,nonzero_remained_nonzero,0.9626394935497866,0.9560649321804532,-0.0065745613693334315,"[245.0,229.0,623.0,459.0]","[246.0,229.0,625.0,458.0]","[247.21,228.67,617.0,462.49]",True,,,0.0,,,0.0
t2_vqa_grounding,hallu_000323_COCO_train2014_000000547066,COCO_train2014_000000547066.jpg,the cake in front of the spoon,relation,cake,1.0,2,0.13940202356557374,overlap,overlap,nonzero_remained_nonzero,0.02996417542027859,0.03241991559033961,0.002455740170061022,"[147.0,112.0,373.0,363.0]","[145.0,110.0,376.0,368.0]","[337.29,3.19,542.04,189.25]",True,,,0.0,,,0.0
t2_vqa_grounding,hallu_000324_COCO_train2014_000000372748,COCO_train2014_000000372748.jpg,the spoon in the child's hand,relation,spoon,1.0,1,0.063564288,overlap,valid_zero,nonzero_regressed_to_zero,0.02092585993803201,0.0,-0.02092585993803201,"[338.0,265.0,360.0,277.0]","[65.0,270.0,84.0,290.0]","[84.78,265.65,363.17999999999995,308.46]",True,,,0.0,background_or_unannotated,,0.020903903145439467
t2_vqa_grounding,hallu_000326_COCO_train2014_000000142981,COCO_train2014_000000142981.jpg,the boy in the blue shirt,attribute,person,1.0,1,0.4789249795081968,overlap,overlap,nonzero_remained_nonzero,0.29564118624372626,0.2941622598807469,-0.0014789263629793603,"[64.0,26.0,321.0,562.0]","[65.0,27.0,320.0,564.0]","[206.64,0.0,427.0,593.94]",True,,,0.0,,,0.0
t2_vqa_grounding,hallu_000329_COCO_train2014_000000383576,COCO_train2014_000000383576.jpg,the couch in front of the table,relation,couch,1.0,1,0.09153449970657276,false_rejection,false_rejection,false_rejection_unchanged,0.0,0.0,0.0,null,null,"[199.72,172.49,415.91999999999996,287.92]",False,,,0.0,,,0.0
t2_vqa_grounding,hallu_000332_COCO_train2014_000000028824,COCO_train2014_000000028824.jpg,the person sitting in front of the laptop,relation,person,1.0,3,0.4299226829625293,overlap,overlap,nonzero_remained_nonzero,0.5470619370543693,0.8664673019906319,0.3194053649362626,"[350.0,24.0,548.0,370.0]","[389.0,0.0,640.0,415.0]","[357.91,1.92,638.1,421.24]",True,,,0.0,,,0.0
t2_vqa_grounding,hallu_000335_COCO_train2014_000000500400,COCO_train2014_000000500400.jpg,the pizza in front of the person,relation,pizza,1.0,1,0.35757989257812495,valid_zero,valid_zero,valid_zero_unresolved,0.0,0.0,0.0,"[150.0,291.0,392.0,371.0]","[150.0,294.0,387.0,369.0]","[34.52,371.06,442.96999999999997,640.0]",True,wrong_same_category_instance,pizza,0.7792065810979087,wrong_same_category_instance,pizza,0.7778934454602836
t2_vqa_grounding,hallu_000338_COCO_train2014_000000277202,COCO_train2014_000000277202.jpg,the person holding a wine glass,relation,person,1.0,1,0.6415124993489583,overlap,overlap,nonzero_remained_nonzero,0.978140185507542,0.983926605159719,0.005786419652176966,"[132.0,50.0,469.0,637.0]","[134.0,50.0,469.0,637.0]","[134.89,47.52,470.66999999999996,634.43]",True,,,0.0,,,0.0
t2_vqa_grounding,hallu_000339_COCO_train2014_000000416018,COCO_train2014_000000416018.jpg,the person holding the remote,relation,person,1.0,3,0.23160130664062503,overlap,overlap,nonzero_remained_nonzero,0.9490975264508805,0.9561634607355461,0.00706593428466562,"[266.0,297.0,476.0,637.0]","[267.0,298.0,476.0,635.0]","[267.51,293.39,478.91999999999996,629.9300000000001]",True,,,0.0,,,0.0
t2_vqa_grounding,hallu_000342_COCO_train2014_000000242350,COCO_train2014_000000242350.jpg,the teddy bear next to the brown teddy bear,relation,teddy bear,1.0,3,0.587848354491018,overlap,overlap,nonzero_remained_nonzero,0.1263904420113175,0.9265643100853982,0.8001738680740806,"[248.0,47.0,443.0,332.0]","[0.0,14.0,295.0,334.0]","[0.75,10.51,309.23,328.75]",True,,,0.0,,,0.0
t2_vqa_grounding,hallu_000343_COCO_train2014_000000502407,COCO_train2014_000000502407.jpg,the sandwich next to the broccoli,relation,sandwich,1.0,3,0.08372364908854166,overlap,overlap,nonzero_remained_nonzero,0.022954802588101994,0.023015466033418794,6.066344531679979e-05,"[288.0,196.0,467.0,319.0]","[289.0,196.0,467.0,319.0]","[299.1,312.62,513.88,432.37]",True,,,0.0,,,0.0
t2_vqa_grounding,hallu_000344_COCO_train2014_000000233485,COCO_train2014_000000233485.jpg,the laptop on the bed,relation,laptop,1.0,1,0.05340799224028718,valid_zero,valid_zero,valid_zero_unresolved,0.0,0.0,0.0,"[229.0,226.0,425.0,356.0]","[230.0,226.0,425.0,357.0]","[478.92,408.19,615.95,555.86]",True,wrong_same_category_instance,laptop,0.8543138691732489,wrong_same_category_instance,laptop,0.8575373496854385
t2_vqa_grounding,hallu_000345_COCO_train2014_000000033896,COCO_train2014_000000033896.jpg,the person next to the dining table,relation,person,1.0,1,0.4366629696,false_rejection,false_rejection,false_rejection_unchanged,0.0,0.0,0.0,null,null,"[0.0,40.71,244.92,375.0]",False,,,0.0,,,0.0
t2_vqa_grounding,hallu_000348_COCO_train2014_000000485491,COCO_train2014_000000485491.jpg,the train next to the platform,relation,train,1.0,1,0.1671101214871194,overlap,overlap,nonzero_remained_nonzero,0.4860350574712643,0.4258313192346424,-0.060203738236621895,"[316.0,50.0,640.0,340.0]","[309.0,54.0,640.0,378.0]","[317.61,70.05,502.8,316.65]",True,,,0.0,,,0.0
t2_vqa_grounding,hallu_000349_COCO_train2014_000000291493,COCO_train2014_000000291493.jpg,the dining table with the sandwich and chips,relation,dining table,1.0,1,0.29957250878906244,overlap,overlap,nonzero_remained_nonzero,0.3020899248293067,0.3020899248293067,0.0,"[0.0,0.0,640.0,476.0]","[0.0,0.0,640.0,476.0]","[420.67,50.77,640.0,470.35999999999996]",True,,,0.0,,,0.0
t2_vqa_grounding,hallu_000350_COCO_train2014_000000448739,COCO_train2014_000000448739.jpg,the person holding the cell phone,relation,person,1.0,1,0.12525603227459017,overlap,overlap,nonzero_remained_nonzero,0.9209450776080551,0.9537242599698299,0.032779182361774795,"[1.0,28.0,118.0,338.0]","[5.0,28.0,117.0,340.0]","[8.77,27.38,117.8,341.33]",True,,,0.0,,,0.0
t2_vqa_grounding,hallu_000357_COCO_train2014_000000228119,COCO_train2014_000000228119.jpg,the person holding the bottle,relation,person,1.0,1,0.668920336,overlap,overlap,nonzero_remained_nonzero,0.9571715753755535,0.946702463730065,-0.010469111645488582,"[52.0,37.0,428.0,360.0]","[54.0,38.0,429.0,360.0]","[51.64,34.49,425.78999999999996,369.71000000000004]",True,,,0.0,,,0.0
t2_vqa_grounding,hallu_000362_COCO_train2014_000000042585,COCO_train2014_000000042585.jpg,the bowl of cherry tomatoes on the table,relation,bowl,1.0,3,0.20997853962988824,overlap,overlap,nonzero_remained_nonzero,0.047403832718457065,0.04151006841985063,-0.005893764298606434,"[237.0,10.0,385.0,190.0]","[240.0,15.0,386.0,190.0]","[41.74,40.9,259.69,261.64]",True,,,0.0,,,0.0
t2_vqa_grounding,hallu_000364_COCO_train2014_000000168161,COCO_train2014_000000168161.jpg,the chair next to the person,relation,chair,1.0,3,0.06272093676814988,false_rejection,false_rejection,false_rejection_unchanged,0.0,0.0,0.0,null,null,"[478.49,0.0,616.73,123.99]",False,,,0.0,,,0.0
t2_vqa_grounding,hallu_000365_COCO_train2014_000000207010,COCO_train2014_000000207010.jpg,the person holding the remote,relation,person,1.0,1,0.2542907564252337,overlap,overlap,nonzero_remained_nonzero,0.8528307364317433,0.9413105262782646,0.08847978984652127,"[206.0,141.0,484.0,415.0]","[206.0,141.0,457.0,415.0]","[204.86,142.19,452.04,423.99]",True,,,0.0,,,0.0
t2_vqa_grounding,hallu_000367_COCO_train2014_000000115056,COCO_train2014_000000115056.jpg,the person lying on the grass,relation,person,1.0,2,0.15470761197306795,overlap,overlap,nonzero_remained_nonzero,0.6958392369854673,0.6914351911817618,-0.00440404580370557,"[0.0,195.0,387.0,352.0]","[0.0,196.0,387.0,354.0]","[0.0,199.24,348.43,320.58000000000004]",True,,,0.0,,,0.0
t2_vqa_grounding,hallu_000369_COCO_train2014_000000167927,COCO_train2014_000000167927.jpg,the person with white shirt,attribute,person,1.0,2,0.05585136983240223,overlap,overlap,nonzero_remained_nonzero,0.7989920439334994,0.752738846624991,-0.04625319730850841,"[46.0,134.0,113.0,287.0]","[46.0,135.0,117.0,289.0]","[39.12,134.94,107.6,280.93]",True,,,0.0,,,0.0
t2_vqa_grounding,hallu_000372_COCO_train2014_000000121052,COCO_train2014_000000121052.jpg,the person holding the umbrella,relation,person,1.0,1,0.5230479804870892,overlap,overlap,nonzero_remained_nonzero,0.9615512171242161,0.9562629431505527,-0.005288273973663382,"[0.0,16.0,352.0,415.0]","[0.0,16.0,354.0,415.0]","[0.0,18.77,350.18,426.0]",True,,,0.0,,,0.0
t2_vqa_grounding,hallu_000375_COCO_train2014_000000246539,COCO_train2014_000000246539.jpg,the person's foot next to the apple,relation,person,1.0,1,0.06476424218750002,valid_zero,valid_zero,valid_zero_unresolved,0.0,0.0,0.0,"[0.0,66.0,199.0,165.0]","[0.0,67.0,198.0,165.0]","[0.0,281.53,194.16,384.0]",True,wrong_same_category_instance,person,0.9412995459138,wrong_same_category_instance,person,0.9526001237678996
t2_vqa_grounding,hallu_000378_COCO_train2014_000000442467,COCO_train2014_000000442467.jpg,the person with green shirt,relation,person,1.0,3,0.12249906055900625,overlap,overlap,nonzero_remained_nonzero,0.8768412252942303,0.8722473669461961,-0.004593858348034163,"[258.0,159.0,369.0,476.0]","[258.0,160.0,370.0,476.0]","[248.72,162.42,366.84000000000003,483.0]",True,,,0.0,,,0.0
t2_vqa_grounding,hallu_000379_COCO_train2014_000000560009,COCO_train2014_000000560009.jpg,the car behind the fence,relation,car,1.0,2,0.06639872255489024,overlap,overlap,nonzero_remained_nonzero,0.715013160459299,0.7888723284422708,0.07385916798297187,"[290.0,192.0,475.0,347.0]","[294.0,187.0,450.0,360.0]","[302.4,188.82,446.71999999999997,336.34000000000003]",True,,,0.0,,,0.0
t2_vqa_grounding,hallu_000381_COCO_train2014_000000451336,COCO_train2014_000000451336.jpg,the person holding the cell phone,relation,person,1.0,1,0.625746502102102,overlap,overlap,nonzero_remained_nonzero,0.6237325949601441,0.5323187901572223,-0.09141380480292183,"[0.0,1.0,333.0,498.0]","[0.0,69.0,245.0,498.0]","[37.87,146.98,333.0,500.0]",True,,,0.0,,,0.0
t2_vqa_grounding,hallu_000385_COCO_train2014_000000009488,COCO_train2014_000000009488.jpg,the person sitting on the bench,relation,person,1.0,3,0.12422373493333332,overlap,overlap,nonzero_remained_nonzero,0.839160718248574,0.8176503167054548,-0.021510401543119118,"[300.0,63.0,423.0,248.0]","[297.0,64.0,425.0,248.0]","[299.66,64.97,414.79,267.28]",True,,,0.0,,,0.0
t2_vqa_grounding,hallu_000386_COCO_train2014_000000182642,COCO_train2014_000000182642.jpg,the motorcycle in front of the person,relation,motorcycle,1.0,1,0.11104977278645833,overlap,overlap,nonzero_remained_nonzero,0.0738452867770963,0.071155376692167,-0.0026899100849293034,"[36.0,137.0,574.0,476.0]","[36.0,140.0,578.0,476.0]","[225.44,26.97,400.18,222.2]",True,,,0.0,,,0.0
t2_vqa_grounding,hallu_000388_COCO_train2014_000000211080,COCO_train2014_000000211080.jpg,the person in front of the snowboard,relation,person,1.0,2,0.08990887044270833,overlap,overlap,nonzero_remained_nonzero,0.9409791195580898,0.9409791195580898,0.0,"[254.0,140.0,347.0,452.0]","[254.0,140.0,347.0,452.0]","[253.48,143.53,343.01,452.03]",True,,,0.0,,,0.0
t2_vqa_grounding,hallu_000393_COCO_train2014_000000158293,COCO_train2014_000000158293.jpg,the glass of water next to the beer,relation,cup,1.0,1,0.09256820312499998,overlap,overlap,nonzero_remained_nonzero,0.8816455821069714,0.8666141029125156,-0.015031479194455799,"[29.0,0.0,145.0,204.0]","[30.0,0.0,145.0,206.0]","[23.01,0.0,153.89,202.79]",True,,,0.0,,,0.0
t2_vqa_grounding,hallu_000395_COCO_train2014_000000347048,COCO_train2014_000000347048.jpg,the elephant in front of the person,relation,elephant,1.0,1,0.6087765632318501,overlap,overlap,nonzero_remained_nonzero,0.9667521359750101,0.9751288857455589,0.008376749770548808,"[0.0,0.0,342.0,482.0]","[0.0,0.0,345.0,482.0]","[0.0,1.44,349.48,477.48]",True,,,0.0,,,0.0
t2_vqa_grounding,hallu_000400_COCO_train2014_000000044286,COCO_train2014_000000044286.jpg,the TV on top of the speakers,relation,tv,1.0,1,0.07188866699218749,overlap,overlap,nonzero_remained_nonzero,0.9894354166666666,0.9423194444444444,-0.04711597222222219,"[154.0,0.0,340.0,120.0]","[154.0,0.0,340.0,126.0]","[154.25,0.27,338.7,120.0]",True,,,0.0,,,0.0
t2_vqa_grounding,hallu_000402_COCO_train2014_000000125120,COCO_train2014_000000125120.jpg,the person next to the dining table,relation,person,1.0,2,0.09070353678385419,false_rejection,false_rejection,false_rejection_unchanged,0.0,0.0,0.0,null,null,"[15.64,110.94,161.87,301.49]",False,,,0.0,,,0.0
t2_vqa_grounding,hallu_000403_COCO_train2014_000000004578,COCO_train2014_000000004578.jpg,the dining table next to the window,relation,dining table,1.0,2,0.04979997786458333,valid_zero,valid_zero,valid_zero_unresolved,0.0,0.0,0.0,"[388.0,352.0,640.0,476.0]","[405.0,356.0,640.0,476.0]","[1.25,253.09,93.51,418.90999999999997]",True,wrong_same_category_instance,dining table,0.9708679477660372,wrong_same_category_instance,dining table,0.8863576363538502
t2_vqa_grounding,hallu_000406_COCO_train2014_000000201184,COCO_train2014_000000201184.jpg,the person sitting on the couch,relation,person,1.0,2,0.1708077610677083,overlap,overlap,nonzero_remained_nonzero,0.9085303008434236,0.8944504679801866,-0.014079832863236996,"[62.0,58.0,220.0,364.0]","[64.0,58.0,217.0,369.0]","[60.13,60.24,229.79999999999998,369.5]",True,,,0.0,,,0.0
t2_vqa_grounding,hallu_000407_COCO_train2014_000000493699,COCO_train2014_000000493699.jpg,the dining table with a white tablecloth,attribute,dining table,1.0,2,0.0938597775175644,overlap,overlap,nonzero_remained_nonzero,0.8131003782173576,0.8228796637675087,0.009779285550151062,"[0.0,264.0,153.0,415.0]","[0.0,265.0,154.0,415.0]","[0.0,272.1,171.0,422.1]",True,,,0.0,,,0.0
t2_vqa_grounding,hallu_000408_COCO_train2014_000000324252,COCO_train2014_000000324252.jpg,the person on the skateboard,relation,person,1.0,1,0.2757874471830986,overlap,overlap,nonzero_remained_nonzero,0.9486816888314079,0.03548672292016599,-0.9131949659112419,"[348.0,89.0,611.0,378.0]","[104.0,135.0,368.0,360.0]","[347.5,91.61,605.02,383.59000000000003]",True,,,0.0,,,0.0
t2_vqa_grounding,hallu_000415_COCO_train2014_000000450270,COCO_train2014_000000450270.jpg,the cat sitting under the table,relation,cat,1.0,1,0.12599587890625,overlap,overlap,nonzero_remained_nonzero,0.9147928034826873,0.8962131697275295,-0.01857963375515781,"[174.0,114.0,384.0,309.0]","[174.0,109.0,385.0,309.0]","[176.25,124.73,387.55,307.91]",True,,,0.0,,,0.0
t2_vqa_grounding,hallu_000418_COCO_train2014_000000431704,COCO_train2014_000000431704.jpg,the dining table with a bowl and donuts,relation,dining table,1.0,1,0.061502817708333345,overlap,overlap,nonzero_remained_nonzero,0.06268736780974211,0.4732963135429012,0.4106089457331591,"[189.0,316.0,334.0,406.0]","[189.0,307.0,425.0,476.0]","[192.0,392.73,425.14,473.77000000000004]",True,,,0.0,,,0.0
t2_vqa_grounding,hallu_000419_COCO_train2014_000000408041,COCO_train2014_000000408041.jpg,the giraffe next to the person,relation,giraffe,1.0,1,0.19629227864583335,overlap,overlap,nonzero_remained_nonzero,0.6571622449780395,0.6693457003365605,0.012183455358520945,"[0.0,168.0,410.0,380.0]","[0.0,168.0,415.0,379.0]","[88.16,168.64,420.58000000000004,350.03999999999996]",True,,,0.0,,,0.0
t2_vqa_grounding,hallu_000422_COCO_train2014_000000426282,COCO_train2014_000000426282.jpg,the train next to the platform,relation,train,1.0,1,0.09391354508196723,overlap,overlap,nonzero_remained_nonzero,0.8214167547243242,0.8163985675542005,-0.0050181871701237,"[360.0,141.0,510.0,297.0]","[360.0,142.0,510.0,297.0]","[354.07,134.34,501.84000000000003,308.02]",True,,,0.0,,,0.0
t2_vqa_grounding,hallu_000429_COCO_train2014_000000327998,COCO_train2014_000000327998.jpg,the person next to the tie,relation,person,1.0,1,0.33578887890625003,overlap,overlap,nonzero_remained_nonzero,0.11838166725244638,0.11802982039018799,-0.00035184686225839257,"[375.0,15.0,640.0,471.0]","[375.0,14.0,640.0,470.0]","[165.74,94.83,438.03000000000003,473.66999999999996]",True,,,0.0,,,0.0
t2_vqa_grounding,hallu_000430_COCO_train2014_000000351470,COCO_train2014_000000351470.jpg,the banana in the person's hand,relation,banana,1.0,1,0.1412670933577406,overlap,overlap,nonzero_remained_nonzero,0.2025374537785589,0.2032518716049383,0.0007144178263794043,"[36.0,96.0,605.0,471.0]","[38.0,96.0,605.0,471.0]","[103.12,185.83,280.36,429.66]",True,,,0.0,,,0.0
t2_vqa_grounding,hallu_000434_COCO_train2014_000000324332,COCO_train2014_000000324332.jpg,the bus next to the people,relation,bus,1.0,1,0.25529303278688525,valid_zero,valid_zero,valid_zero_unresolved,0.0,0.0,0.0,"[0.0,0.0,465.0,384.0]","[0.0,0.0,465.0,387.0]","[471.14,1.92,637.14,422.2]",True,wrong_same_category_instance,bus,0.9905711786726905,wrong_same_category_instance,bus,0.9888791481203633
t2_vqa_grounding,hallu_000435_COCO_train2014_000000130974,COCO_train2014_000000130974.jpg,the broccoli next to the carrot,relation,broccoli,1.0,1,0.37628718750000006,overlap,overlap,nonzero_remained_nonzero,0.756094430227976,0.7607298659986546,0.004635435770678598,"[152.0,160.0,476.0,618.0]","[154.0,160.0,476.0,618.0]","[222.4,159.45,480.0,608.19]",True,,,0.0,,,0.0
t2_vqa_grounding,hallu_000436_COCO_train2014_000000239654,COCO_train2014_000000239654.jpg,the cat next to the toilet,relation,cat,1.0,1,0.14123849055913346,overlap,overlap,nonzero_remained_nonzero,0.030615348696573473,0.03165570877741293,0.0010403600808394572,"[190.0,79.0,320.0,252.0]","[190.0,78.0,320.0,254.0]","[284.13,201.41,516.66,367.4]",True,,,0.0,,,0.0
t2_vqa_grounding,hallu_000437_COCO_train2014_000000497402,COCO_train2014_000000497402.jpg,the toilet next to the screen,relation,toilet,1.0,3,0.05325306966145833,false_rejection,false_rejection,false_rejection_unchanged,0.0,0.0,0.0,null,null,"[0.0,471.26,96.95,640.0]",False,,,0.0,,,0.0
t2_vqa_grounding,hallu_000438_COCO_train2014_000000074078,COCO_train2014_000000074078.jpg,the couch next to the fireplace,relation,couch,1.0,2,0.12962586067708334,valid_zero,overlap,valid_zero_recovered,0.0,0.6220564646227608,0.6220564646227608,"[325.0,199.0,490.0,340.0]","[0.0,274.0,250.0,446.0]","[1.03,235.35,209.55,426.32]",True,background_or_unannotated,,0.025322014525480063,,,0.0
t2_vqa_grounding,hallu_000441_COCO_train2014_000000534690,COCO_train2014_000000534690.jpg,the couch with the dog on it,relation,couch,1.0,1,0.44205333333333335,overlap,overlap,nonzero_remained_nonzero,0.4554120879120879,0.4554120879120879,0.0,"[0.0,0.0,500.0,364.0]","[0.0,0.0,500.0,364.0]","[0.0,1.29,500.0,167.06]",True,,,0.0,,,0.0
t2_vqa_grounding,hallu_000448_COCO_train2014_000000435951,COCO_train2014_000000435951.jpg,the middle person holding a tennis racket,relation,person,1.0,3,0.12568005528076812,overlap,overlap,nonzero_remained_nonzero,0.8501921871716784,0.869968620675667,0.01977643350398861,"[172.0,78.0,272.0,248.0]","[174.0,78.0,269.0,245.0]","[163.16,77.43,266.86,244.05]",True,,,0.0,,,0.0
t2_vqa_grounding,hallu_000451_COCO_train2014_000000517403,COCO_train2014_000000517403.jpg,the person in front of the pizza,relation,person,1.0,2,0.4765590791015625,overlap,overlap,nonzero_remained_nonzero,0.8606619157760063,0.865552661265654,0.004890745489647741,"[42.0,10.0,357.0,410.0]","[40.0,8.0,356.0,409.0]","[3.24,4.13,361.35,412.94]",True,,,0.0,,,0.0
t2_vqa_grounding,hallu_000452_COCO_train2014_000000371847,COCO_train2014_000000371847.jpg,the person sitting at the table,relation,person,1.0,3,0.1445904186746988,overlap,overlap,nonzero_remained_nonzero,0.9475466274431011,0.9717653223006728,0.024218694857571665,"[114.0,0.0,296.0,128.0]","[114.0,0.0,296.0,135.0]","[113.52,0.29,294.19,133.14]",True,,,0.0,,,0.0
t2_vqa_grounding,hallu_000453_COCO_train2014_000000088540,COCO_train2014_000000088540.jpg,the potted plant on the table,relation,potted plant,1.0,2,0.08616476171874998,overlap,overlap,nonzero_remained_nonzero,0.9110873858374872,0.9177158361056516,0.0066284502681643875,"[39.0,211.0,222.0,345.0]","[40.0,212.0,225.0,346.0]","[34.52,212.16,223.28,352.39]",True,,,0.0,,,0.0
t2_vqa_grounding,hallu_000454_COCO_train2014_000000559891,COCO_train2014_000000559891.jpg,the horse next to the person,relation,horse,1.0,1,0.450371583984375,overlap,overlap,nonzero_remained_nonzero,0.9842997033316495,0.98523232351372,0.0009326201820705204,"[0.0,93.0,367.0,476.0]","[0.0,94.0,367.0,476.0]","[1.03,93.68,363.84999999999997,475.01]",True,,,0.0,,,0.0
t2_vqa_grounding,hallu_000457_COCO_train2014_000000271447,COCO_train2014_000000271447.jpg,the cup on the saucer,relation,cup,1.0,2,0.11016136363636363,overlap,overlap,nonzero_remained_nonzero,0.8978610340010249,0.8947564420291715,-0.003104591971853421,"[43.0,210.0,226.0,368.0]","[45.0,209.0,226.0,370.0]","[42.34,215.06,229.54,376.63]",True,,,0.0,,,0.0
t2_vqa_grounding,hallu_000458_COCO_train2014_000000060350,COCO_train2014_000000060350.jpg,the person in front of the TV,relation,person,1.0,3,0.10569492921068076,overlap,overlap,nonzero_remained_nonzero,0.1611834453941603,0.16099388836431808,-0.0001895570298422189,"[354.0,28.0,509.0,402.0]","[354.0,29.0,508.0,406.0]","[303.19,71.48,390.5,401.53000000000003]",True,,,0.0,,,0.0
t2_vqa_grounding,hallu_000462_COCO_train2014_000000241342,COCO_train2014_000000241342.jpg,the person in front of the skateboard,relation,person,1.0,2,0.288963560960961,valid_zero,valid_zero,valid_zero_unresolved,0.0,0.0,0.0,"[1.0,0.0,174.0,372.0]","[0.0,0.0,174.0,375.0]","[216.85,1.4,332.58,417.13]",True,wrong_same_category_instance,person,0.9798557104524751,wrong_same_category_instance,person,0.9775763141762452
t2_vqa_grounding,hallu_000468_COCO_train2014_000000521709,COCO_train2014_000000521709.jpg,the couch next to the person,relation,couch,1.0,1,0.22242652376302086,overlap,overlap,nonzero_remained_nonzero,0.8371652548395,0.8554131947636113,0.018247939924111334,"[375.0,168.0,640.0,476.0]","[378.0,169.0,640.0,470.0]","[376.19,171.75,640.0,430.76]",True,,,0.0,,,0.0
t2_vqa_grounding,hallu_000469_COCO_train2014_000000216840,COCO_train2014_000000216840.jpg,the motorcycle next to the bicycles,relation,motorcycle,1.0,3,0.25540855208333324,overlap,overlap,nonzero_remained_nonzero,0.12170545568916398,0.9506155094645903,0.8289100537754263,"[149.0,140.0,350.0,282.0]","[269.0,134.0,578.0,377.0]","[268.24,134.83,587.28,380.76]",True,,,0.0,,,0.0
t2_vqa_grounding,hallu_000470_COCO_train2014_000000504257,COCO_train2014_000000504257.jpg,the person next to the oven,relation,person,1.0,1,0.2825683056640625,overlap,overlap,nonzero_remained_nonzero,0.96660650330051,0.9531022124300397,-0.013504290870470337,"[42.0,84.0,212.0,593.0]","[40.0,85.0,216.0,597.0]","[44.09,82.24,214.58,591.39]",True,,,0.0,,,0.0
t2_vqa_grounding,hallu_000474_COCO_train2014_000000132874,COCO_train2014_000000132874.jpg,the person holding the hot dog,relation,person,1.0,1,0.10248154036458336,overlap,overlap,nonzero_remained_nonzero,0.8981607098025792,0.8888291699604746,-0.009331539842104664,"[0.0,384.0,381.0,476.0]","[0.0,384.0,385.0,476.0]","[1.08,385.08,352.71999999999997,474.61]",True,,,0.0,,,0.0
t2_vqa_grounding,hallu_000475_COCO_train2014_000000019552,COCO_train2014_000000019552.jpg,the person holding a tennis racket,relation,person,1.0,1,0.3756637931034483,overlap,overlap,nonzero_remained_nonzero,0.9380326853719734,0.9300994571665951,-0.007933228205378229,"[139.0,166.0,400.0,595.0]","[140.0,167.0,400.0,594.0]","[135.19,162.28,391.19,598.05]",True,,,0.0,,,0.0
t2_vqa_grounding,hallu_000477_COCO_train2014_000000360870,COCO_train2014_000000360870.jpg,the person next to the dining table,relation,person,1.0,1,0.10261371093749998,overlap,overlap,nonzero_remained_nonzero,0.07443621387563643,0.7609535408309575,0.6865173269553211,"[375.0,68.0,508.0,300.0]","[495.0,30.0,628.0,237.0]","[486.46,36.16,622.06,268.63]",True,,,0.0,,,0.0
t2_vqa_grounding,hallu_000481_COCO_train2014_000000389188,COCO_train2014_000000389188.jpg,the tennis racket in the person's hand,relation,tennis racket,1.0,1,0.05980430121527778,valid_zero,valid_zero,valid_zero_unresolved,0.0,0.0,0.0,"[190.0,84.0,296.0,228.0]","[190.0,84.0,296.0,227.0]","[339.87,100.86,460.0,215.56]",True,wrong_same_category_instance,tennis racket,0.9050857252600419,wrong_same_category_instance,tennis racket,0.9113514210379302
t2_vqa_grounding,hallu_000483_COCO_train2014_000000389345,COCO_train2014_000000389345.jpg,the person sitting next to the child,relation,person,1.0,3,0.13824098828124998,overlap,overlap,nonzero_remained_nonzero,0.9076062961378653,0.914031854050352,0.006425557912486779,"[460.0,211.0,629.0,476.0]","[458.0,209.0,627.0,476.0]","[463.82,204.94,621.3,474.61]",True,,,0.0,,,0.0
t2_vqa_grounding,hallu_000484_COCO_train2014_000000159768,COCO_train2014_000000159768.jpg,the person next to the dining table,relation,person,1.0,1,0.2121937874348958,false_rejection,false_rejection,false_rejection_unchanged,0.0,0.0,0.0,null,null,"[375.37,67.96,610.52,345.16999999999996]",False,,,0.0,,,0.0
t2_vqa_grounding,hallu_000485_COCO_train2014_000000461517,COCO_train2014_000000461517.jpg,the person in front of the frisbee,relation,person,1.0,3,0.2140051932951878,overlap,overlap,nonzero_remained_nonzero,0.9360932314141337,0.954913684645631,0.01882045323149728,"[130.0,40.0,300.0,392.0]","[130.0,40.0,298.0,395.0]","[131.81,42.14,295.14,399.37]",True,,,0.0,,,0.0
t2_vqa_grounding,hallu_000487_COCO_train2014_000000534980,COCO_train2014_000000534980.jpg,the person standing in front of the fence,relation,person,1.0,1,0.2399524085106383,overlap,overlap,nonzero_remained_nonzero,0.8912046458230347,0.8938670939289892,0.002662448105954507,"[340.0,49.0,481.0,364.0]","[340.0,50.0,481.0,364.0]","[335.99,53.04,475.67,376.0]",True,,,0.0,,,0.0
t2_vqa_grounding,hallu_000491_COCO_train2014_000000032954,COCO_train2014_000000032954.jpg,the person holding a remote,relation,person,1.0,1,0.5041728653169014,overlap,overlap,nonzero_remained_nonzero,0.7816164972648909,0.776144302375113,-0.005472194889777904,"[10.0,6.0,432.0,415.0]","[10.0,6.0,435.0,415.0]","[97.64,6.7,430.78999999999996,419.3]",True,,,0.0,,,0.0
t2_vqa_grounding,hallu_000494_COCO_train2014_000000207360,COCO_train2014_000000207360.jpg,the person holding a cell phone,relation,person,1.0,2,0.4020149929470486,overlap,overlap,nonzero_remained_nonzero,0.010604615825943724,0.976412249526305,0.9658076337003613,"[243.0,145.0,576.0,637.0]","[0.0,45.0,250.0,637.0]","[1.43,37.48,249.69,634.4300000000001]",True,,,0.0,,,0.0
t2_vqa_grounding,hallu_000497_COCO_train2014_000000428446,COCO_train2014_000000428446.jpg,the dining table with a green placemat,relation,dining table,1.0,1,0.27781045751633987,overlap,overlap,nonzero_remained_nonzero,0.2775369458128079,0.27781045751633987,0.00027351170353195897,"[0.0,1.0,612.0,609.0]","[0.0,0.0,612.0,612.0]","[0.0,0.0,612.0,170.02]",True,,,0.0,,,0.0
t2_vqa_grounding,hallu_000498_COCO_train2014_000000154895,COCO_train2014_000000154895.jpg,the sandwich in front of the sink,relation,sandwich,1.0,1,0.38206191796875,overlap,overlap,nonzero_remained_nonzero,0.32886630441733594,0.32462937526418045,-0.004236929153155489,"[74.0,90.0,533.0,459.0]","[74.0,90.0,536.0,468.0]","[178.26,11.92,600.27,290.04]",True,,,0.0,,,0.0
t2_vqa_grounding,hallu_000499_COCO_train2014_000000354012,COCO_train2014_000000354012.jpg,the person in front of the cake,relation,person,1.0,1,0.3591735830078125,overlap,overlap,nonzero_remained_nonzero,0.9530253676059904,0.968471228984233,0.015445861378242554,"[175.0,30.0,516.0,342.0]","[174.0,30.0,516.0,348.0]","[176.63,27.21,515.6,352.71999999999997]",True,,,0.0,,,0.0
t2_vqa_grounding,hallu_000500_COCO_train2014_000000200464,COCO_train2014_000000200464.jpg,the person standing behind the bench,relation,person,1.0,3,0.08373862792968749,overlap,overlap,nonzero_remained_nonzero,0.9449967190123639,0.9406317006749672,-0.0043650183373967755,"[227.0,84.0,345.0,297.0]","[227.0,84.0,345.0,296.0]","[224.36,81.98,343.01,298.79]",True,,,0.0,,,0.0
t2_vqa_grounding,hallu_000503_COCO_train2014_000000039764,COCO_train2014_000000039764.jpg,the person next to the tennis racket,relation,person,1.0,1,0.21124918432617182,overlap,overlap,nonzero_remained_nonzero,0.9732956404640523,0.9790706994474312,0.005775058983378933,"[49.0,269.0,420.0,496.0]","[49.0,268.0,420.0,497.0]","[45.92,265.64,420.45,496.66999999999996]",True,,,0.0,,,0.0
t2_vqa_grounding,hallu_000505_COCO_train2014_000000011328,COCO_train2014_000000011328.jpg,the person holding the remote,relation,person,1.0,1,0.4472502193368545,overlap,overlap,nonzero_remained_nonzero,0.9626547134061334,0.9708596481178867,0.00820493471175332,"[126.0,75.0,478.0,415.0]","[127.0,75.0,480.0,415.0]","[129.44,71.8,481.06,418.59000000000003]",True,,,0.0,,,0.0
t2_vqa_grounding,hallu_000506_COCO_train2014_000000235624,COCO_train2014_000000235624.jpg,the person holding the cell phone,relation,person,1.0,2,0.3585489140625001,overlap,overlap,nonzero_remained_nonzero,0.506251731895893,0.6660437642949637,0.1597920323990707,"[222.0,53.0,516.0,476.0]","[135.0,54.0,516.0,470.0]","[145.78,79.41,420.74,480.0]",True,,,0.0,,,0.0
t2_vqa_grounding,hallu_000511_COCO_train2014_000000168774,COCO_train2014_000000168774.jpg,the dining table with a cake and bottle,relation,dining table,1.0,1,0.451699802734375,overlap,overlap,nonzero_remained_nonzero,0.944705659033942,0.9401975644015275,-0.004508094632414528,"[0.0,268.0,640.0,476.0]","[0.0,269.0,640.0,476.0]","[4.3,261.47,639.28,480.0]",True,,,0.0,,,0.0
t2_vqa_grounding,hallu_000512_COCO_train2014_000000019926,COCO_train2014_000000019926.jpg,the person sitting between the two others,relation,person,1.0,2,0.1656617109375,overlap,overlap,nonzero_remained_nonzero,0.9626979334582036,0.9756287595137093,0.012930826055505662,"[180.0,188.0,351.0,476.0]","[180.0,190.0,354.0,476.0]","[179.06,188.76,353.8,480.0]",True,,,0.0,,,0.0
t2_vqa_grounding,hallu_000513_COCO_train2014_000000554031,COCO_train2014_000000554031.jpg,the dining table in front of the chairs,relation,dining table,1.0,3,0.2496980064,overlap,overlap,nonzero_remained_nonzero,0.5678728572748912,0.574104503291305,0.006231646016413794,"[164.0,145.0,392.0,364.0]","[165.0,147.0,390.0,364.0]","[99.35,204.55,383.77,369.16]",True,,,0.0,,,0.0
t2_vqa_grounding,hallu_000518_COCO_train2014_000000263623,COCO_train2014_000000263623.jpg,the cat next to the plate,relation,cat,1.0,1,0.1349184716796875,valid_zero,valid_zero,valid_zero_unresolved,0.0,0.0,0.0,"[0.0,0.0,202.0,372.0]","[0.0,0.0,174.0,369.0]","[229.4,1.25,481.25,165.82]",True,partial_or_oversized_region,cat,0.4908765570105398,wrong_same_category_instance,cat,0.5745012615643398
t2_vqa_grounding,hallu_000522_COCO_train2014_000000161510,COCO_train2014_000000161510.jpg,the adult`s chair,relation,chair,1.0,1,0.1266806737266112,overlap,overlap,nonzero_remained_nonzero,0.8863285552873219,0.9064711852196138,0.020142629932291878,"[82.0,295.0,300.0,476.0]","[84.0,295.0,286.0,470.0]","[83.79,284.53,287.57,475.9]",True,,,0.0,,,0.0
t2_vqa_grounding,hallu_000523_COCO_train2014_000000014502,COCO_train2014_000000014502.jpg,the person holding the baseball bat,relation,person,1.0,1,0.15517321614583338,overlap,overlap,nonzero_remained_nonzero,0.24981641624867024,0.2508917989428171,0.0010753826941468647,"[405.0,127.0,560.0,476.0]","[406.0,127.0,560.0,476.0]","[500.4,126.82,640.0,468.29]",True,,,0.0,,,0.0
t2_vqa_grounding,hallu_000525_COCO_train2014_000000551164,COCO_train2014_000000551164.jpg,the black vase next to the white jug,relation,vase,1.0,1,0.08645799852941177,overlap,overlap,nonzero_remained_nonzero,0.9428344945879021,0.931015467283143,-0.011819027304759144,"[243.0,176.0,346.0,398.0]","[245.0,178.0,346.0,398.0]","[243.84,175.06,350.12,396.33000000000004]",True,,,0.0,,,0.0
t2_vqa_grounding,hallu_000528_COCO_train2014_000000097849,COCO_train2014_000000097849.jpg,the person holding the cell phone,relation,person,1.0,2,0.6301188233568076,overlap,overlap,nonzero_remained_nonzero,0.6604988341132756,0.8803439038056904,0.2198450696924148,"[104.0,0.0,640.0,415.0]","[105.0,0.0,496.0,415.0]","[72.76,0.67,482.48,419.97]",True,,,0.0,,,0.0
t2_vqa_grounding,hallu_000531_COCO_train2014_000000299594,COCO_train2014_000000299594.jpg,the person in front of the skateboard,relation,person,1.0,1,0.4017597371495327,overlap,overlap,nonzero_remained_nonzero,0.9661643929747833,0.9625879100125495,-0.0035764829622337846,"[1.0,0.0,265.0,415.0]","[0.0,0.0,265.0,415.0]","[2.89,0.96,263.53,423.19]",True,,,0.0,,,0.0
t2_vqa_grounding,hallu_000534_COCO_train2014_000000053643,COCO_train2014_000000053643.jpg,the person sitting behind the table,relation,person,1.0,2,0.06167064713541665,overlap,overlap,nonzero_remained_nonzero,0.09855956901082388,0.11389456915346464,0.015335000142640762,"[62.0,0.0,245.0,156.0]","[64.0,0.0,250.0,157.0]","[212.82,0.0,355.9,132.41]",True,,,0.0,,,0.0
t2_vqa_grounding,hallu_000535_COCO_train2014_000000251696,COCO_train2014_000000251696.jpg,the person holding a bottle,relation,person,1.0,2,0.24621033691406255,overlap,overlap,nonzero_remained_nonzero,0.772329558927044,0.7997595652089465,0.027430006281902508,"[20.0,111.0,200.0,476.0]","[20.0,114.0,205.0,476.0]","[26.97,114.41,239.46,470.36]",True,,,0.0,,,0.0
t2_vqa_grounding,hallu_000540_COCO_train2014_000000492769,COCO_train2014_000000492769.jpg,the person next to the pizza,relation,person,1.0,3,0.22248920312500003,overlap,overlap,nonzero_remained_nonzero,0.8894496343177263,0.9029603531502661,0.013510718832539848,"[85.0,0.0,282.0,240.0]","[85.0,0.0,284.0,246.0]","[84.13,1.01,279.1,263.93]",True,,,0.0,,,0.0
t2_vqa_grounding,hallu_000541_COCO_train2014_000000351397,COCO_train2014_000000351397.jpg,the chair next to the table,relation,chair,1.0,1,0.053046123389929735,overlap,overlap,nonzero_remained_nonzero,0.8306349060866798,0.9391188836408704,0.10848397755419059,"[52.0,18.0,162.0,142.0]","[56.0,20.0,174.0,148.0]","[54.69,23.03,172.72,145.85]",True,,,0.0,,,0.0
t2_vqa_grounding,hallu_000543_COCO_train2014_000000140627,COCO_train2014_000000140627.jpg,the boy next to the tennis racket,relation,person,1.0,2,0.19456771997549016,overlap,overlap,nonzero_remained_nonzero,0.7722734667436439,0.7762535071405935,0.003980040396949547,"[246.0,146.0,374.0,534.0]","[246.0,147.0,375.0,534.0]","[245.67,144.08,409.69,531.27]",True,,,0.0,,,0.0
t2_vqa_grounding,hallu_000544_COCO_train2014_000000500634,COCO_train2014_000000500634.jpg,the fork next to the spoon,relation,fork,1.0,1,0.0745944208984375,overlap,overlap,nonzero_remained_nonzero,0.9883776401080177,0.35879864188488214,-0.6295789982231355,"[129.0,426.0,236.0,640.0]","[189.0,425.0,260.0,640.0]","[128.7,427.17,236.37,640.0]",True,,,0.0,,,0.0
t2_vqa_grounding,hallu_000549_COCO_train2014_000000261283,COCO_train2014_000000261283.jpg,the sandwich on the plate,relation,sandwich,1.0,1,0.09584408569335937,overlap,overlap,nonzero_remained_nonzero,0.4958804490772113,0.5064265691531908,0.010546120075979548,"[170.0,309.0,494.0,550.0]","[170.0,309.0,495.0,546.0]","[292.61,310.63,495.86,503.78]",True,,,0.0,,,0.0
t2_vqa_grounding,hallu_000552_COCO_train2014_000000289425,COCO_train2014_000000289425.jpg,the baseball player in front of the glove,relation,person,1.0,2,0.16326691056910572,valid_zero,overlap,valid_zero_recovered,0.0,0.935896187030132,0.935896187030132,"[310.0,39.0,558.0,412.0]","[76.0,115.0,228.0,469.0]","[75.52,112.48,226.56,452.85]",True,wrong_same_category_instance,person,0.8746892026290758,,,0.0
t2_vqa_grounding,hallu_000554_COCO_train2014_000000111142,COCO_train2014_000000111142.jpg,the person next to the pizza,relation,person,1.0,1,0.23200797342902305,overlap,overlap,nonzero_remained_nonzero,0.8992695395928685,0.8914010511227761,-0.00786848847009236,"[457.0,12.0,605.0,540.0]","[458.0,10.0,607.0,539.0]","[454.63,7.95,605.64,583.3900000000001]",True,,,0.0,,,0.0
t2_vqa_grounding,hallu_000560_COCO_train2014_000000205223,COCO_train2014_000000205223.jpg,the tie on the person's neck,relation,tie,1.0,3,0.07074722426470591,overlap,overlap,nonzero_remained_nonzero,0.29298461380315516,0.2949093875834897,0.0019247737803345655,"[165.0,0.0,315.0,224.0]","[165.0,0.0,314.0,224.0]","[174.25,41.24,229.27,237.10000000000002]",True,,,0.0,,,0.0
t2_vqa_grounding,hallu_000566_COCO_train2014_000000026985,COCO_train2014_000000026985.jpg,the person on the snowboard,relation,person,1.0,1,0.23942409085424712,false_rejection,false_rejection,false_rejection_unchanged,0.0,0.0,0.0,null,null,"[91.46,41.32,277.67,467.58]",False,,,0.0,,,0.0
t2_vqa_grounding,hallu_000567_COCO_train2014_000000528851,COCO_train2014_000000528851.jpg,the person standing in front of the refrigerator,relation,person,1.0,3,0.08909222656250003,overlap,valid_zero,nonzero_regressed_to_zero,0.9354517821370328,0.0,-0.9354517821370328,"[345.0,62.0,450.0,322.0]","[124.0,37.0,280.0,295.0]","[346.73,62.57,448.58000000000004,331.29]",True,,,0.0,wrong_same_category_instance,person,0.9641382230172929
t2_vqa_grounding,hallu_000569_COCO_train2014_000000317489,COCO_train2014_000000317489.jpg,the white van next to the building,relation,car,1.0,2,0.17201277663934425,overlap,overlap,nonzero_remained_nonzero,0.8904838602432923,0.9270382890135328,0.03655442877024051,"[1.0,102.0,242.0,265.0]","[0.0,104.0,245.0,267.0]","[0.0,109.47,249.21,271.15]",True,,,0.0,,,0.0
t2_vqa_grounding,hallu_000570_COCO_train2014_000000393709,COCO_train2014_000000393709.jpg,the person next to the cell phone,relation,person,1.0,1,0.12935781506147537,overlap,overlap,nonzero_remained_nonzero,0.4138687924265827,0.42056651421598107,0.00669772178939837,"[84.0,62.0,291.0,415.0]","[84.0,60.0,295.0,415.0]","[150.65,188.87,302.26,422.03999999999996]",True,,,0.0,,,0.0
t2_vqa_grounding,hallu_000573_COCO_train2014_000000284021,COCO_train2014_000000284021.jpg,the knife on the cutting board,relation,knife,1.0,2,0.11922448235294117,overlap,overlap,nonzero_remained_nonzero,0.8448330055114444,0.8225718981688186,-0.022261107342625763,"[210.0,237.0,520.0,352.0]","[209.0,245.0,518.0,356.0]","[208.22,236.84,481.1,355.68]",True,,,0.0,,,0.0
t2_vqa_grounding,hallu_000578_COCO_train2014_000000187784,COCO_train2014_000000187784.jpg,the boat in the water,relation,boat,1.0,3,0.39551643192488267,overlap,overlap,nonzero_remained_nonzero,0.9080657605792628,0.8961956199180959,-0.011870140661166872,"[0.0,262.0,640.0,415.0]","[0.0,264.0,640.0,415.0]","[0.0,247.94,640.0,416.43]",True,,,0.0,,,0.0
t2_vqa_grounding,hallu_000579_COCO_train2014_000000270186,COCO_train2014_000000270186.jpg,the couch next to the chair,relation,couch,1.0,2,0.10265710546874998,overlap,overlap,nonzero_remained_nonzero,0.0805082626212529,0.0805082626212529,0.0,"[390.0,160.0,640.0,476.0]","[390.0,160.0,640.0,476.0]","[289.43,108.09,444.27,311.76]",True,,,0.0,,,0.0
t2_vqa_grounding,hallu_000580_COCO_train2014_000000206539,COCO_train2014_000000206539.jpg,the person holding the remote,relation,person,1.0,1,0.4814747945945946,overlap,overlap,nonzero_remained_nonzero,0.9560112777271503,0.9716983291439025,0.015687051416752196,"[10.0,10.0,266.0,332.0]","[10.0,14.0,265.0,332.0]","[7.78,15.42,263.80999999999995,328.53000000000003]",True,,,0.0,,,0.0
t2_vqa_grounding,hallu_000584_COCO_train2014_000000023280,COCO_train2014_000000023280.jpg,the child in the woman's arms,relation,person,1.0,2,0.29186536908881205,overlap,overlap,nonzero_remained_nonzero,0.881459186801968,0.8794127083779292,-0.0020464784240388223,"[28.0,129.0,257.0,571.0]","[28.0,129.0,257.0,570.0]","[26.13,140.28,261.3,605.12]",True,,,0.0,,,0.0
t2_vqa_grounding,hallu_000587_COCO_train2014_000000000716,COCO_train2014_000000000716.jpg,the laptop on the table,relation,laptop,1.0,1,0.09434476562500001,overlap,overlap,nonzero_remained_nonzero,0.778631136722571,0.7753972399594915,-0.0032338967630795024,"[319.0,269.0,502.0,450.0]","[308.0,269.0,504.0,457.0]","[313.89,267.51,469.21,454.11]",True,,,0.0,,,0.0
t2_vqa_grounding,hallu_000588_COCO_train2014_000000025353,COCO_train2014_000000025353.jpg,the person standing next to the snowboard,relation,person,1.0,1,0.27707417248179617,overlap,overlap,nonzero_remained_nonzero,0.9676072310617987,0.9519688432341001,-0.015638387827698552,"[420.0,0.0,602.0,412.0]","[420.0,0.0,605.0,412.0]","[419.37,1.01,599.11,407.48]",True,,,0.0,,,0.0
t2_vqa_grounding,hallu_000589_COCO_train2014_000000183244,COCO_train2014_000000183244.jpg,the person sitting on the couch,relation,person,1.0,1,0.09010395576584508,overlap,overlap,nonzero_remained_nonzero,0.8616135229940002,0.6698509359699937,-0.1917625870240065,"[316.0,42.0,420.0,287.0]","[316.0,40.0,420.0,359.0]","[320.95,42.57,426.0,276.42]",True,,,0.0,,,0.0
t2_vqa_grounding,hallu_000591_COCO_train2014_000000493066,COCO_train2014_000000493066.jpg,the sandwich next to the fries,relation,sandwich,1.0,1,0.13818898242187497,overlap,overlap,nonzero_remained_nonzero,0.9257260679231378,0.9261747914606736,0.00044872353753577787,"[308.0,213.0,515.0,422.0]","[308.0,214.0,516.0,422.0]","[317.85,212.72,516.51,426.40999999999997]",True,,,0.0,,,0.0
t2_vqa_grounding,hallu_000592_COCO_train2014_000000500561,COCO_train2014_000000500561.jpg,the person holding the sandwich,relation,person,1.0,1,0.33715356152343756,overlap,overlap,nonzero_remained_nonzero,0.11305750296889985,0.11260677564846115,-0.00045072732043870134,"[239.0,189.0,476.0,545.0]","[240.0,189.0,476.0,546.0]","[93.69,1.44,480.0,269.55]",True,,,0.0,,,0.0
t2_vqa_grounding,hallu_000594_COCO_train2014_000000090801,COCO_train2014_000000090801.jpg,the couch in front of the fireplace,relation,couch,1.0,1,0.09219880826822918,false_rejection,false_rejection,false_rejection_unchanged,0.0,0.0,0.0,null,null,"[195.56,218.07,362.67,387.56]",False,,,0.0,,,0.0
t2_vqa_grounding,hallu_000596_COCO_train2014_000000546261,COCO_train2014_000000546261.jpg,the bicycle next to the person,relation,bicycle,1.0,3,0.09273656967474489,valid_zero,overlap,valid_zero_recovered,0.0,0.503163342021187,0.503163342021187,"[0.0,1.0,103.0,102.0]","[0.0,340.0,135.0,637.0]","[1.38,323.21,123.86999999999999,513.15]",True,wrong_same_category_instance,bicycle,0.7855304178045419,,,0.0
t2_vqa_grounding,hallu_000598_COCO_train2014_000000103932,COCO_train2014_000000103932.jpg,the person in front of the couch,relation,person,1.0,1,0.2664270657276995,overlap,overlap,nonzero_remained_nonzero,0.8467297657158992,0.7843162201804396,-0.062413545535459636,"[137.0,24.0,350.0,415.0]","[140.0,25.0,367.0,415.0]","[138.81,22.98,321.65,420.26]",True,,,0.0,,,0.0
t2_vqa_grounding,hallu_000600_COCO_train2014_000000393193,COCO_train2014_000000393193.jpg,the person next to the refrigerator,relation,person,1.0,2,0.1696428463157895,overlap,valid_zero,nonzero_regressed_to_zero,0.9244736155884548,0.0,-0.9244736155884548,"[147.0,115.0,270.0,380.0]","[340.0,86.0,495.0,380.0]","[152.08,107.73,270.86,379.09000000000003]",True,,,0.0,wrong_same_category_instance,person,0.7038328598573562
t2_vqa_grounding,hallu_000601_COCO_train2014_000000052849,COCO_train2014_000000052849.jpg,the truck next to the person,relation,truck,1.0,2,0.05845396215130932,overlap,overlap,nonzero_remained_nonzero,0.08204935816589452,0.08307086960831365,0.0010215114424191318,"[0.0,172.0,314.0,364.0]","[0.0,174.0,315.0,368.0]","[267.73,197.72,430.29,332.4]",True,,,0.0,,,0.0
t2_vqa_grounding,hallu_000602_COCO_train2014_000000492408,COCO_train2014_000000492408.jpg,the umbrella held by the person,relation,umbrella,1.0,1,0.10846156540023198,valid_zero,valid_zero,valid_zero_unresolved,0.0,0.0,0.0,"[14.0,105.0,317.0,286.0]","[17.0,105.0,316.0,258.0]","[346.74,105.57,606.31,220.82999999999998]",True,wrong_same_category_instance,umbrella,0.6091437831628468,wrong_same_category_instance,umbrella,0.7302614925568891
t2_vqa_grounding,hallu_000604_COCO_train2014_000000248476,COCO_train2014_000000248476.jpg,the giraffe next to the person,relation,giraffe,1.0,1,0.44657232696280996,overlap,overlap,nonzero_remained_nonzero,0.5080740347327817,0.5138230088143919,0.005748974081610236,"[0.0,28.0,496.0,310.0]","[0.0,28.0,496.0,315.0]","[0.82,1.23,291.87,357.69]",True,,,0.0,,,0.0
t2_vqa_grounding,hallu_000605_COCO_train2014_000000335767,COCO_train2014_000000335767.jpg,the giraffe next to the wooden platform,relation,giraffe,1.0,1,0.20935009863281248,overlap,overlap,nonzero_remained_nonzero,0.724238179054054,0.41177509323791606,-0.3124630858161379,"[270.0,236.0,640.0,476.0]","[270.0,236.0,504.0,476.0]","[341.93,257.8,638.56,474.61]",True,,,0.0,,,0.0
t2_vqa_grounding,hallu_000606_COCO_train2014_000000268897,COCO_train2014_000000268897.jpg,the giraffe in front of the trees,relation,giraffe,1.0,2,0.20657370060011712,overlap,overlap,nonzero_remained_nonzero,0.9171271290701652,0.9113498776834471,-0.005777251386718141,"[23.0,20.0,180.0,376.0]","[24.0,20.0,180.0,376.0]","[18.33,29.13,177.94,382.82]",True,,,0.0,,,0.0
t2_vqa_grounding,hallu_000608_COCO_train2014_000000476360,COCO_train2014_000000476360.jpg,the person in front of the baseball bat,relation,person,1.0,3,0.2865068725585937,overlap,overlap,nonzero_remained_nonzero,0.3239567005000876,0.32327916248711225,-0.0006775380129753761,"[230.0,52.0,565.0,637.0]","[230.0,54.0,567.0,637.0]","[158.2,63.28,365.29999999999995,629.93]",True,,,0.0,,,0.0
t2_vqa_grounding,hallu_000609_COCO_train2014_000000230905,COCO_train2014_000000230905.jpg,the person next to the horse,relation,person,1.0,1,0.4714866120016163,overlap,overlap,nonzero_remained_nonzero,0.6899776879722717,0.9062364021243359,0.2162587141520642,"[168.0,168.0,500.0,464.0]","[69.0,170.0,504.0,464.0]","[69.36,170.0,547.17,463.03]",True,,,0.0,,,0.0
t2_vqa_grounding,hallu_000610_COCO_train2014_000000256190,COCO_train2014_000000256190.jpg,the dining table with wine glasses,relation,dining table,1.0,2,0.12325779589843751,overlap,overlap,nonzero_remained_nonzero,0.4228845438419142,0.383355301394222,-0.03952924244769218,"[218.0,137.0,489.0,366.0]","[209.0,145.0,487.0,368.0]","[230.65,104.73,483.74,254.34000000000003]",True,,,0.0,,,0.0
t2_vqa_grounding,hallu_000611_COCO_train2014_000000062763,COCO_train2014_000000062763.jpg,the person next to the refrigerator,relation,person,1.0,1,0.1316993731689453,overlap,overlap,nonzero_remained_nonzero,0.9051943568214964,0.30218689961688205,-0.6030074572046143,"[120.0,202.0,255.0,496.0]","[10.0,128.0,204.0,504.0]","[114.16,204.11,254.85,510.85]",True,,,0.0,,,0.0
t2_vqa_grounding,hallu_000613_COCO_train2014_000000567678,COCO_train2014_000000567678.jpg,the chair in front of the table,relation,chair,1.0,2,0.19632622656249998,overlap,valid_zero,nonzero_regressed_to_zero,0.6442847891965989,0.0,-0.6442847891965989,"[392.0,155.0,600.0,476.0]","[45.0,67.0,223.0,148.0]","[356.23,206.64,576.86,480.0]",True,,,0.0,wrong_same_category_instance,chair,0.9572515542479019
t2_vqa_grounding,hallu_000615_COCO_train2014_000000012501,COCO_train2014_000000012501.jpg,the person holding a frisbee,relation,person,1.0,3,0.11140540089495302,overlap,overlap,nonzero_remained_nonzero,0.9164217895569302,0.056438635876990696,-0.8599831536799395,"[393.0,32.0,488.0,325.0]","[260.0,87.0,405.0,345.0]","[390.42,25.72,488.51,335.37]",True,,,0.0,,,0.0
t2_vqa_grounding,hallu_000617_COCO_train2014_000000559647,COCO_train2014_000000559647.jpg,the person sliding into the base,relation,person,1.0,2,0.3282688928571429,overlap,overlap,nonzero_remained_nonzero,0.9579954800482526,0.934290547899898,-0.023704932148354674,"[142.0,22.0,440.0,225.0]","[140.0,22.0,445.0,226.0]","[141.57,20.76,431.01,224.0]",True,,,0.0,,,0.0
t2_vqa_grounding,hallu_000618_COCO_train2014_000000380661,COCO_train2014_000000380661.jpg,the chair next to the dining table,relation,chair,1.0,3,0.10524573063380281,valid_zero,valid_zero,valid_zero_unresolved,0.0,0.0,0.0,"[526.0,190.0,637.0,415.0]","[504.0,191.0,637.0,415.0]","[0.0,192.6,122.94,426.0]",True,wrong_same_category_instance,chair,0.8443744233850722,wrong_same_category_instance,chair,0.7097675983557239
t2_vqa_grounding,hallu_000620_COCO_train2014_000000281177,COCO_train2014_000000281177.jpg,the person holding an umbrella,relation,person,1.0,3,0.15503064858490567,overlap,overlap,nonzero_remained_nonzero,0.8591437956652542,0.8666817123799617,0.007537916714707493,"[179.0,82.0,344.0,372.0]","[179.0,80.0,345.0,369.0]","[179.68,113.24,346.04,366.12]",True,,,0.0,,,0.0
t2_vqa_grounding,hallu_000621_COCO_train2014_000000152003,COCO_train2014_000000152003.jpg,the carrot next to the rice,relation,carrot,1.0,3,0.07887783886718752,valid_zero,valid_zero,valid_zero_unresolved,0.0,0.0,0.0,"[357.0,406.0,476.0,567.0]","[358.0,406.0,476.0,569.0]","[39.87,465.53,209.64000000000001,608.26]",True,wrong_same_category_instance,carrot,0.8829066230500874,wrong_same_category_instance,carrot,0.8796716554093037
t2_vqa_grounding,hallu_000622_COCO_train2014_000000140738,COCO_train2014_000000140738.jpg,the person sitting next to the book,relation,person,1.0,2,0.5250905989583334,overlap,overlap,nonzero_remained_nonzero,0.6660358742480621,0.6564265807289698,-0.009609293519092343,"[161.0,109.0,463.0,476.0]","[164.0,109.0,465.0,476.0]","[21.68,111.65,459.6,480.0]",True,,,0.0,,,0.0
t2_vqa_grounding,hallu_000625_COCO_train2014_000000408266,COCO_train2014_000000408266.jpg,the chair next to the dining table,relation,chair,1.0,3,0.06250914959016393,overlap,overlap,nonzero_remained_nonzero,0.537490778042562,0.5448939479665885,0.007403169924026565,"[514.0,230.0,606.0,380.0]","[514.0,230.0,607.0,380.0]","[533.62,218.58,640.0,379.16]",True,,,0.0,,,0.0
t2_vqa_grounding,hallu_000628_COCO_train2014_000000042320,COCO_train2014_000000042320.jpg,the person holding the phone,relation,person,1.0,1,0.12080729166666666,overlap,overlap,nonzero_remained_nonzero,0.1296476665053821,0.12737997461360412,-0.002267691891777973,"[174.0,22.0,537.0,415.0]","[174.0,20.0,536.0,418.0]","[408.05,218.7,640.0,378.7]",True,,,0.0,,,0.0
t2_vqa_grounding,hallu_000630_COCO_train2014_000000490791,COCO_train2014_000000490791.jpg,the bicycle in front of the person,relation,bicycle,1.0,3,0.21334941791373246,overlap,overlap,nonzero_remained_nonzero,0.8853098602102512,0.8904545375125279,0.005144677302276746,"[0.0,282.0,441.0,415.0]","[0.0,284.0,445.0,415.0]","[0.0,289.73,437.91,422.56000000000006]",True,,,0.0,,,0.0
t2_vqa_grounding,hallu_000634_COCO_train2014_000000176403,COCO_train2014_000000176403.jpg,the red umbrella above the person,relation,umbrella,1.0,1,0.38323761782786886,overlap,overlap,nonzero_remained_nonzero,0.946696823588965,0.9322665189302183,-0.014430304658746729,"[201.0,0.0,640.0,252.0]","[204.0,0.0,640.0,257.0]","[203.42,1.2,640.0,241.08999999999997]",True,,,0.0,,,0.0
t2_vqa_grounding,hallu_000638_COCO_train2014_000000387338,COCO_train2014_000000387338.jpg,the person next to the sink,relation,person,1.0,2,0.4792888145309224,overlap,overlap,nonzero_remained_nonzero,0.6083803483114609,0.615938605388682,0.00755825707722102,"[0.0,0.0,558.0,390.0]","[0.0,0.0,560.0,394.0]","[0.0,140.78,552.37,405.66999999999996]",True,,,0.0,,,0.0
t2_vqa_grounding,hallu_000641_COCO_train2014_000000128775,COCO_train2014_000000128775.jpg,the sink next to the bathtub,relation,sink,1.0,1,0.14378443253333337,overlap,overlap,nonzero_remained_nonzero,0.0438821910124828,0.044028065745361646,0.00014587473287884511,"[215.0,272.0,355.0,408.0]","[215.0,274.0,356.0,408.0]","[0.0,308.17,234.37,423.20000000000005]",True,,,0.0,,,0.0
t2_vqa_grounding,hallu_000643_COCO_train2014_000000329343,COCO_train2014_000000329343.jpg,the chair in front of the table,relation,chair,1.0,3,0.10284363849765259,overlap,overlap,nonzero_remained_nonzero,0.8719456559500197,0.18496649386272937,-0.6869791620872904,"[147.0,262.0,342.0,415.0]","[267.0,204.0,351.0,368.0]","[149.65,266.71,331.44,420.95]",True,,,0.0,,,0.0
t2_vqa_grounding,hallu_000644_COCO_train2014_000000327168,COCO_train2014_000000327168.jpg,the chair behind the pizza,relation,chair,1.0,1,0.058493374217119,overlap,overlap,nonzero_remained_nonzero,0.783537459548065,0.7835862638385334,4.880429046838497e-05,"[232.0,0.0,377.0,108.0]","[230.0,0.0,378.0,109.0]","[201.46,2.25,373.98,106.19]",True,,,0.0,,,0.0
t2_vqa_grounding,hallu_000648_COCO_train2014_000000444285,COCO_train2014_000000444285.jpg,the person holding an umbrella,relation,person,1.0,1,0.60127927734375,overlap,overlap,nonzero_remained_nonzero,0.7921080996437818,0.77687415559115,-0.015233944052631787,"[107.0,130.0,543.0,476.0]","[108.0,134.0,546.0,476.0]","[2.16,129.19,539.4599999999999,472.96999999999997]",True,,,0.0,,,0.0
t2_vqa_grounding,hallu_000650_COCO_train2014_000000335534,COCO_train2014_000000335534.jpg,the person holding the knife,relation,person,1.0,1,0.4968090918918919,overlap,overlap,nonzero_remained_nonzero,0.973490897863673,0.9758524207176588,0.0023615228539857203,"[0.0,86.0,205.0,498.0]","[0.0,86.0,205.0,497.0]","[2.25,87.64,205.62,494.38]",True,,,0.0,,,0.0
t2_vqa_grounding,hallu_000654_COCO_train2014_000000204174,COCO_train2014_000000204174.jpg,the banana next to the apple,relation,banana,1.0,1,0.12477498419117648,overlap,overlap,nonzero_remained_nonzero,0.277987310655264,0.9344894669555144,0.6565021563002504,"[0.0,38.0,59.0,375.0]","[0.0,45.0,168.0,257.0]","[4.08,45.96,163.29000000000002,259.13]",True,,,0.0,,,0.0
t2_vqa_grounding,hallu_000656_COCO_train2014_000000015885,COCO_train2014_000000015885.jpg,the person on the horse,relation,person,1.0,1,0.2469675494749596,valid_zero,overlap,valid_zero_recovered,0.0,0.003807576993768336,0.003807576993768336,"[184.0,38.0,365.0,442.0]","[40.0,220.0,375.0,640.0]","[371.42,77.56,619.0,472.74]",True,wrong_same_category_instance,person,0.8363489321039788,,,0.0
t2_vqa_grounding,hallu_000658_COCO_train2014_000000042109,COCO_train2014_000000042109.jpg,the cup on the wooden coaster,relation,cup,1.0,1,0.17373795605468753,overlap,overlap,nonzero_remained_nonzero,0.8725909446694806,0.804555233454309,-0.0680357112151716,"[15.0,32.0,220.0,266.0]","[15.0,30.0,240.0,267.0]","[14.02,31.28,216.81,294.47]",True,,,0.0,,,0.0
t2_vqa_grounding,hallu_000659_COCO_train2014_000000251466,COCO_train2014_000000251466.jpg,the horse next to the person,relation,horse,1.0,1,0.16057931380208332,valid_zero,valid_zero,valid_zero_unresolved,0.0,0.0,0.0,"[434.0,149.0,618.0,476.0]","[435.0,149.0,618.0,476.0]","[0.0,220.02,194.68,473.40999999999997]",True,wrong_same_category_instance,horse,0.8971534168911433,wrong_same_category_instance,horse,0.9020233332219585
t2_vqa_grounding,hallu_000661_COCO_train2014_000000398901,COCO_train2014_000000398901.jpg,the tennis racket held by the person in the front row,relation,tennis racket,1.0,3,0.5308509571129706,overlap,overlap,nonzero_remained_nonzero,0.01761106247830576,0.024113608624141733,0.006502546145835973,"[338.0,275.0,390.0,330.0]","[64.0,270.0,108.0,359.0]","[28.95,140.35,632.57,409.39]",True,,,0.0,,,0.0
t2_vqa_grounding,hallu_000666_COCO_train2014_000000316671,COCO_train2014_000000316671.jpg,the wine glass on the table,relation,wine glass,1.0,2,0.07685613997395835,valid_zero,valid_zero,valid_zero_unresolved,0.0,0.0,0.0,"[232.0,304.0,329.0,547.0]","[234.0,305.0,329.0,547.0]","[3.04,303.9,111.18,522.23]",True,wrong_same_category_instance,wine glass,0.9362265773570085,wrong_same_category_instance,wine glass,0.9387884047008743
t2_vqa_grounding,hallu_000667_COCO_train2014_000000320472,COCO_train2014_000000320472.jpg,the television in front of the picture,relation,tv,1.0,1,0.06456843237704918,valid_zero,valid_zero,valid_zero_unresolved,0.0,0.0,0.0,"[256.0,314.0,397.0,415.0]","[256.0,314.0,397.0,415.0]","[246.89,187.1,405.03,298.68]",True,wrong_same_category_instance,tv,0.7899045697282265,wrong_same_category_instance,tv,0.7899045697282265
t2_vqa_grounding,hallu_000668_COCO_train2014_000000442886,COCO_train2014_000000442886.jpg,the cup on the saucer,relation,cup,1.0,1,0.1431637843165888,overlap,overlap,nonzero_remained_nonzero,0.931526666625096,0.9265788331208893,-0.004947833504206689,"[158.0,149.0,375.0,330.0]","[159.0,148.0,376.0,330.0]","[159.4,152.76,372.98,336.37]",True,,,0.0,,,0.0
t2_vqa_grounding,hallu_000670_COCO_train2014_000000156425,COCO_train2014_000000156425.jpg,the catcher behind the batter,relation,person,1.0,1,0.12950851929530202,overlap,overlap,nonzero_remained_nonzero,0.9543455045444555,0.9600565228082694,0.005711018263813816,"[428.0,280.0,640.0,447.0]","[428.0,279.0,640.0,447.0]","[422.89,276.24,639.86,447.0]",True,,,0.0,,,0.0
t2_vqa_grounding,hallu_000677_COCO_train2014_000000330342,COCO_train2014_000000330342.jpg,the person holding the knife,relation,person,1.0,1,0.6106933771771773,overlap,overlap,nonzero_remained_nonzero,0.9665213726656701,0.9766493997515565,0.010128027085886449,"[89.0,44.0,324.0,482.0]","[89.0,45.0,326.0,479.0]","[87.84,44.48,325.45000000000005,472.41]",True,,,0.0,,,0.0
t2_vqa_grounding,hallu_000678_COCO_train2014_000000377570,COCO_train2014_000000377570.jpg,the person sitting in front of the laptop,relation,person,1.0,1,0.4072512838541667,overlap,overlap,nonzero_remained_nonzero,0.9824571382817969,0.9726406359083585,-0.009816502373438452,"[189.0,58.0,505.0,456.0]","[189.0,57.0,504.0,462.0]","[187.69,57.17,503.73,453.03000000000003]",True,,,0.0,,,0.0
t2_vqa_grounding,hallu_000681_COCO_train2014_000000013720,COCO_train2014_000000013720.jpg,the bottle next to the jar,relation,bottle,1.0,1,0.10229540625,overlap,overlap,nonzero_remained_nonzero,0.8929668334216292,0.8746736501412161,-0.018293183280413072,"[348.0,77.0,463.0,326.0]","[349.0,78.0,465.0,326.0]","[345.81,78.45,462.45,347.87]",True,,,0.0,,,0.0
t2_vqa_grounding,hallu_000682_COCO_train2014_000000155107,COCO_train2014_000000155107.jpg,the laptop next to the keyboard,relation,laptop,1.0,1,0.07520131733786611,valid_zero,valid_zero,valid_zero_unresolved,0.0,0.0,0.0,"[0.0,56.0,228.0,432.0]","[0.0,56.0,228.0,437.0]","[496.26,113.68,640.0,273.73]",True,wrong_same_category_instance,laptop,0.9387610921909508,wrong_same_category_instance,laptop,0.9378830183007933
t2_vqa_grounding,hallu_000683_COCO_train2014_000000296790,COCO_train2014_000000296790.jpg,the dining table with pizza and utensils,relation,dining table,1.0,2,0.22736411751302085,valid_zero,valid_zero,valid_zero_unresolved,0.0,0.0,0.0,"[232.0,1.0,640.0,172.0]","[254.0,60.0,640.0,178.0]","[0.0,64.79,186.61,439.08000000000004]",True,wrong_same_category_instance,dining table,0.541198224114207,wrong_same_category_instance,dining table,0.7539243813627796
t2_vqa_grounding,hallu_000684_COCO_train2014_000000454258,COCO_train2014_000000454258.jpg,the orange next to the apple,relation,orange,1.0,2,0.11071693813333333,overlap,overlap,nonzero_remained_nonzero,0.8179098391598496,0.8121995214222585,-0.00571031773759112,"[286.0,48.0,454.0,183.0]","[286.0,47.0,454.0,183.0]","[282.71,60.91,446.08,187.98]",True,,,0.0,,,0.0
t2_vqa_grounding,hallu_000685_COCO_train2014_000000316557,COCO_train2014_000000316557.jpg,the person in front of the skis,relation,person,1.0,3,0.21426828745860926,overlap,overlap,nonzero_remained_nonzero,0.29975619533057035,0.300345638394016,0.0005894430634456604,"[32.0,32.0,261.0,610.0]","[34.0,35.0,260.0,610.0]","[158.05,60.44,329.87,542.5]",True,,,0.0,,,0.0
t2_vqa_grounding,hallu_000686_COCO_train2014_000000254666,COCO_train2014_000000254666.jpg,the person holding a blue object,relation,person,1.0,1,0.32906764586882453,overlap,overlap,nonzero_remained_nonzero,0.9537920241996508,0.9492208951550467,-0.004571129044604105,"[20.0,58.0,227.0,637.0]","[20.0,58.0,226.0,637.0]","[17.38,56.99,232.29999999999998,632.2]",True,,,0.0,,,0.0
t2_vqa_grounding,hallu_000693_COCO_train2014_000000203730,COCO_train2014_000000203730.jpg,the oven next to the person,relation,oven,1.0,1,0.16094999283854172,overlap,overlap,nonzero_remained_nonzero,0.8491121109274947,0.8460945711358158,-0.003017539791678958,"[467.0,204.0,633.0,476.0]","[467.0,205.0,633.0,476.0]","[447.64,202.79,626.7,478.91999999999996]",True,,,0.0,,,0.0
t2_vqa_grounding,hallu_000694_COCO_train2014_000000035094,COCO_train2014_000000035094.jpg,the TV next to the keyboard,relation,tv,1.0,2,0.10571412239583328,false_rejection,false_rejection,false_rejection_unchanged,0.0,0.0,0.0,null,null,"[413.52,179.15,609.5799999999999,344.78999999999996]",False,,,0.0,,,0.0
t2_vqa_grounding,hallu_000698_COCO_train2014_000000470055,COCO_train2014_000000470055.jpg,the knife next to the pizza,relation,knife,1.0,2,0.28907484631147534,overlap,overlap,nonzero_remained_nonzero,0.9622758223771113,0.9563722173760824,-0.005903605001028933,"[405.0,52.0,640.0,380.0]","[405.0,52.0,640.0,378.0]","[403.29,54.15,639.89,388.03999999999996]",True,,,0.0,,,0.0
t2_vqa_grounding,hallu_000701_COCO_train2014_000000554949,COCO_train2014_000000554949.jpg,the person next to the sink,relation,person,1.0,2,0.061901028645833356,false_rejection,false_rejection,false_rejection_unchanged,0.0,0.0,0.0,null,null,"[199.37,1.9,297.97,194.76000000000002]",False,,,0.0,,,0.0
t2_vqa_grounding,hallu_000709_COCO_train2014_000000517920,COCO_train2014_000000517920.jpg,the car parked next to the parking meter,relation,car,1.0,1,0.48525089724824355,overlap,overlap,nonzero_remained_nonzero,0.5979967130405053,0.597330450889372,-0.0006662621511333011,"[54.0,68.0,420.0,637.0]","[54.0,69.0,420.0,637.0]","[194.16,63.28,427.0,632.81]",True,,,0.0,,,0.0
t2_vqa_grounding,hallu_000711_COCO_train2014_000000056594,COCO_train2014_000000056594.jpg,the umbrella held by the person,relation,umbrella,1.0,1,0.2410323645213293,overlap,valid_zero,nonzero_regressed_to_zero,0.9442712937230509,0.0,-0.9442712937230509,"[414.0,110.0,640.0,442.0]","[0.0,0.0,354.0,398.0]","[403.2,113.26,639.91,441.71]",True,,,0.0,wrong_same_category_instance,umbrella,0.7685730417624848
t2_vqa_grounding,hallu_000714_COCO_train2014_000000183756,COCO_train2014_000000183756.jpg,the giraffe next to the person,relation,giraffe,1.0,1,0.289341851635514,overlap,overlap,nonzero_remained_nonzero,0.23182402149273273,0.5425343412691873,0.3107103197764546,"[199.0,30.0,340.0,166.0]","[0.0,124.0,320.0,297.0]","[28.85,34.62,343.36,286.62]",True,,,0.0,,,0.0
t2_vqa_grounding,hallu_000716_COCO_train2014_000000113880,COCO_train2014_000000113880.jpg,the car next to the fire hydrant,relation,car,1.0,1,0.0888140742677824,overlap,overlap,nonzero_remained_nonzero,0.8709622887881923,0.8892542994976685,0.01829201070947628,"[460.0,90.0,640.0,252.0]","[460.0,90.0,640.0,257.0]","[458.45,106.06,639.68,255.98]",True,,,0.0,,,0.0
t2_vqa_grounding,hallu_000717_COCO_train2014_000000352073,COCO_train2014_000000352073.jpg,the person in the yellow bikini,attribute,person,1.0,3,0.17645644979508196,false_rejection,false_rejection,false_rejection_unchanged,0.0,0.0,0.0,null,null,"[54.82,5.02,246.2,256.99]",False,,,0.0,,,0.0
t2_vqa_grounding,hallu_000720_COCO_train2014_000000265114,COCO_train2014_000000265114.jpg,the person holding the metal object,relation,person,1.0,3,0.49363614843750003,overlap,overlap,nonzero_remained_nonzero,0.97553001130562,0.9811347749989424,0.005604763693322412,"[275.0,36.0,622.0,476.0]","[275.0,36.0,620.0,476.0]","[275.15,36.36,616.97,480.0]",True,,,0.0,,,0.0
t2_vqa_grounding,hallu_000721_COCO_train2014_000000300620,COCO_train2014_000000300620.jpg,the laptop on the table,relation,laptop,1.0,3,0.058268035453216356,valid_zero,overlap,valid_zero_recovered,0.0,0.4881241426821799,0.4881241426821799,"[119.0,186.0,308.0,324.0]","[427.0,196.0,640.0,380.0]","[451.67,202.86,640.0,304.44]",True,wrong_same_category_instance,laptop,0.7641538967648269,,,0.0
t2_vqa_grounding,hallu_000732_COCO_train2014_000000127620,COCO_train2014_000000127620.jpg,the couch next to the person,relation,couch,1.0,1,0.06105160644531247,overlap,overlap,nonzero_remained_nonzero,0.12779482219535215,0.7065264005734624,0.5787315783781102,"[460.0,255.0,569.0,378.0]","[524.0,170.0,640.0,298.0]","[526.45,175.48,640.0,340.65]",True,,,0.0,,,0.0
t2_vqa_grounding,hallu_000733_COCO_train2014_000000257163,COCO_train2014_000000257163.jpg,the person next to the dog,relation,person,1.0,1,0.41507059635416665,overlap,overlap,nonzero_remained_nonzero,0.2459600161821389,0.8242384434389141,0.5782784272567751,"[208.0,0.0,418.0,355.0]","[0.0,0.0,325.0,476.0]","[0.0,0.0,320.36,398.02]",True,,,0.0,,,0.0
t2_vqa_grounding,hallu_000741_COCO_train2014_000000207654,COCO_train2014_000000207654.jpg,the bowl with carrots next to the knife,relation,bowl,1.0,1,0.20639350520833333,overlap,overlap,nonzero_remained_nonzero,0.03057185754675808,0.03187325317838001,0.0013013956316219287,"[0.0,0.0,432.0,336.0]","[0.0,0.0,435.0,337.0]","[342.44,266.92,640.0,480.0]",True,,,0.0,,,0.0
t2_vqa_grounding,hallu_000742_COCO_train2014_000000266350,COCO_train2014_000000266350.jpg,the person next to the skateboard,relation,person,1.0,2,0.11646091894531248,overlap,overlap,nonzero_remained_nonzero,0.911050255044404,0.08293613260554943,-0.8281141224388545,"[283.0,154.0,404.0,466.0]","[0.0,0.0,345.0,406.0]","[291.65,153.57,405.91999999999996,466.65999999999997]",True,,,0.0,,,0.0
t2_vqa_grounding,hallu_000743_COCO_train2014_000000033841,COCO_train2014_000000033841.jpg,the truck next to the trailer,relation,truck,1.0,1,0.07147656250000002,valid_zero,valid_zero,valid_zero_unresolved,0.0,0.0,0.0,"[69.0,225.0,320.0,322.0]","[68.0,225.0,320.0,324.0]","[360.0,279.8,640.0,358.22]",True,wrong_same_category_instance,truck,0.7888061855670107,wrong_same_category_instance,truck,0.7698037598204268
t2_vqa_grounding,hallu_000745_COCO_train2014_000000283431,COCO_train2014_000000283431.jpg,the person holding a remote,relation,person,1.0,1,0.2995500144,overlap,overlap,nonzero_remained_nonzero,0.9297192558722931,0.9283770938836864,-0.0013421619886067049,"[176.0,82.0,372.0,364.0]","[176.0,84.0,370.0,359.0]","[171.91,85.96,369.1,370.78999999999996]",True,,,0.0,,,0.0
t2_vqa_grounding,hallu_000748_COCO_train2014_000000285064,COCO_train2014_000000285064.jpg,the person holding the remote,relation,person,1.0,2,0.168943125,valid_zero,valid_zero,valid_zero_unresolved,0.0,0.0,0.0,"[95.0,135.0,304.0,415.0]","[95.0,134.0,306.0,415.0]","[389.26,173.94,575.68,421.6]",True,wrong_same_category_instance,person,0.9076614587658857,wrong_same_category_instance,person,0.9197544105513966
t2_vqa_grounding,hallu_000749_COCO_train2014_000000118422,COCO_train2014_000000118422.jpg,the apple in the basket,relation,apple,1.0,3,0.1121491492647059,overlap,overlap,nonzero_remained_nonzero,0.22193268085862516,0.18474181564922484,-0.03719086520940032,"[0.0,129.0,640.0,339.0]","[0.0,81.0,640.0,339.0]","[59.72,127.5,428.98,210.11]",True,,,0.0,,,0.0
t2_vqa_grounding,hallu_000751_COCO_train2014_000000374248,COCO_train2014_000000374248.jpg,the red umbrella next to the backpack,relation,umbrella,1.0,1,0.07008107161458332,valid_zero,overlap,valid_zero_recovered,0.0,0.29296614334581944,0.29296614334581944,"[438.0,69.0,640.0,260.0]","[49.0,97.0,325.0,360.0]","[46.38,99.99,323.6,177.64999999999998]",True,wrong_same_category_instance,umbrella,0.9671592992963848,,,0.0
t2_vqa_grounding,hallu_000753_COCO_train2014_000000398036,COCO_train2014_000000398036.jpg,the person standing in front of the couch,relation,person,1.0,1,0.1325143037109375,overlap,overlap,nonzero_remained_nonzero,0.9437505647126359,0.9365928653732847,-0.007157699339351176,"[240.0,126.0,369.0,440.0]","[240.0,126.0,370.0,445.0]","[242.53,123.9,372.22,437.78999999999996]",True,,,0.0,,,0.0
t2_vqa_grounding,hallu_000761_COCO_train2014_000000046728,COCO_train2014_000000046728.jpg,the chair next to the lamp,relation,chair,1.0,2,0.20063180788106233,overlap,overlap,nonzero_remained_nonzero,0.8685596393218352,0.8626621840735504,-0.0058974552482847775,"[1.0,209.0,261.0,415.0]","[0.0,209.0,264.0,415.0]","[0.0,218.34,259.01,433.0]",True,,,0.0,,,0.0
t2_vqa_grounding,hallu_000763_COCO_train2014_000000313164,COCO_train2014_000000313164.jpg,the bicycle in front of the person,relation,bicycle,1.0,2,0.0508175244140625,overlap,overlap,nonzero_remained_nonzero,0.18775339629963975,0.08307272625810855,-0.1046806700415312,"[124.0,171.0,450.0,425.0]","[190.0,174.0,456.0,428.0]","[123.61,193.24,235.88,332.29]",True,,,0.0,,,0.0
t2_vqa_grounding,hallu_000765_COCO_train2014_000000473870,COCO_train2014_000000473870.jpg,the person in front of the skis,relation,person,1.0,3,0.11264492948199901,valid_zero,overlap,valid_zero_recovered,0.0,0.8496329456389193,0.8496329456389193,"[257.0,92.0,354.0,315.0]","[150.0,54.0,226.0,287.0]","[154.06,53.14,231.12,277.43]",True,wrong_same_category_instance,person,0.814769120101042,,,0.0
t2_vqa_grounding,hallu_000766_COCO_train2014_000000376965,COCO_train2014_000000376965.jpg,the person in the black shirt behind the basketball player,relation,person,1.0,2,0.1320872605377907,overlap,overlap,nonzero_remained_nonzero,0.9603491423691298,0.9670980626112965,0.006748920242166667,"[185.0,22.0,330.0,271.0]","[185.0,20.0,330.0,274.0]","[184.68,21.61,327.55,276.04]",True,,,0.0,,,0.0
t2_vqa_grounding,hallu_000768_COCO_train2014_000000079286,COCO_train2014_000000079286.jpg,the umpire behind the catcher,relation,person,1.0,2,0.15241359723772321,overlap,overlap,nonzero_remained_nonzero,0.9278137282377918,0.903480884763232,-0.024332843474559884,"[33.0,120.0,190.0,420.0]","[34.0,120.0,195.0,420.0]","[33.89,123.74,181.70999999999998,419.37]",True,,,0.0,,,0.0
t2_vqa_grounding,hallu_000769_COCO_train2014_000000379434,COCO_train2014_000000379434.jpg,the person holding a frisbee,relation,person,1.0,1,0.09159896713615026,overlap,overlap,nonzero_remained_nonzero,0.8853010042809075,0.8526823560973172,-0.03261864818359028,"[322.0,103.0,450.0,322.0]","[320.0,104.0,450.0,326.0]","[334.1,102.27,448.02000000000004,321.49]",True,,,0.0,,,0.0
t2_vqa_grounding,hallu_000778_COCO_train2014_000000520657,COCO_train2014_000000520657.jpg,the sandwich on the red plate,relation,sandwich,1.0,1,0.08442813524590169,overlap,overlap,nonzero_remained_nonzero,0.3464342462462464,0.34131452832142506,-0.005119717924821354,"[304.0,145.0,637.0,345.0]","[304.0,145.0,637.0,348.0]","[351.2,157.61,522.96,291.94000000000005]",True,,,0.0,,,0.0
t2_vqa_grounding,hallu_000779_COCO_train2014_000000489167,COCO_train2014_000000489167.jpg,the elephant next to the person,relation,elephant,1.0,1,0.32474806425644026,overlap,overlap,nonzero_remained_nonzero,0.060393317228380435,0.0663946716379789,0.00600135440959846,"[0.0,79.0,346.0,409.0]","[0.0,84.0,350.0,409.0]","[301.98,120.69,640.0,383.24]",True,,,0.0,,,0.0
t2_vqa_grounding,hallu_000781_COCO_train2014_000000490541,COCO_train2014_000000490541.jpg,the tennis racket in the child's hand,relation,tennis racket,1.0,2,0.05572799326697895,valid_zero,overlap,valid_zero_recovered,0.0,0.8990101623442207,0.8990101623442207,"[168.0,103.0,196.0,245.0]","[409.0,21.0,520.0,167.0]","[415.18,21.84,517.7,170.39000000000001]",True,wrong_same_category_instance,tennis racket,0.8668775632682171,,,0.0
t2_vqa_grounding,hallu_000784_COCO_train2014_000000054318,COCO_train2014_000000054318.jpg,the bed next to the lamp,relation,bed,1.0,1,0.40279724213286716,overlap,overlap,nonzero_remained_nonzero,0.9591425912814102,0.968129914491152,0.008987323209741827,"[268.0,122.0,640.0,415.0]","[267.0,124.0,640.0,415.0]","[265.48,126.01,640.0,421.3]",True,,,0.0,,,0.0
t2_vqa_grounding,hallu_000787_COCO_train2014_000000163713,COCO_train2014_000000163713.jpg,the person sitting next to the dining table,relation,person,1.0,3,0.18382056352459017,valid_zero,overlap,valid_zero_recovered,0.0,0.9276393757273692,0.9276393757273692,"[303.0,118.0,580.0,415.0]","[0.0,130.0,175.0,415.0]","[0.04,134.19,171.6,427.0]",True,wrong_same_category_instance,person,0.929419680927455,,,0.0
t2_vqa_grounding,hallu_000788_COCO_train2014_000000482659,COCO_train2014_000000482659.jpg,the person holding a tennis racket,relation,person,1.0,3,0.2567597174357477,overlap,overlap,nonzero_remained_nonzero,0.6648153999992861,0.6624827972897424,-0.0023326027095437185,"[268.0,54.0,546.0,415.0]","[268.0,54.0,547.0,415.0]","[352.92,54.03,541.75,426.49]",True,,,0.0,,,0.0
t2_vqa_grounding,hallu_000792_COCO_train2014_000000073889,COCO_train2014_000000073889.jpg,the baseball player in front of the catcher,relation,person,1.0,2,0.23922036555913348,overlap,overlap,nonzero_remained_nonzero,0.9467471045191641,0.9477607913089376,0.001013686789773538,"[56.0,10.0,248.0,337.0]","[56.0,8.0,249.0,337.0]","[54.69,3.54,246.6,344.19]",True,,,0.0,,,0.0
t2_vqa_grounding,hallu_000795_COCO_train2014_000000144574,COCO_train2014_000000144574.jpg,the backpack on the person's shoulder,relation,backpack,1.0,1,0.17274290234375,overlap,overlap,nonzero_remained_nonzero,0.9161221585847031,0.901091110435185,-0.015031048149518167,"[0.0,309.0,150.0,637.0]","[0.0,310.0,148.0,637.0]","[0.93,304.92,159.3,640.0]",True,,,0.0,,,0.0
t2_vqa_grounding,hallu_000798_COCO_train2014_000000515815,COCO_train2014_000000515815.jpg,the person lying on the couch,relation,person,1.0,1,0.10287190255220419,valid_zero,overlap,valid_zero_recovered,0.0,0.7046608434062535,0.7046608434062535,"[349.0,194.0,640.0,330.0]","[40.0,225.0,367.0,312.0]","[34.61,219.06,310.0,322.1]",True,wrong_same_category_instance,person,0.8193938253367711,,,0.0
t2_vqa_grounding,hallu_000799_COCO_train2014_000000325966,COCO_train2014_000000325966.jpg,the laptop in front of the person,relation,laptop,1.0,1,0.0632074017018779,valid_zero,valid_zero,valid_zero_unresolved,0.0,0.0,0.0,"[319.0,268.0,542.0,396.0]","[319.0,268.0,540.0,397.0]","[86.98,340.6,288.77,426.0]",True,wrong_same_category_instance,laptop,0.9112502579768705,wrong_same_category_instance,laptop,0.9265879335205817
t2_vqa_grounding,hallu_000801_COCO_train2014_000000307464,COCO_train2014_000000307464.jpg,the bowl in front of the spoon,relation,bowl,1.0,2,0.08879849609375,false_rejection,false_rejection,false_rejection_unchanged,0.0,0.0,0.0,null,null,"[4.31,66.16,230.11,186.97]",False,,,0.0,,,0.0
t2_vqa_grounding,hallu_000802_COCO_train2014_000000101891,COCO_train2014_000000101891.jpg,the bicycle next to the red car,relation,bicycle,1.0,2,0.17253069986979166,overlap,overlap,nonzero_remained_nonzero,0.5916179672423737,0.5848627333762532,-0.006755233866120536,"[212.0,63.0,425.0,476.0]","[209.0,64.0,425.0,476.0]","[271.63,127.55,422.01,480.0]",True,,,0.0,,,0.0
t2_vqa_grounding,hallu_000808_COCO_train2014_000000455015,COCO_train2014_000000455015.jpg,the airplane next to the truck,relation,airplane,1.0,1,0.48696667520491804,overlap,overlap,nonzero_remained_nonzero,0.9816583427049711,0.9316050205717518,-0.050053322133219336,"[0.0,107.0,628.0,322.0]","[0.0,107.0,600.0,324.0]","[0.0,106.57,627.55,318.63]",True,,,0.0,,,0.0
t2_vqa_grounding,hallu_000809_COCO_train2014_000000363079,COCO_train2014_000000363079.jpg,the keyboard on the laptop,relation,keyboard,1.0,3,0.12295111293859647,overlap,overlap,nonzero_remained_nonzero,0.25360173267326724,0.25486343283582086,0.001261700162553614,"[224.0,94.0,618.0,498.0]","[224.0,95.0,618.0,497.0]","[303.19,297.42,562.5699999999999,453.05]",True,,,0.0,,,0.0
t2_vqa_grounding,hallu_000812_COCO_train2014_000000114652,COCO_train2014_000000114652.jpg,the laptop in front of the bowl,relation,laptop,1.0,1,0.25185822656249995,overlap,overlap,nonzero_remained_nonzero,0.9831135977055633,0.9719037218448127,-0.011209875860750618,"[300.0,1.0,570.0,286.0]","[304.0,2.0,570.0,286.0]","[299.87,2.16,569.53,289.08000000000004]",True,,,0.0,,,0.0
t2_vqa_grounding,hallu_000814_COCO_train2014_000000103437,COCO_train2014_000000103437.jpg,the dining table in front of the person,relation,dining table,1.0,2,0.29272322661713285,overlap,overlap,nonzero_remained_nonzero,0.8993810258974554,0.898045145079584,-0.0013358808178713932,"[1.0,289.0,640.0,415.0]","[0.0,289.0,640.0,415.0]","[4.04,294.44,635.93,421.63]",True,,,0.0,,,0.0
t2_vqa_grounding,hallu_000816_COCO_train2014_000000146420,COCO_train2014_000000146420.jpg,the person next to the tennis player,relation,person,1.0,1,0.11882110655737703,overlap,overlap,nonzero_remained_nonzero,0.9301481730939639,0.9301481730939639,0.0,"[360.0,81.0,520.0,284.0]","[360.0,81.0,520.0,284.0]","[357.45,83.06,515.77,288.15999999999997]",True,,,0.0,,,0.0
t2_vqa_grounding,hallu_000820_COCO_train2014_000000503472,COCO_train2014_000000503472.jpg,the dining table in front of the couch,relation,dining table,1.0,2,0.0701309805584551,valid_zero,valid_zero,valid_zero_unresolved,0.0,0.0,0.0,"[243.0,260.0,417.0,370.0]","[245.0,260.0,417.0,389.0]","[441.41,369.45,640.0,477.71]",True,wrong_same_category_instance,dining table,0.7286932964065782,wrong_same_category_instance,dining table,0.8447359906305725
t2_vqa_grounding,hallu_000821_COCO_train2014_000000033764,COCO_train2014_000000033764.jpg,the person next to the frisbee,relation,person,1.0,2,0.15189410055620606,valid_zero,valid_zero,valid_zero_unresolved,0.0,0.0,0.0,"[113.0,105.0,350.0,374.0]","[114.0,105.0,350.0,376.0]","[520.62,55.5,640.0,403.21]",True,wrong_same_category_instance,person,0.9624944083424183,wrong_same_category_instance,person,0.9737631351696324
t2_vqa_grounding,hallu_000822_COCO_train2014_000000444362,COCO_train2014_000000444362.jpg,the person holding a remote,relation,person,1.0,1,0.3810426868489584,overlap,overlap,nonzero_remained_nonzero,0.9776282072911013,0.9724573013852305,-0.005170905905870882,"[329.0,91.0,640.0,476.0]","[334.0,90.0,637.0,476.0]","[332.22,92.76,639.6400000000001,473.53]",True,,,0.0,,,0.0
t2_vqa_grounding,hallu_000823_COCO_train2014_000000473797,COCO_train2014_000000473797.jpg,the red chair next to the toilet,relation,chair,1.0,2,0.15268101012323942,overlap,overlap,nonzero_remained_nonzero,0.9560606150920093,0.3083682759721778,-0.6476923391198315,"[318.0,0.0,630.0,131.0]","[479.0,46.0,630.0,135.0]","[313.04,1.76,632.78,131.95]",True,,,0.0,,,0.0
t2_vqa_grounding,hallu_000831_COCO_train2014_000000347655,COCO_train2014_000000347655.jpg,the person holding the knife,relation,person,1.0,1,0.7005904401408451,overlap,overlap,nonzero_remained_nonzero,0.9650799356480775,0.9779735025057084,0.012893566857630878,"[0.0,0.0,450.0,415.0]","[0.0,0.0,456.0,415.0]","[1.92,0.96,459.58000000000004,418.32]",True,,,0.0,,,0.0
t2_vqa_grounding,hallu_000835_COCO_train2014_000000014453,COCO_train2014_000000014453.jpg,the cat next to the bottle,relation,cat,1.0,1,0.6294335904,false_rejection,false_rejection,false_rejection_unchanged,0.0,0.0,0.0,null,null,"[1.74,54.07,369.48,375.0]",False,,,0.0,,,0.0
t2_vqa_grounding,hallu_000836_COCO_train2014_000000411738,COCO_train2014_000000411738.jpg,the bed with the dog on it,relation,bed,1.0,1,0.31669549088541665,overlap,overlap,nonzero_remained_nonzero,0.35270031467517404,0.3535205479651163,0.0008202332899422404,"[0.0,45.0,640.0,476.0]","[0.0,46.0,640.0,476.0]","[224.36,237.3,640.0,471.37]",True,,,0.0,,,0.0
t2_vqa_grounding,hallu_000842_COCO_train2014_000000401980,COCO_train2014_000000401980.jpg,the person next to the bicycle,relation,person,1.0,1,0.20320096018735367,overlap,valid_zero,nonzero_regressed_to_zero,0.8375081291293858,0.0,-0.8375081291293858,"[406.0,72.0,592.0,415.0]","[0.0,0.0,164.0,415.0]","[404.36,68.44,586.44,373.42]",True,,,0.0,wrong_same_category_instance,person,0.9746160810663631
t2_vqa_grounding,hallu_000845_COCO_train2014_000000277156,COCO_train2014_000000277156.jpg,the chair behind the person,relation,chair,1.0,2,0.053210444335937496,overlap,overlap,nonzero_remained_nonzero,0.7203486334643759,0.7460722265857297,0.02572359312135375,"[262.0,171.0,412.0,308.0]","[264.0,170.0,415.0,308.0]","[277.26,170.31,418.97,285.65999999999997]",True,,,0.0,,,0.0
t2_vqa_grounding,hallu_000850_COCO_train2014_000000544568,COCO_train2014_000000544568.jpg,the person sitting at the dining table,relation,person,1.0,3,0.5088891536458333,overlap,overlap,nonzero_remained_nonzero,0.9693126736111113,0.9720127089136491,0.0027000353025378176,"[0.0,0.0,336.0,360.0]","[0.0,0.0,336.0,359.0]","[1.62,1.22,334.05,353.92]",True,,,0.0,,,0.0
t2_vqa_grounding,hallu_000851_COCO_train2014_000000285132,COCO_train2014_000000285132.jpg,the person next to the parking meter,relation,person,1.0,3,0.06109084947183099,overlap,overlap,nonzero_remained_nonzero,0.14300580732539436,0.14658486976941149,0.0035790624440171226,"[378.0,165.0,572.0,415.0]","[378.0,165.0,574.0,415.0]","[504.59,143.17,621.26,285.92999999999995]",True,,,0.0,,,0.0
t2_vqa_grounding,hallu_000854_COCO_train2014_000000263434,COCO_train2014_000000263434.jpg,the laptop on the left side of the desk,relation,laptop,1.0,1,0.08801617057291668,overlap,overlap,nonzero_remained_nonzero,0.9451253876317265,0.9514038913347411,0.006278503703014637,"[26.0,273.0,209.0,420.0]","[26.0,274.0,209.0,420.0]","[26.33,275.63,207.87,424.57]",True,,,0.0,,,0.0
t2_vqa_grounding,hallu_000857_COCO_train2014_000000092916,COCO_train2014_000000092916.jpg,the person holding the knife,relation,person,1.0,1,0.5975375375375376,overlap,overlap,nonzero_remained_nonzero,0.21990402385157093,0.2284953671806681,0.008591343329097167,"[38.0,35.0,244.0,262.0]","[40.0,35.0,246.0,267.0]","[0.0,134.02,500.0,333.0]",True,,,0.0,,,0.0
t2_vqa_grounding,hallu_000863_COCO_train2014_000000056313,COCO_train2014_000000056313.jpg,the baseball player holding a bat,relation,person,1.0,1,0.17296098507025764,overlap,overlap,nonzero_remained_nonzero,0.9510771332122514,0.9378062167544631,-0.013270916457788329,"[92.0,116.0,226.0,465.0]","[94.0,117.0,226.0,465.0]","[92.25,115.7,230.05,458.71]",True,,,0.0,,,0.0
t2_vqa_grounding,hallu_000864_COCO_train2014_000000244528,COCO_train2014_000000244528.jpg,the sandwich next to the bowl,relation,sandwich,1.0,1,0.18677596875000002,overlap,overlap,nonzero_remained_nonzero,0.9443500788077148,0.9497790199326838,0.0054289411249689445,"[157.0,257.0,473.0,436.0]","[157.0,256.0,473.0,438.0]","[158.93,258.9,471.41,442.52]",True,,,0.0,,,0.0
t2_vqa_grounding,hallu_000867_COCO_train2014_000000567145,COCO_train2014_000000567145.jpg,the bed next to the chair,relation,bed,1.0,1,0.07725916955017299,false_rejection,false_rejection,false_rejection_unchanged,0.0,0.0,0.0,null,null,"[17.88,484.1,298.44,587.24]",False,,,0.0,,,0.0
t2_vqa_grounding,hallu_000871_COCO_train2014_000000292844,COCO_train2014_000000292844.jpg,the person in front of the chair,relation,person,1.0,3,0.1296747060546875,valid_zero,overlap,valid_zero_recovered,0.0,0.915266742486904,0.915266742486904,"[314.0,211.0,421.0,446.0]","[126.0,119.0,250.0,470.0]","[131.6,124.04,247.01,469.21000000000004]",True,wrong_same_category_instance,person,0.9439670763103697,,,0.0
t2_vqa_grounding,hallu_000873_COCO_train2014_000000129951,COCO_train2014_000000129951.jpg,the keyboard in front of the laptop,relation,keyboard,1.0,2,0.07725963281249996,overlap,overlap,nonzero_remained_nonzero,0.9501038357539757,0.9501038357539757,0.0,"[405.0,370.0,640.0,476.0]","[405.0,370.0,640.0,476.0]","[404.66,372.38,639.28,473.53999999999996]",True,,,0.0,,,0.0
t2_vqa_grounding,hallu_000874_COCO_train2014_000000152431,COCO_train2014_000000152431.jpg,the person next to the sandwich,relation,person,1.0,3,0.05754526171875,valid_zero,overlap,valid_zero_recovered,0.0,0.18600122070793537,0.18600122070793537,"[418.0,277.0,560.0,476.0]","[89.0,230.0,285.0,476.0]","[213.19,257.7,336.03,401.61]",True,wrong_same_category_instance,person,0.9176266485746463,,,0.0
t2_vqa_grounding,hallu_000875_COCO_train2014_000000565500,COCO_train2014_000000565500.jpg,the bus in front of the taxi,relation,bus,1.0,1,0.09452913658126293,overlap,overlap,nonzero_remained_nonzero,0.9156822089196405,0.9243271147477156,0.008644905828075089,"[239.0,104.0,527.0,202.0]","[240.0,105.0,526.0,202.0]","[243.37,105.19,527.04,208.2]",True,,,0.0,,,0.0
t2_vqa_grounding,hallu_000876_COCO_train2014_000000366071,COCO_train2014_000000366071.jpg,the person next to the basket of bananas,relation,person,1.0,3,0.10406291544976638,overlap,overlap,nonzero_remained_nonzero,0.3129935145267646,0.3183149495577662,0.005321435031001576,"[265.0,2.0,505.0,340.0]","[265.0,4.0,507.0,340.0]","[413.4,0.0,512.62,287.29]",True,,,0.0,,,0.0
t2_vqa_grounding,hallu_000882_COCO_train2014_000000349527,COCO_train2014_000000349527.jpg,the skis held by the person,relation,skis,1.0,3,0.0713670888671875,valid_zero,overlap,valid_zero_recovered,0.0,0.9219133339707178,0.9219133339707178,"[559.0,116.0,634.0,476.0]","[284.0,150.0,346.0,476.0]","[281.69,149.77,348.08,480.0]",True,wrong_same_category_instance,skis,0.533841614814815,,,0.0
t2_vqa_grounding,hallu_000887_COCO_train2014_000000323964,COCO_train2014_000000323964.jpg,the person behind the donuts,relation,person,1.0,1,0.2193880550986842,overlap,overlap,nonzero_remained_nonzero,0.9267610873734368,0.8834414877268276,-0.04331959964660914,"[33.0,0.0,380.0,171.0]","[0.0,0.0,379.0,174.0]","[28.63,0.0,384.43,179.95]",True,,,0.0,,,0.0
t2_vqa_grounding,hallu_000888_COCO_train2014_000000084712,COCO_train2014_000000084712.jpg,the skier in front of the other skier,relation,person,1.0,3,0.5190203316176468,overlap,overlap,nonzero_remained_nonzero,0.9566910483078946,0.9609241723757426,0.0042331240678479265,"[48.0,139.0,365.0,582.0]","[48.0,139.0,365.0,580.0]","[43.15,145.26,368.17999999999995,579.5999999999999]",True,,,0.0,,,0.0
t2_vqa_grounding,hallu_000889_COCO_train2014_000000279530,COCO_train2014_000000279530.jpg,the dog in front of the person,relation,dog,1.0,1,0.15877373464595373,overlap,overlap,nonzero_remained_nonzero,0.25657693138078885,0.27563629047468413,0.01905935909389528,"[202.0,284.0,410.0,604.0]","[204.0,285.0,416.0,607.0]","[329.71,284.61,503.53999999999996,588.0]",True,,,0.0,,,0.0
t2_vqa_grounding,hallu_000896_COCO_train2014_000000360982,COCO_train2014_000000360982.jpg,the catcher behind the batter,relation,person,1.0,3,0.11325500689655175,overlap,overlap,nonzero_remained_nonzero,0.5572610549237064,0.5655430441585664,0.00828198923486001,"[218.0,183.0,425.0,345.0]","[219.0,184.0,425.0,346.0]","[293.98,191.47,421.90000000000003,358.36]",True,,,0.0,,,0.0
t2_vqa_grounding,hallu_000898_COCO_train2014_000000485306,COCO_train2014_000000485306.jpg,the person holding the cell phone,relation,person,1.0,1,0.5082205137587821,overlap,overlap,nonzero_remained_nonzero,0.00781725915324918,0.7343828340049106,0.7265655748516614,"[372.0,0.0,640.0,415.0]","[0.0,56.0,497.0,415.0]","[0.0,59.04,377.45,427.0]",True,,,0.0,,,0.0
t2_vqa_grounding,hallu_000899_COCO_train2014_000000201030,COCO_train2014_000000201030.jpg,the person next to the cell phone,relation,person,1.0,2,0.13825118990384613,overlap,overlap,nonzero_remained_nonzero,0.0847996773789275,0.08899017852748684,0.004190501148559331,"[242.0,35.0,640.0,415.0]","[240.0,35.0,640.0,415.0]","[181.36,50.2,282.32,414.78]",True,,,0.0,,,0.0
t2_vqa_grounding,hallu_000901_COCO_train2014_000000185116,COCO_train2014_000000185116.jpg,the chair next to the couch,relation,chair,1.0,3,0.06408515220207252,overlap,overlap,nonzero_remained_nonzero,0.8959932001580225,0.876003725685753,-0.01998947447226951,"[117.0,182.0,243.0,317.0]","[117.0,184.0,245.0,316.0]","[116.0,180.49,235.9,312.53]",True,,,0.0,,,0.0
t2_vqa_grounding,hallu_000903_COCO_train2014_000000288164,COCO_train2014_000000288164.jpg,the person standing in front of the desk,relation,person,1.0,2,0.11598444791666665,overlap,overlap,nonzero_remained_nonzero,0.9415638784302945,0.9268069900091168,-0.014756888421177727,"[178.0,196.0,303.0,476.0]","[179.0,196.0,304.0,476.0]","[175.82,189.84,300.94,474.61]",True,,,0.0,,,0.0
t2_vqa_grounding,hallu_000906_COCO_train2014_000000258931,COCO_train2014_000000258931.jpg,the catcher behind the batter,relation,person,1.0,2,0.09628752994791667,overlap,overlap,nonzero_remained_nonzero,0.9550908128064349,0.9387605291886945,-0.01633028361774047,"[258.0,310.0,440.0,476.0]","[257.0,308.0,440.0,476.0]","[261.82,310.29,442.26,474.22]",True,,,0.0,,,0.0
t2_vqa_grounding,hallu_000907_COCO_train2014_000000507690,COCO_train2014_000000507690.jpg,the person standing next to the bicycle,relation,person,1.0,1,0.2841999999999999,overlap,overlap,nonzero_remained_nonzero,0.8295667598486632,0.8322862266938876,0.002719466845224394,"[333.0,0.0,500.0,364.0]","[334.0,0.0,500.0,364.0]","[333.8,0.0,475.9,375.0]",True,,,0.0,,,0.0
t2_vqa_grounding,hallu_000913_COCO_train2014_000000205940,COCO_train2014_000000205940.jpg,the small sheep next to the chair,relation,teddy bear,1.0,1,0.06787687500000003,false_rejection,false_rejection,false_rejection_unchanged,0.0,0.0,0.0,null,null,"[323.85,424.95,443.64000000000004,600.47]",False,,,0.0,,,0.0
t2_vqa_grounding,hallu_000915_COCO_train2014_000000178376,COCO_train2014_000000178376.jpg,the TV on the desk,relation,tv,1.0,1,0.2909506412760416,overlap,overlap,nonzero_remained_nonzero,0.9545477914477336,0.96418594390507,0.009638152457336346,"[334.0,26.0,640.0,332.0]","[340.0,26.0,640.0,335.0]","[340.85,27.04,640.0,325.82]",True,,,0.0,,,0.0
t2_vqa_grounding,hallu_000916_COCO_train2014_000000043655,COCO_train2014_000000043655.jpg,the cat on the dining table,relation,cat,1.0,1,0.09421897845953002,overlap,overlap,nonzero_remained_nonzero,0.7993087321751122,0.6718709229517683,-0.1274378092233439,"[199.0,155.0,341.0,285.0]","[158.0,154.0,360.0,307.0]","[188.63,145.24,347.73,290.4]",True,,,0.0,,,0.0
t2_vqa_grounding,hallu_000917_COCO_train2014_000000527196,COCO_train2014_000000527196.jpg,the person holding the kite string,relation,person,1.0,3,0.22967661490885413,overlap,overlap,nonzero_remained_nonzero,0.8587141646016868,0.8494852996913609,-0.009228864910325929,"[201.0,12.0,333.0,471.0]","[204.0,15.0,336.0,478.0]","[192.72,1.44,342.28999999999996,473.17]",True,,,0.0,,,0.0
t2_vqa_grounding,hallu_000918_COCO_train2014_000000062279,COCO_train2014_000000062279.jpg,the bowl in front of the broccoli,relation,bowl,1.0,2,0.08786201166775455,overlap,overlap,nonzero_remained_nonzero,0.8972383131550314,0.8794876346533221,-0.017750678501709305,"[292.0,249.0,456.0,383.0]","[294.0,250.0,456.0,383.0]","[289.63,244.92,448.0,380.90999999999997]",True,,,0.0,,,0.0
t2_vqa_grounding,hallu_000921_COCO_train2014_000000231963,COCO_train2014_000000231963.jpg,the train next to the platform,relation,train,1.0,1,0.13160242708333336,overlap,overlap,nonzero_remained_nonzero,0.07881117539903505,0.06486750672887456,-0.013943668670160489,"[222.0,238.0,400.0,374.0]","[228.0,240.0,400.0,375.0]","[0.0,224.36,256.72,381.84000000000003]",True,,,0.0,,,0.0
t2_vqa_grounding,hallu_000923_COCO_train2014_000000333356,COCO_train2014_000000333356.jpg,the backpack on the person's back,relation,backpack,1.0,3,0.06068039391063085,valid_zero,valid_zero,valid_zero_unresolved,0.0,0.0,0.0,"[135.0,185.0,266.0,370.0]","[140.0,186.0,265.0,370.0]","[390.49,277.0,504.94,422.23]",True,wrong_same_category_instance,backpack,0.862558276610102,wrong_same_category_instance,backpack,0.8370227157151231
t2_vqa_grounding,hallu_000926_COCO_train2014_000000434539,COCO_train2014_000000434539.jpg,the person holding a wine glass,relation,person,1.0,3,0.28826509159482755,overlap,overlap,nonzero_remained_nonzero,0.005668957668203838,0.010763896908610612,0.005094939240406774,"[112.0,48.0,412.0,388.0]","[109.0,47.0,415.0,386.0]","[408.74,82.11,640.0,406.0]",True,,,0.0,,,0.0
t2_vqa_grounding,hallu_000931_COCO_train2014_000000062233,COCO_train2014_000000062233.jpg,the person holding a remote,relation,person,1.0,3,0.25816587890625,valid_zero,valid_zero,valid_zero_unresolved,0.0,0.0,0.0,"[517.0,81.0,640.0,442.0]","[518.0,80.0,640.0,442.0]","[0.0,53.35,190.12,442.69]",True,wrong_same_category_instance,person,0.9577034105275825,wrong_same_category_instance,person,0.9525485535333232
t2_vqa_grounding,hallu_000932_COCO_train2014_000000066853,COCO_train2014_000000066853.jpg,the laptop in front of the TV,relation,laptop,1.0,2,0.0889526458333333,valid_zero,overlap,valid_zero_recovered,0.0,0.8989695486058225,0.8989695486058225,"[392.0,298.0,617.0,460.0]","[54.0,306.0,237.0,468.0]","[59.85,311.03,231.67,470.06999999999994]",True,wrong_same_category_instance,laptop,0.9116876531364231,,,0.0
t2_vqa_grounding,hallu_000934_COCO_train2014_000000328064,COCO_train2014_000000328064.jpg,the person next to the umbrella,relation,person,1.0,1,0.17289048177083338,overlap,overlap,nonzero_remained_nonzero,0.727556788267563,0.718294448506041,-0.00926233976152202,"[338.0,110.0,496.0,357.0]","[340.0,110.0,496.0,357.0]","[289.08,103.55,495.1,361.35]",True,,,0.0,,,0.0
t2_vqa_grounding,hallu_000935_COCO_train2014_000000271473,COCO_train2014_000000271473.jpg,the person holding a wine glass,relation,person,1.0,1,0.07669699218750002,valid_zero,valid_zero,valid_zero_unresolved,0.0,0.0,0.0,"[422.0,142.0,581.0,330.0]","[425.0,140.0,586.0,330.0]","[209.26,118.65,354.88,280.45000000000005]",True,wrong_same_category_instance,person,0.9202299626750045,wrong_same_category_instance,person,0.9226276525426704
t2_vqa_grounding,hallu_000936_COCO_train2014_000000524925,COCO_train2014_000000524925.jpg,the airplane behind the car,relation,airplane,1.0,3,0.08903033234126984,overlap,overlap,nonzero_remained_nonzero,0.9457964844926225,0.667406195034501,-0.2783902894581215,"[176.0,127.0,504.0,208.0]","[250.0,140.0,506.0,207.0]","[178.33,129.49,503.19000000000005,206.84]",True,,,0.0,,,0.0
t2_vqa_grounding,hallu_000945_COCO_train2014_000000241785,COCO_train2014_000000241785.jpg,the couch under the dog,relation,couch,1.0,1,0.4042198821333333,overlap,overlap,nonzero_remained_nonzero,0.8828495332325272,0.8847039747584033,0.0018544415258761049,"[48.0,198.0,500.0,364.0]","[47.0,198.0,500.0,364.0]","[45.16,207.26,499.18999999999994,374.19]",True,,,0.0,,,0.0
t2_vqa_grounding,hallu_000947_COCO_train2014_000000322239,COCO_train2014_000000322239.jpg,the bed under the suitcase,relation,bed,1.0,1,0.19762069173177085,valid_zero,overlap,valid_zero_recovered,0.0,0.19928136981355044,0.19928136981355044,"[250.0,220.0,640.0,476.0]","[0.0,0.0,640.0,476.0]","[2.49,5.86,347.84000000000003,181.65]",True,wrong_same_category_instance,bed,0.9634009446971137,,,0.0
t2_vqa_grounding,hallu_000951_COCO_train2014_000000427461,COCO_train2014_000000427461.jpg,the giraffe next to the person,relation,giraffe,1.0,1,0.4495124326697893,overlap,overlap,nonzero_remained_nonzero,0.5783134748854825,0.9629767601132578,0.3846632852277754,"[0.0,0.0,492.0,404.0]","[0.0,24.0,307.0,415.0]","[0.0,17.29,304.73,420.41]",True,,,0.0,,,0.0
t2_vqa_grounding,hallu_000955_COCO_train2014_000000125115,COCO_train2014_000000125115.jpg,the person holding the remote,relation,person,1.0,1,0.4266115113772454,overlap,overlap,nonzero_remained_nonzero,0.4268209893892133,0.4386261495610809,0.011805160171867612,"[182.0,54.0,302.0,334.0]","[184.0,56.0,307.0,334.0]","[181.98,68.86,454.56999999999994,330.22]",True,,,0.0,,,0.0
t2_vqa_grounding,hallu_000957_COCO_train2014_000000556669,COCO_train2014_000000556669.jpg,the person holding the baseball bat,relation,person,1.0,2,0.1984497153755868,overlap,overlap,nonzero_remained_nonzero,0.9110008133320633,0.9207965210023005,0.009795707670237186,"[376.0,126.0,562.0,391.0]","[376.0,125.0,564.0,390.0]","[374.31,119.66,570.55,395.37]",True,,,0.0,,,0.0
t2_vqa_grounding,hallu_000960_COCO_train2014_000000239331,COCO_train2014_000000239331.jpg,the person in front of the potted plant,relation,person,1.0,2,0.15677858455882354,overlap,overlap,nonzero_remained_nonzero,0.9769441054116388,0.9696136714589456,-0.007330433952693172,"[292.0,39.0,485.0,262.0]","[294.0,38.0,485.0,260.0]","[293.57,39.09,483.52,263.59000000000003]",True,,,0.0,,,0.0
t2_vqa_grounding,hallu_000961_COCO_train2014_000000063820,COCO_train2014_000000063820.jpg,the airplane in front of the terminal,relation,airplane,1.0,2,0.3633917487558548,overlap,overlap,nonzero_remained_nonzero,0.8778673361194689,0.8646231610313578,-0.013244175088111043,"[46.0,100.0,557.0,291.0]","[46.0,98.0,557.0,290.0]","[35.83,109.74,553.84,301.45]",True,,,0.0,,,0.0
t2_vqa_grounding,hallu_000962_COCO_train2014_000000524625,COCO_train2014_000000524625.jpg,the orange slices in the top left container,relation,orange,1.0,1,0.10163598615916956,overlap,overlap,nonzero_remained_nonzero,0.6984541631499763,0.6955317607937003,-0.002922402356276055,"[46.0,30.0,275.0,268.0]","[46.0,30.0,275.0,269.0]","[53.28,47.52,246.24,244.8]",True,,,0.0,,,0.0
t2_vqa_grounding,hallu_000966_COCO_train2014_000000480843,COCO_train2014_000000480843.jpg,the couch next to the window,relation,couch,1.0,1,0.07260167578125,overlap,overlap,nonzero_remained_nonzero,0.9349308487219286,0.8498344681960242,-0.0850963805259044,"[134.0,236.0,379.0,330.0]","[135.0,236.0,379.0,340.0]","[138.32,234.32,375.74,328.26]",True,,,0.0,,,0.0
t2_vqa_grounding,hallu_000972_COCO_train2014_000000135589,COCO_train2014_000000135589.jpg,the person wearing a red tie,attribute,person,1.0,1,0.4704166440217391,valid_zero,overlap,valid_zero_recovered,0.0,0.9361412756113682,0.9361412756113682,"[346.0,154.0,640.0,414.0]","[0.0,40.0,356.0,414.0]","[0.93,42.76,342.04,408.15999999999997]",True,wrong_same_category_instance,person,0.877256540499284,,,0.0
t2_vqa_grounding,hallu_000973_COCO_train2014_000000443593,COCO_train2014_000000443593.jpg,the person reaching for the frisbee,relation,person,1.0,3,0.12993171084337346,overlap,overlap,nonzero_remained_nonzero,0.2354178770751041,0.22461226054703737,-0.01080561652806672,"[327.0,52.0,476.0,415.0]","[330.0,54.0,476.0,415.0]","[267.32,114.5,384.15999999999997,409.86]",True,,,0.0,,,0.0
t2_vqa_grounding,hallu_000974_COCO_train2014_000000232770,COCO_train2014_000000232770.jpg,the person holding the orange,relation,person,1.0,1,0.4808571708984374,overlap,overlap,nonzero_remained_nonzero,0.2962956335170423,0.29567694414374035,-0.0006186893733019505,"[277.0,52.0,602.0,637.0]","[278.0,54.0,602.0,637.0]","[21.12,207.11,485.69,631.0699999999999]",True,,,0.0,,,0.0
t2_vqa_grounding,hallu_000978_COCO_train2014_000000359497,COCO_train2014_000000359497.jpg,the baseball player holding the bat,relation,person,1.0,2,0.4144487295854271,overlap,overlap,nonzero_remained_nonzero,0.967169743333256,0.9646868669802943,-0.002482876352961738,"[146.0,26.0,457.0,358.0]","[146.0,25.0,457.0,358.0]","[141.31,25.94,455.24,362.21999999999997]",True,,,0.0,,,0.0
t2_vqa_grounding,hallu_000985_COCO_train2014_000000311925,COCO_train2014_000000311925.jpg,the black car next to the bicycle,relation,car,1.0,2,0.12470229215801892,overlap,overlap,nonzero_remained_nonzero,0.05372057208455201,0.06691176026891195,0.013191188184359937,"[158.0,113.0,500.0,256.0]","[160.0,114.0,507.0,258.0]","[470.5,79.39,639.19,279.99]",True,,,0.0,,,0.0
t2_vqa_grounding,hallu_000987_COCO_train2014_000000514088,COCO_train2014_000000514088.jpg,the person sitting next to the handbag,relation,person,1.0,3,0.1583568528528528,overlap,overlap,nonzero_remained_nonzero,0.9797797036874455,0.9613716780750454,-0.01840802561240007,"[76.0,65.0,222.0,247.0]","[76.0,65.0,224.0,248.0]","[75.07,66.05,221.42,246.20999999999998]",True,,,0.0,,,0.0
t2_vqa_grounding,hallu_000988_COCO_train2014_000000463496,COCO_train2014_000000463496.jpg,the dining table in front of the person,relation,dining table,1.0,1,0.055742643442622954,overlap,overlap,nonzero_remained_nonzero,0.845315367297727,0.8655394961409854,0.020224128843258304,"[174.0,184.0,292.0,336.0]","[174.0,185.0,290.0,336.0]","[173.71,192.68,287.29,326.8]",True,,,0.0,,,0.0
t2_vqa_grounding,hallu_000990_COCO_train2014_000000526794,COCO_train2014_000000526794.jpg,the couch next to the coffee table,relation,couch,1.0,1,0.17321348419117644,overlap,overlap,nonzero_remained_nonzero,0.9598085317693406,0.8694788971209169,-0.0903296346484237,"[1.0,249.0,275.0,415.0]","[0.0,250.0,304.0,415.0]","[0.0,247.69,274.19,419.52]",True,,,0.0,,,0.0
t2_vqa_grounding,hallu_000992_COCO_train2014_000000080931,COCO_train2014_000000080931.jpg,the child in front of the pizza,relation,person,1.0,1,0.1284768001302083,overlap,overlap,nonzero_remained_nonzero,0.9450384436174868,0.9643135379024932,0.0192750942850064,"[182.0,117.0,374.0,327.0]","[184.0,117.0,375.0,326.0]","[185.51,117.73,377.40999999999997,323.4]",True,,,0.0,,,0.0
t2_vqa_grounding,hallu_000993_COCO_train2014_000000203671,COCO_train2014_000000203671.jpg,the horse in front of the person,relation,horse,1.0,1,0.39830877671252923,overlap,overlap,nonzero_remained_nonzero,0.9537683706241655,0.9503983119404487,-0.00337005868371687,"[10.0,162.0,440.0,415.0]","[10.0,164.0,445.0,415.0]","[12.83,164.57,437.08,421.14]",True,,,0.0,,,0.0
t2_vqa_grounding,hallu_017587_COCO_train2014_000000017587,COCO_train2014_000000017587.jpg,the person holding a cup,relation,person,0.3283308370788309,3,0.06071989239386793,valid_zero,valid_zero,valid_zero_unresolved,0.0,0.0,0.0,"[327.0,44.0,640.0,415.0]","[329.0,45.0,640.0,415.0]","[11.43,125.77,262.03,191.52]",True,wrong_same_category_instance,person,0.9806614241584812,wrong_same_category_instance,person,0.9771727003067158
t2_vqa_grounding,hallu_019123_COCO_train2014_000000019123,COCO_train2014_000000019123.jpg,the person sitting in front of the bookshelf,relation,,0.0,0,0.0249755859375,valid_zero,valid_zero,valid_zero_unresolved,0.0,0.0,0.0,"[82.0,367.0,260.0,637.0]","[80.0,367.0,259.0,640.0]","[84.66,265.48,162.16,364.48]",True,other_category_or_reference,person,0.8797769193588653,other_category_or_reference,person,0.8653685843719239
t2_vqa_grounding,hallu_027006_COCO_train2014_000000027006,COCO_train2014_000000027006.jpg,the person sitting on the bench,relation,,0.0,0,0.005882725911458334,valid_zero,valid_zero,valid_zero_unresolved,0.0,0.0,0.0,"[120.0,309.0,290.0,585.0]","[120.0,309.0,294.0,586.0]","[117.66,276.69,178.04,306.62]",True,other_category_or_reference,person,0.9411395475634396,other_category_or_reference,person,0.9597826320653511
t2_vqa_grounding,hallu_042972_COCO_train2014_000000042972,COCO_train2014_000000042972.jpg,the couch next to the coffee table,relation,,0.0,0,0.007500144531249993,valid_zero,valid_zero,valid_zero_unresolved,0.0,0.0,0.0,"[339.0,204.0,605.0,360.0]","[340.0,205.0,607.0,360.0]","[307.61,189.93,332.39,282.91]",True,other_category_or_reference,couch,0.9354093085592401,other_category_or_reference,couch,0.9309017781301177
t2_vqa_grounding,hallu_059582_COCO_train2014_000000059582,COCO_train2014_000000059582.jpg,the green cup next to the pink cup,relation,cup,0.020689645246165404,2,0.004955156250000002,overlap,overlap,nonzero_remained_nonzero,0.011668783511639738,0.011668783511639738,0.0,"[168.0,237.0,450.0,476.0]","[168.0,237.0,450.0,476.0]","[168.27,230.12,273.98,244.52]",True,,,0.0,,,0.0
t2_vqa_grounding,hallu_063866_COCO_train2014_000000063866,COCO_train2014_000000063866.jpg,the chair next to the dining table,relation,dining table,0.4422824726375559,2,0.16769125791139242,valid_zero,valid_zero,valid_zero_unresolved,0.0,0.0,0.0,"[432.0,455.0,592.0,632.0]","[435.0,460.0,597.0,632.0]","[178.63,173.0,415.79,459.0]",True,other_category_or_reference,chair,0.8775325357551708,other_category_or_reference,chair,0.874739486549643
t2_vqa_grounding,hallu_073922_COCO_train2014_000000073922,COCO_train2014_000000073922.jpg,the bird next to the apple,relation,bird,0.01793291795014853,1,0.08043238384674134,overlap,valid_zero,nonzero_regressed_to_zero,0.003538666649815724,0.0,-0.003538666649815724,"[140.0,204.0,388.0,333.0]","[140.0,205.0,389.0,336.0]","[148.89,98.46,386.46,204.85]",True,,,0.0,target_annotation_coordinate_mismatch,bird,0.7834630652929067
t2_vqa_grounding,hallu_073951_COCO_train2014_000000073951,COCO_train2014_000000073951.jpg,the person holding the frisbee,relation,person,0.1676230931327769,2,0.03610333158995817,overlap,overlap,nonzero_remained_nonzero,0.16836223838051254,0.16711728766424006,-0.0012449507162724804,"[139.0,143.0,336.0,476.0]","[140.0,145.0,336.0,476.0]","[139.06,146.56,198.8,331.44]",True,,,0.0,,,0.0
t2_vqa_grounding,hallu_083159_COCO_train2014_000000083159,COCO_train2014_000000083159.jpg,the bowl of sauce next to the pizza,relation,bowl,0.19635582084367023,1,0.03483184625589621,overlap,overlap,nonzero_remained_nonzero,0.17210111172827686,0.1686173337934557,-0.0034837779348211584,"[195.0,0.0,420.0,206.0]","[196.0,0.0,420.0,205.0]","[188.83,0.72,235.17,204.69]",True,,,0.0,,,0.0
t2_vqa_grounding,hallu_084815_COCO_train2014_000000084815,COCO_train2014_000000084815.jpg,the chair behind the dining table,relation,chair,0.23067952045412018,1,0.02144108421361502,overlap,overlap,nonzero_remained_nonzero,0.2428705544262176,0.2813128315812201,0.03844227715500251,"[74.0,17.0,230.0,130.0]","[75.0,18.0,240.0,130.0]","[169.14,28.62,246.7,103.99]",True,,,0.0,,,0.0
t2_vqa_grounding,hallu_087518_COCO_train2014_000000087518,COCO_train2014_000000087518.jpg,the cat sitting on the TV stand,relation,person,0.3162654233394911,2,0.09148239583333334,valid_zero,valid_zero,valid_zero_unresolved,0.0,0.0,0.0,"[312.0,357.0,425.0,530.0]","[314.0,357.0,426.0,530.0]","[119.57,191.74,311.01,338.54]",True,other_category_or_reference,cat,0.8526869067759838,other_category_or_reference,cat,0.8451410049461079
t2_vqa_grounding,hallu_102290_COCO_train2014_000000102290,COCO_train2014_000000102290.jpg,the person next to the traffic light,relation,person,0.028611183508858492,3,0.023402241341030187,valid_zero,valid_zero,valid_zero_unresolved,0.0,0.0,0.0,"[262.0,394.0,380.0,517.0]","[264.0,395.0,380.0,517.0]","[94.89,184.78,149.32,339.7]",True,partial_or_oversized_region,backpack,0.12669109164425807,partial_or_oversized_region,backpack,0.12885614966988684
t2_vqa_grounding,hallu_106499_COCO_train2014_000000106499,COCO_train2014_000000106499.jpg,the man next to the suitcase,relation,person,0.25447825513386013,1,0.11400822656250002,overlap,overlap,nonzero_remained_nonzero,0.010283371630463988,0.010315407912273535,3.2036281809547096e-05,"[290.0,188.0,426.0,605.0]","[290.0,187.0,425.0,605.0]","[137.76,189.35,294.17,413.27]",True,,,0.0,,,0.0
t2_vqa_grounding,hallu_109117_COCO_train2014_000000109117,COCO_train2014_000000109117.jpg,the dining table in front of the pizza,relation,chair,0.008424835039264077,11,0.00043123353337236016,valid_zero,valid_zero,valid_zero_unresolved,0.0,0.0,0.0,"[164.0,284.0,502.0,415.0]","[164.0,258.0,502.0,415.0]","[0.0,143.59,206.75,144.16]",True,partial_or_oversized_region,dining table,0.42460328955020044,other_category_or_reference,dining table,0.5082182586209705
t2_vqa_grounding,hallu_113436_COCO_train2014_000000113436,COCO_train2014_000000113436.jpg,the person sitting on the wooden table,relation,person,0.21814200467904635,1,0.030486147540983607,overlap,overlap,nonzero_remained_nonzero,0.2152024158469338,0.21288266531824043,-0.002319750528693376,"[86.0,114.0,223.0,391.0]","[86.0,114.0,225.0,390.0]","[85.19,115.68,135.03,282.84]",True,,,0.0,,,0.0
t2_vqa_grounding,hallu_129359_COCO_train2014_000000129359,COCO_train2014_000000129359.jpg,the bowl with sprouts next to the spoon,relation,spoon,0.30084781467074473,0,0.05692230013020836,valid_zero,valid_zero,valid_zero_unresolved,0.0,0.0,0.0,"[291.0,273.0,484.0,356.0]","[290.0,274.0,485.0,356.0]","[192.14,88.95,287.16,272.98]",True,other_category_or_reference,bowl,0.8940530873803051,other_category_or_reference,bowl,0.8840628962346084
t2_vqa_grounding,hallu_135796_COCO_train2014_000000135796,COCO_train2014_000000135796.jpg,the bowl on the table,relation,chair,0.038023721542535624,0,0.0035066367187499997,valid_zero,valid_zero,valid_zero_unresolved,0.0,0.0,0.0,"[196.0,275.0,425.0,443.0]","[196.0,275.0,428.0,443.0]","[195.78,194.59,224.82,244.05]",True,other_category_or_reference,bowl,0.8083710609000846,other_category_or_reference,bowl,0.7995083804305677
t2_vqa_grounding,hallu_136962_COCO_train2014_000000136962,COCO_train2014_000000136962.jpg,the hot dog in the bun,relation,hot dog,0.47236580370145026,2,0.11111010253906249,overlap,overlap,nonzero_remained_nonzero,0.4408654256962379,0.44562654064745544,0.00476111495121756,"[128.0,24.0,377.0,311.0]","[128.0,24.0,376.0,309.0]","[120.94,27.22,253.09,285.51]",True,,,0.0,,,0.0
t2_vqa_grounding,hallu_140291_COCO_train2014_000000140291,COCO_train2014_000000140291.jpg,the person standing next to the truck,relation,person,0.4633034622647672,1,0.06980759765624998,valid_zero,overlap,valid_zero_recovered,0.0,0.4628128021408839,0.4628128021408839,"[178.0,69.0,591.0,476.0]","[40.0,105.0,168.0,467.0]","[43.7,106.92,126.55,365.76]",True,wrong_same_category_instance,person,0.8984797865441931,,,0.0
t2_vqa_grounding,hallu_149921_COCO_train2014_000000149921,COCO_train2014_000000149921.jpg,the bench next to the dining table,relation,person,0.489589483901028,10,0.13152041145833335,valid_zero,valid_zero,valid_zero_unresolved,0.0,0.0,0.0,"[369.0,297.0,532.0,476.0]","[369.0,284.0,530.0,476.0]","[127.58,155.96,367.96,324.04]",True,other_category_or_reference,bench,0.6442884063338972,other_category_or_reference,bench,0.6088917090947261
t2_vqa_grounding,hallu_156757_COCO_train2014_000000156757,COCO_train2014_000000156757.jpg,the tie on the person's neck,relation,person,0.030836098376493707,4,0.0100318558951965,valid_zero,overlap,valid_zero_recovered,0.0,0.007876444751487813,0.007876444751487813,"[198.0,162.0,282.0,383.0]","[174.0,50.0,362.0,448.0]","[83.37,179.08,197.61,204.82]",True,other_category_or_reference,tie,0.9039840656988939,,,0.0
t2_vqa_grounding,hallu_161941_COCO_train2014_000000161941,COCO_train2014_000000161941.jpg,the dining table in front of the kitchen island,relation,book,0.052501192985316705,4,0.014152313590862399,false_rejection,false_rejection,false_rejection_unchanged,0.0,0.0,0.0,null,null,"[308.91,81.35,328.7,304.24]",False,,,0.0,,,0.0
t2_vqa_grounding,hallu_167028_COCO_train2014_000000167028,COCO_train2014_000000167028.jpg,the dining table with various dishes,object_only,person,0.3034967725884792,10,0.2884579140625,valid_zero,valid_zero,valid_zero_unresolved,0.0,0.0,0.0,"[0.0,313.0,640.0,476.0]","[0.0,314.0,640.0,476.0]","[7.53,169.02,631.75,310.98]",True,other_category_or_reference,dining table,0.9523886816637345,other_category_or_reference,dining table,0.9466180350651993
t2_vqa_grounding,hallu_173791_COCO_train2014_000000173791,COCO_train2014_000000173791.jpg,the catcher behind the batter,relation,person,0.003947140826191602,2,0.0004385395200650763,valid_zero,valid_zero,valid_zero_unresolved,0.0,0.0,0.0,"[141.0,176.0,261.0,360.0]","[140.0,176.0,259.0,360.0]","[121.48,179.62,137.05,187.93]",True,wrong_same_category_instance,person,0.8941523407638444,wrong_same_category_instance,person,0.9158351350882479
t2_vqa_grounding,hallu_177440_COCO_train2014_000000177440,COCO_train2014_000000177440.jpg,the teddy bear next to the large bear,relation,person,0.2086195799577791,0,0.05567547936182671,valid_zero,valid_zero,valid_zero_unresolved,0.0,0.0,0.0,"[379.0,228.0,508.0,381.0]","[379.0,228.0,506.0,381.0]","[138.17,165.04,371.35,230.29]",True,other_category_or_reference,teddy bear,0.8416641893574313,other_category_or_reference,teddy bear,0.8287794601418387
t2_vqa_grounding,hallu_183653_COCO_train2014_000000183653,COCO_train2014_000000183653.jpg,the dining table in front of the chairs,relation,person,0.304938994141446,4,0.021453643802228407,overlap,overlap,nonzero_remained_nonzero,0.0025458591347669642,0.002556004294617868,1.0145159850903814e-05,"[163.0,150.0,392.0,359.0]","[164.0,150.0,392.0,359.0]","[165.48,64.51,221.57,152.39]",True,,,0.0,,,0.0
t2_vqa_grounding,hallu_203621_COCO_train2014_000000203621,COCO_train2014_000000203621.jpg,the cat on the desk,relation,cat,0.4094414480285409,1,0.2118855448154657,overlap,overlap,nonzero_remained_nonzero,0.3893659033050153,0.38409252306803393,-0.005273380236981373,"[75.0,178.0,632.0,516.0]","[78.0,179.0,640.0,516.0]","[112.58,171.31,527.42,357.31]",True,,,0.0,,,0.0
t2_vqa_grounding,hallu_212070_COCO_train2014_000000212070,COCO_train2014_000000212070.jpg,the umbrella held by the person,relation,umbrella,0.014260724806676195,3,0.030940409104215444,valid_zero,valid_zero,valid_zero_unresolved,0.0,0.0,0.0,"[273.0,143.0,551.0,415.0]","[274.0,145.0,550.0,415.0]","[234.85,82.42,405.15,132.07]",True,wrong_same_category_instance,umbrella,0.9538230820767957,wrong_same_category_instance,umbrella,0.9503746896212659
t2_vqa_grounding,hallu_223348_COCO_train2014_000000223348,COCO_train2014_000000223348.jpg,the person next to the donuts,relation,person,0.27729288293319826,2,0.12322540983606554,overlap,overlap,nonzero_remained_nonzero,0.2895394496091839,0.2899746339213652,0.0004351843121813137,"[153.0,31.0,392.0,415.0]","[154.0,30.0,392.0,415.0]","[213.0,132.42,427.0,289.78]",True,,,0.0,,,0.0
t2_vqa_grounding,hallu_226357_COCO_train2014_000000226357,COCO_train2014_000000226357.jpg,the person in front of the TV,relation,person,0.15195759958050195,1,0.02895566150700935,overlap,overlap,nonzero_remained_nonzero,0.1476321042345277,0.08855147318055426,-0.05908063105397343,"[121.0,108.0,296.0,415.0]","[0.0,14.0,156.0,415.0]","[126.88,115.34,167.16,312.25]",True,,,0.0,,,0.0
t2_vqa_grounding,hallu_237831_COCO_train2014_000000237831,COCO_train2014_000000237831.jpg,the baby in the high chair,relation,person,0.08881469835447009,1,0.03670043032786884,valid_zero,valid_zero,valid_zero_unresolved,0.0,0.0,0.0,"[110.0,397.0,284.0,637.0]","[109.0,397.0,284.0,635.0]","[113.32,245.22,180.38,394.78]",True,wrong_same_category_instance,person,0.9096952875220461,wrong_same_category_instance,person,0.8975031620860863
t2_vqa_grounding,hallu_239616_COCO_train2014_000000239616,COCO_train2014_000000239616.jpg,the teddy bear next to the person,relation,teddy bear,0.9146276009402465,2,0.5489667187299757,overlap,overlap,nonzero_remained_nonzero,0.9014366009772022,0.9161205353077142,0.01468393433051196,"[27.0,21.0,408.0,596.0]","[20.0,24.0,408.0,596.0]","[19.21,21.96,393.82,570.83]",True,,,0.0,,,0.0
t2_vqa_grounding,hallu_242145_COCO_train2014_000000242145,COCO_train2014_000000242145.jpg,the suitcase next to the blue drum case,relation,person,0.0431466296605302,11,0.006431343749999989,overlap,valid_zero,nonzero_regressed_to_zero,0.00038216181095632125,0.0,-0.00038216181095632125,"[324.0,185.0,426.0,361.0]","[345.0,186.0,427.0,360.0]","[98.16,179.05,326.83,187.69]",True,,,0.0,other_category_or_reference,suitcase,0.7631626452977741
t2_vqa_grounding,hallu_246641_COCO_train2014_000000246641,COCO_train2014_000000246641.jpg,the person sitting at the table,relation,person,0.97981569984819,1,0.06814127604166667,false_rejection,false_rejection,false_rejection_unchanged,0.0,0.0,0.0,null,null,"[0.94,1.41,165.94,96.56]",False,,,0.0,,,0.0
t2_vqa_grounding,hallu_248957_COCO_train2014_000000248957,COCO_train2014_000000248957.jpg,the chair behind the computer,relation,chair,0.2013801942863129,1,0.028965720052083335,overlap,overlap,nonzero_remained_nonzero,0.29957118379898673,0.30754644571049133,0.007975261911504605,"[173.0,23.0,330.0,154.0]","[174.0,25.0,330.0,156.0]","[174.98,27.61,228.72,193.19]",True,,,0.0,,,0.0
t2_vqa_grounding,hallu_252810_COCO_train2014_000000252810,COCO_train2014_000000252810.jpg,the giraffe next to the bird,relation,giraffe,0.578363596921586,1,0.2132616203161592,false_rejection,false_rejection,false_rejection_unchanged,0.0,0.0,0.0,null,null,"[86.36,67.17,288.82,355.03]",False,,,0.0,,,0.0
t2_vqa_grounding,hallu_269532_COCO_train2014_000000269532,COCO_train2014_000000269532.jpg,the person next to the sheep,relation,person,0.4906325362471783,3,0.07312701171875,valid_zero,valid_zero,valid_zero_unresolved,0.0,0.0,0.0,"[365.0,44.0,570.0,289.0]","[364.0,45.0,570.0,289.0]","[191.17,45.65,361.89,221.1]",True,wrong_same_category_instance,person,0.8166946659454044,wrong_same_category_instance,person,0.8239845595120142
t2_vqa_grounding,hallu_273951_COCO_train2014_000000273951,COCO_train2014_000000273951.jpg,the backpack on the person's back,relation,person,0.31022110437420725,2,0.23081512638403262,overlap,overlap,nonzero_remained_nonzero,0.11712692910306688,0.11326997470619146,-0.003856954396875417,"[432.0,139.0,640.0,415.0]","[435.0,139.0,640.0,415.0]","[122.57,130.37,514.8,291.94]",True,,,0.0,,,0.0
t2_vqa_grounding,hallu_278293_COCO_train2014_000000278293,COCO_train2014_000000278293.jpg,the couch next to the suitcase,relation,potted plant,0.26322860957321714,0,0.028131217798594843,overlap,overlap,nonzero_remained_nonzero,0.016623506689539408,0.016541780125988826,-8.172656355058192e-05,"[152.0,169.0,513.0,308.0]","[154.0,169.0,513.0,308.0]","[150.6,136.83,359.96,173.55]",True,,,0.0,,,0.0
t2_vqa_grounding,hallu_280059_COCO_train2014_000000280059,COCO_train2014_000000280059.jpg,the horse in front of the cart,relation,horse,0.3115916265168964,1,0.09625552205023366,overlap,overlap,nonzero_remained_nonzero,0.30813309828608115,0.3064032444221585,-0.001729853863922659,"[146.0,96.0,404.0,415.0]","[147.0,98.0,405.0,415.0]","[142.67,98.49,256.8,329.51]",True,,,0.0,,,0.0
t2_vqa_grounding,hallu_282339_COCO_train2014_000000282339,COCO_train2014_000000282339.jpg,the person holding the cell phone,relation,person,0.22335198408010165,1,0.10343254296874999,overlap,overlap,nonzero_remained_nonzero,0.22343309406457057,0.22139450596449675,-0.002038588100073818,"[42.0,123.0,368.0,476.0]","[40.0,125.0,368.0,476.0]","[272.18,71.19,367.82,403.42]",True,,,0.0,,,0.0
t2_vqa_grounding,hallu_284835_COCO_train2014_000000284835,COCO_train2014_000000284835.jpg,the oven in front of the person,relation,person,0.0332008320309866,2,0.030722703820257616,overlap,overlap,nonzero_remained_nonzero,0.028521811259961918,0.02197356384164989,-0.0065482474183120275,"[258.0,40.0,450.0,260.0]","[260.0,45.0,448.0,279.0]","[207.66,77.71,268.11,216.6]",True,,,0.0,,,0.0
t2_vqa_grounding,hallu_285679_COCO_train2014_000000285679,COCO_train2014_000000285679.jpg,the car in front of the truck,relation,truck,0.010422552867337561,1,0.017760559865339573,valid_zero,valid_zero,valid_zero_unresolved,0.0,0.0,0.0,"[342.0,303.0,500.0,370.0]","[348.0,305.0,506.0,370.0]","[151.27,82.33,174.25,293.54]",True,other_category_or_reference,car,0.5657628945630578,other_category_or_reference,car,0.5761589836823899
t2_vqa_grounding,hallu_286132_COCO_train2014_000000286132,COCO_train2014_000000286132.jpg,the person holding skis,relation,person,0.4684507210536542,1,0.09423499479166667,overlap,overlap,nonzero_remained_nonzero,0.0008410653494426186,0.001011009420799799,0.00016994407135718047,"[170.0,269.0,386.0,634.0]","[170.0,245.0,386.0,634.0]","[50.64,120.87,170.98,361.43]",True,,,0.0,,,0.0
t2_vqa_grounding,hallu_294353_COCO_train2014_000000294353,COCO_train2014_000000294353.jpg,the vase in front of the potted plant,relation,vase,0.09903362817638209,2,0.016850181746861932,false_rejection,false_rejection,false_rejection_unchanged,0.0,0.0,0.0,null,null,"[76.22,269.94,155.33,335.1]",False,,,0.0,,,0.0
t2_vqa_grounding,hallu_309292_COCO_train2014_000000309292,COCO_train2014_000000309292.jpg,the bowl in front of the spoon,relation,cup,0.19291470393974877,2,0.026685135135135127,valid_zero,valid_zero,valid_zero_unresolved,0.0,0.0,0.0,"[157.0,172.0,311.0,308.0]","[157.0,174.0,310.0,308.0]","[10.5,132.0,156.75,162.38]",True,other_category_or_reference,bowl,0.9602449502735869,other_category_or_reference,bowl,0.9399907055109354
t2_vqa_grounding,hallu_311067_COCO_train2014_000000311067,COCO_train2014_000000311067.jpg,the airplane next to the terminal,relation,airplane,0.3851702558721484,1,0.10781079334365325,overlap,overlap,nonzero_remained_nonzero,0.36885747978224415,0.3716074721423877,0.0027499923601435605,"[43.0,76.0,501.0,199.0]","[45.0,76.0,501.0,198.0]","[43.55,73.31,452.93,127.75]",True,,,0.0,,,0.0
t2_vqa_grounding,hallu_313617_COCO_train2014_000000313617,COCO_train2014_000000313617.jpg,the dining table with the pizza on it,relation,dining table,0.9861653817720984,1,0.3590509635416667,overlap,overlap,nonzero_remained_nonzero,0.3620681985294118,0.3620681985294118,0.0,"[0.0,0.0,640.0,476.0]","[0.0,0.0,640.0,476.0]","[0.0,6.55,236.24,473.45]",True,,,0.0,,,0.0
t2_vqa_grounding,hallu_313873_COCO_train2014_000000313873,COCO_train2014_000000313873.jpg,the person holding a cell phone,relation,person,0.45626561305105273,2,0.14888072963390148,valid_zero,valid_zero,valid_zero_unresolved,0.0,0.0,0.0,"[320.0,34.0,596.0,596.0]","[340.0,35.0,596.0,597.0]","[123.78,45.38,248.92,490.98]",True,wrong_same_category_instance,person,0.8960321742073988,wrong_same_category_instance,person,0.831374051996307
t2_vqa_grounding,hallu_329239_COCO_train2014_000000329239,COCO_train2014_000000329239.jpg,the car parked behind the tennis court,relation,car,0.32290865370081334,3,0.07209295411299765,valid_zero,valid_zero,valid_zero_unresolved,0.0,0.0,0.0,"[423.0,64.0,566.0,205.0]","[425.0,67.0,580.0,210.0]","[140.23,66.42,421.48,136.47]",True,wrong_same_category_instance,car,0.9292758970324169,wrong_same_category_instance,car,0.8175047209274302
t2_vqa_grounding,hallu_333225_COCO_train2014_000000333225,COCO_train2014_000000333225.jpg,the broccoli next to the carrot,relation,broccoli,0.9882066276803119,2,0.0592676924951267,overlap,overlap,nonzero_remained_nonzero,0.0010609687641398122,0.0012264050189958857,0.00016543625485607345,"[172.0,99.0,378.0,333.0]","[174.0,98.0,375.0,336.0]","[0.0,1.21,191.92,102.6]",True,,,0.0,,,0.0
t2_vqa_grounding,hallu_351242_COCO_train2014_000000351242,COCO_train2014_000000351242.jpg,the hot dog on the blue plate,relation,chair,0.12840030833075472,0,0.039099312307098774,overlap,valid_zero,nonzero_regressed_to_zero,0.00010905629955997514,0.0,-0.00010905629955997514,"[210.0,291.0,341.0,445.0]","[456.0,287.0,635.0,450.0]","[129.22,149.81,210.41,299.6]",True,,,0.0,other_category_or_reference,hot dog,0.8460691482280919
t2_vqa_grounding,hallu_351686_COCO_train2014_000000351686,COCO_train2014_000000351686.jpg,the banana next to the apple,relation,banana,0.7242848965600005,1,0.25854040494791664,overlap,overlap,nonzero_remained_nonzero,0.2598616552888902,0.26126619454829897,0.0014045392594087547,"[189.0,98.0,490.0,367.0]","[189.0,97.0,486.0,365.0]","[106.91,19.04,527.43,207.91]",True,,,0.0,,,0.0
t2_vqa_grounding,hallu_354716_COCO_train2014_000000354716,COCO_train2014_000000354716.jpg,the chair in front of the couch,relation,chair,0.27562820774406094,2,0.005277744140625001,overlap,overlap,nonzero_remained_nonzero,0.0026690301768514057,0.001812815404573444,-0.0008562147722779617,"[135.0,260.0,310.0,470.0]","[134.0,260.0,389.0,475.0]","[135.28,216.57,170.26,262.92]",True,,,0.0,,,0.0
t2_vqa_grounding,hallu_359529_COCO_train2014_000000359529,COCO_train2014_000000359529.jpg,the dog on the TV screen,relation,tv,0.029762029470338236,0,0.05222265600000002,valid_zero,overlap,valid_zero_recovered,0.0,0.024881699075674495,0.024881699075674495,"[288.0,35.0,500.0,196.0]","[274.0,0.0,500.0,260.0]","[213.64,35.04,286.36,169.69]",True,other_category_or_reference,dog,0.9410515827400883,,,0.0
t2_vqa_grounding,hallu_364293_COCO_train2014_000000364293,COCO_train2014_000000364293.jpg,the person next to the dishwasher,relation,person,0.8005547102216917,1,0.2549042187500001,valid_zero,overlap,valid_zero_recovered,0.0,0.7463250194758431,0.7463250194758431,"[374.0,94.0,476.0,560.0]","[0.0,107.0,194.0,640.0]","[0.0,103.55,188.4,519.19]",True,wrong_same_category_instance,person,0.8758756913974912,,,0.0
t2_vqa_grounding,hallu_365696_COCO_train2014_000000365696,COCO_train2014_000000365696.jpg,the horse next to the person,relation,horse,0.3732524321654502,1,0.08892256279205608,overlap,overlap,nonzero_remained_nonzero,0.19884532468551072,0.19916644876119113,0.00032112407568041235,"[98.0,135.0,422.0,388.0]","[98.0,140.0,425.0,387.0]","[32.22,138.98,270.6,241.16]",True,,,0.0,,,0.0
t2_vqa_grounding,hallu_374924_COCO_train2014_000000374924,COCO_train2014_000000374924.jpg,the person holding the baseball bat,relation,person,0.08677339729334221,1,0.08935288020833333,valid_zero,valid_zero,valid_zero_unresolved,0.0,0.0,0.0,"[288.0,127.0,429.0,466.0]","[289.0,127.0,429.0,465.0]","[144.54,126.82,285.58,321.44]",True,wrong_same_category_instance,person,0.9251542661079146,wrong_same_category_instance,person,0.9215618508390498
t2_vqa_grounding,hallu_385037_COCO_train2014_000000385037,COCO_train2014_000000385037.jpg,the person sitting on the motorcycle,relation,person,0.6887404555688103,1,0.2794304596202003,overlap,overlap,nonzero_remained_nonzero,0.7164225082171826,0.7031114700300193,-0.013311038187163282,"[170.0,64.0,392.0,532.0]","[170.0,64.0,395.0,528.0]","[161.03,22.58,358.2,565.88]",True,,,0.0,,,0.0
t2_vqa_grounding,hallu_389292_COCO_train2014_000000389292,COCO_train2014_000000389292.jpg,the dining table with plates and glasses,relation,person,0.4583517769554488,3,0.11493048155737703,overlap,overlap,nonzero_remained_nonzero,0.03455472306443863,0.03341793084226151,-0.0011367922221771215,"[0.0,309.0,462.0,415.0]","[0.0,309.0,465.0,420.0]","[33.83,92.35,166.41,329.25]",True,,,0.0,,,0.0
t2_vqa_grounding,hallu_390567_COCO_train2014_000000390567,COCO_train2014_000000390567.jpg,the yellow truck next to the white car,relation,,0.0,0,0.0057254746338912,false_rejection,false_rejection,false_rejection_unchanged,0.0,0.0,0.0,null,null,"[155.59,152.05,303.15,163.92]",False,,,0.0,,,0.0
t2_vqa_grounding,hallu_406509_COCO_train2014_000000406509,COCO_train2014_000000406509.jpg,the pizza on the table,relation,chair,0.29092564210856703,10,0.09337698219476742,overlap,overlap,nonzero_remained_nonzero,0.0016707734513211438,0.001408786893098325,-0.00026198655822281874,"[354.0,290.0,585.0,393.0]","[356.0,290.0,584.0,397.0]","[211.04,99.72,367.58,296.71]",True,,,0.0,,,0.0
t2_vqa_grounding,hallu_421876_COCO_train2014_000000421876,COCO_train2014_000000421876.jpg,the person in front of the TV,relation,tv,0.027699670684024277,0,0.008064753906249998,overlap,overlap,nonzero_remained_nonzero,0.004959631386470373,0.013914818957690032,0.008955187571219658,"[192.0,48.0,382.0,476.0]","[190.0,48.0,385.0,476.0]","[186.61,48.54,193.08,431.46]",True,,,0.0,,,0.0
t2_vqa_grounding,hallu_426149_COCO_train2014_000000426149,COCO_train2014_000000426149.jpg,the person next to the table,relation,person,0.2967103208010519,3,0.1297065429333333,valid_zero,overlap,valid_zero_recovered,0.0,0.20341797835917244,0.20341797835917244,"[348.0,3.0,500.0,359.0]","[50.0,74.0,176.0,348.0]","[84.73,111.66,307.89,220.64]",True,wrong_same_category_instance,person,0.8935044355672104,,,0.0
t2_vqa_grounding,hallu_431902_COCO_train2014_000000431902,COCO_train2014_000000431902.jpg,the person sitting next to the table,relation,person,0.40568290243348154,3,0.0593115448943662,false_rejection,false_rejection,false_rejection_unchanged,0.0,0.0,0.0,null,null,"[44.77,112.36,149.05,267.43]",False,,,0.0,,,0.0
t2_vqa_grounding,hallu_436539_COCO_train2014_000000436539,COCO_train2014_000000436539.jpg,the chair next to the dining table,relation,refrigerator,0.22472490019319213,0,0.05359986979166666,overlap,overlap,nonzero_remained_nonzero,0.014443280698575136,0.014391562891166552,-5.171780740858417e-05,"[116.0,347.0,287.0,637.0]","[116.0,347.0,289.0,635.0]","[2.0,263.61,148.0,376.39]",True,,,0.0,,,0.0
t2_vqa_grounding,hallu_459184_COCO_train2014_000000459184,COCO_train2014_000000459184.jpg,the person holding a cell phone,relation,person,0.30823066546973166,1,0.1254091801757812,overlap,overlap,nonzero_remained_nonzero,0.24041389156046603,0.23994449457991174,-0.00046939698055428747,"[120.0,135.0,550.0,598.0]","[120.0,135.0,549.0,600.0]","[204.68,114.59,343.07,485.77]",True,,,0.0,,,0.0
t2_vqa_grounding,hallu_459363_COCO_train2014_000000459363,COCO_train2014_000000459363.jpg,the person next to the handbag,relation,person,0.9917795331485239,1,0.5862030814096267,overlap,overlap,nonzero_remained_nonzero,0.9500565476573166,0.9419891278881825,-0.008067419769134165,"[0.0,10.0,377.0,497.0]","[0.0,14.0,376.0,504.0]","[2.29,1.14,384.32,501.0]",True,,,0.0,,,0.0
t2_vqa_grounding,hallu_464967_COCO_train2014_000000464967,COCO_train2014_000000464967.jpg,the oven in front of the person,relation,oven,0.009046619464516563,3,0.06868906738281251,overlap,overlap,nonzero_remained_nonzero,0.014691868853981127,0.1238154766893444,0.10912360783536326,"[224.0,204.0,332.0,510.0]","[0.0,189.0,174.0,625.0]","[99.46,170.81,230.11,332.32]",True,,,0.0,,,0.0
t2_vqa_grounding,hallu_485761_COCO_train2014_000000485761,COCO_train2014_000000485761.jpg,the white chair next to the brown chair,relation,chair,0.13419085666633843,1,0.034102695312499993,overlap,overlap,nonzero_remained_nonzero,0.12268903377389909,0.12408702513982488,0.0013979913659257909,"[184.0,128.0,422.0,465.0]","[184.0,129.0,420.0,465.0]","[181.21,132.31,232.81,335.34]",True,,,0.0,,,0.0
t2_vqa_grounding,hallu_485800_COCO_train2014_000000485800,COCO_train2014_000000485800.jpg,the person standing next to the chair,relation,person,0.3642961942374434,3,0.05292692024539876,overlap,overlap,nonzero_remained_nonzero,0.053397800481620385,0.20315591082814946,0.14975811034652908,"[114.0,210.0,248.0,442.0]","[58.0,130.0,146.0,413.0]","[70.79,162.92,185.39,238.2]",True,,,0.0,,,0.0
t2_vqa_grounding,hallu_487284_COCO_train2014_000000487284,COCO_train2014_000000487284.jpg,the couch next to the person,relation,person,0.2759865474252567,5,0.24854823723591554,overlap,overlap,nonzero_remained_nonzero,8.139662416358329e-05,0.02516081324585696,0.025079416621693378,"[524.0,292.0,640.0,415.0]","[20.0,269.0,204.0,415.0]","[113.49,130.59,526.51,294.66]",True,,,0.0,,,0.0
t2_vqa_grounding,hallu_496374_COCO_train2014_000000496374,COCO_train2014_000000496374.jpg,the pizza on the cooling rack,relation,pizza,0.1475444571149589,1,0.04356930978997292,valid_zero,valid_zero,valid_zero_unresolved,0.0,0.0,0.0,"[336.0,66.0,601.0,276.0]","[336.0,65.0,604.0,278.0]","[262.03,68.82,334.17,211.45]",True,wrong_same_category_instance,pizza,0.9433091083709264,wrong_same_category_instance,pizza,0.9374290231285797
t2_vqa_grounding,hallu_502148_COCO_train2014_000000502148,COCO_train2014_000000502148.jpg,the bed next to the suitcase,relation,suitcase,0.21170141729480757,0,0.054408524739583325,overlap,overlap,nonzero_remained_nonzero,0.0005539700801756831,0.002710258544540308,0.002156288464364625,"[112.0,347.0,476.0,637.0]","[109.0,346.0,476.0,635.0]","[107.62,284.13,372.38,347.26]",True,,,0.0,,,0.0
t2_vqa_grounding,hallu_508200_COCO_train2014_000000508200,COCO_train2014_000000508200.jpg,the bowl with chips next to the orange,relation,bowl,0.807287105107907,1,0.18839904342723002,overlap,overlap,nonzero_remained_nonzero,0.8390730081385334,0.827245507463245,-0.011827500675288372,"[40.0,18.0,343.0,214.0]","[40.0,15.0,346.0,217.0]","[39.34,15.35,307.02,207.24]",True,,,0.0,,,0.0
t2_vqa_grounding,hallu_512515_COCO_train2014_000000512515,COCO_train2014_000000512515.jpg,the chair next to the couch,relation,tv,0.15048535026253107,0,0.048149721098643,valid_zero,valid_zero,valid_zero_unresolved,0.0,0.0,0.0,"[0.0,324.0,285.0,476.0]","[0.0,324.0,285.0,476.0]","[26.38,160.25,243.61,228.2]",True,other_category_or_reference,couch,0.9552688943504112,other_category_or_reference,couch,0.9552688943504112
t2_vqa_grounding,hallu_522062_COCO_train2014_000000522062,COCO_train2014_000000522062.jpg,the person holding a wine glass,relation,person,0.1951969038446376,2,0.07816964924924923,overlap,overlap,nonzero_remained_nonzero,0.1206634642184357,0.12037718722927312,-0.00028627698916257327,"[16.0,96.0,204.0,498.0]","[16.0,97.0,204.0,500.0]","[85.99,166.61,247.01,247.44]",True,,,0.0,,,0.0
t2_vqa_grounding,hallu_527863_COCO_train2014_000000527863,COCO_train2014_000000527863.jpg,the broccoli next to the potatoes,relation,broccoli,0.1863254462787846,3,0.03769630533854167,overlap,overlap,nonzero_remained_nonzero,0.06530541875336945,0.06530541875336945,0.0,"[260.0,54.0,640.0,350.0]","[260.0,54.0,640.0,350.0]","[128.59,147.21,511.41,177.46]",True,,,0.0,,,0.0
t2_vqa_grounding,hallu_543695_COCO_train2014_000000543695,COCO_train2014_000000543695.jpg,the person holding a tennis racket,relation,tennis racket,0.11986815779903882,1,0.08149286301963046,overlap,valid_zero,nonzero_regressed_to_zero,0.004618009251693746,0.0,-0.004618009251693746,"[194.0,40.0,316.0,409.0]","[430.0,25.0,637.0,409.0]","[128.06,41.0,194.92,378.77]",True,,,0.0,other_category_or_reference,person,0.569012582002038
t2_vqa_grounding,hallu_545351_COCO_train2014_000000545351,COCO_train2014_000000545351.jpg,the person in the yellow jacket,attribute,person,0.11935483458239143,1,0.009365321626752347,overlap,overlap,nonzero_remained_nonzero,0.0013022145834717925,0.0013061045505870694,3.889967115276944e-06,"[178.0,263.0,305.0,579.0]","[178.0,264.0,305.0,579.0]","[116.53,264.39,179.36,305.22]",True,,,0.0,,,0.0
t2_vqa_grounding,hallu_559865_COCO_train2014_000000559865,COCO_train2014_000000559865.jpg,the bear next to the truck,relation,bear,0.08602634143371803,2,0.023682498301630436,overlap,overlap,nonzero_remained_nonzero,0.08523130407811157,0.08663802155628568,0.0014067174781741132,"[70.0,100.0,212.0,315.0]","[70.0,98.0,214.0,316.0]","[161.27,134.6,261.05,190.5]",True,,,0.0,,,0.0
t2_vqa_grounding,hallu_561406_COCO_train2014_000000561406,COCO_train2014_000000561406.jpg,the chair in front of the dining table,relation,person,0.3259025450742762,4,0.11113049479166665,overlap,overlap,nonzero_remained_nonzero,0.006996652034467215,0.005102947214824365,-0.0018937048196428496,"[32.0,374.0,299.0,476.0]","[40.0,375.0,298.0,476.0]","[43.15,94.92,163.95,377.53]",True,,,0.0,,,0.0
t2_vqa_grounding,hallu_561655_COCO_train2014_000000561655,COCO_train2014_000000561655.jpg,the colorful umbrella in front of the person,relation,umbrella,0.06664355894712184,2,0.01950314329625293,overlap,overlap,nonzero_remained_nonzero,0.06512486559139785,0.06320792912881573,-0.0019169364625821195,"[252.0,151.0,562.0,415.0]","[250.0,149.0,567.0,415.0]","[254.28,156.11,304.18,262.92]",True,,,0.0,,,0.0
t2_vqa_grounding,hallu_563601_COCO_train2014_000000563601,COCO_train2014_000000563601.jpg,the bowl next to the orange,relation,bowl,0.1258472606285094,2,0.04031175591960353,overlap,valid_zero,nonzero_regressed_to_zero,0.010414378889820103,0.0,-0.010414378889820103,"[392.0,188.0,625.0,428.0]","[405.0,189.0,627.0,427.0]","[218.33,191.63,402.99,255.06]",True,,,0.0,wrong_same_category_instance,bowl,0.8838221831069836
t2_vqa_grounding,hallu_565476_COCO_train2014_000000565476,COCO_train2014_000000565476.jpg,the apple in front of the bananas,relation,banana,0.09070311476594935,3,0.07031839999999999,valid_zero,valid_zero,valid_zero_unresolved,0.0,0.0,0.0,"[131.0,246.0,335.0,327.0]","[130.0,246.0,335.0,327.0]","[130.19,84.23,204.47,239.01]",True,other_category_or_reference,apple,0.8731607772255717,other_category_or_reference,apple,0.875737383920357
t2_vqa_grounding,hallu_573931_COCO_train2014_000000573931,COCO_train2014_000000573931.jpg,the glass of juice on the table,relation,,0.0,0,0.00012180811867230534,valid_zero,valid_zero,valid_zero_unresolved,0.0,0.0,0.0,"[336.0,320.0,572.0,602.0]","[335.0,320.0,604.0,602.0]","[302.56,291.56,305.31,308.15]",True,other_category_or_reference,cup,0.9506191436329317,other_category_or_reference,dining table,0.8470296987370662
t4_caption_grounding,hallu_000000_COCO_train2014_000000253945,COCO_train2014_000000253945.jpg,the umbrella held by the person,relation,umbrella,1.0,3,0.06865159104215456,overlap,overlap,nonzero_remained_nonzero,0.3818634644626553,0.37600062649316535,-0.005862837969489942,"[136.0,22.0,287.0,75.0]","[136.0,20.0,287.0,75.0]","[134.45,26.02,288.28,147.98]",True,,,0.0,,,0.0
t4_caption_grounding,hallu_000003_COCO_train2014_000000052219,COCO_train2014_000000052219.jpg,the person sitting at the table,relation,person,1.0,1,0.15932810675182477,overlap,overlap,nonzero_remained_nonzero,0.9556070997175933,0.9441655924357186,-0.011441507281874652,"[133.0,75.0,317.0,297.0]","[134.0,75.0,318.0,306.0]","[131.78,72.75,315.15999999999997,301.28999999999996]",True,,,0.0,,,0.0
t4_caption_grounding,hallu_000004_COCO_train2014_000000154911,COCO_train2014_000000154911.jpg,the laptop on the orange table,relation,laptop,1.0,1,0.05708395996093749,overlap,overlap,nonzero_remained_nonzero,0.026901463245279613,0.025752337234953578,-0.0011491260103260355,"[191.0,312.0,398.0,445.0]","[190.0,314.0,398.0,450.0]","[382.92,286.74,552.27,390.29]",True,,,0.0,,,0.0
t4_caption_grounding,hallu_000005_COCO_train2014_000000039527,COCO_train2014_000000039527.jpg,the teddy bear next to the person,relation,teddy bear,1.0,3,0.09459023161764707,valid_zero,valid_zero,valid_zero_unresolved,0.0,0.0,0.0,"[83.0,277.0,312.0,415.0]","[416.0,50.0,578.0,249.0]","[138.67,0.33,373.12,110.07]",True,wrong_same_category_instance,teddy bear,0.8882577936633764,wrong_same_category_instance,teddy bear,0.8892524710205476
t4_caption_grounding,hallu_000007_COCO_train2014_000000139152,COCO_train2014_000000139152.jpg,the car behind the bird,relation,car,1.0,1,0.12930956719483566,valid_zero,overlap,valid_zero_recovered,0.0,0.8268372795787315,0.8268372795787315,"[1.0,267.0,640.0,415.0]","[450.0,0.0,640.0,167.0]","[419.3,0.96,638.52,161.78]",True,wrong_same_category_instance,car,0.8896694340361384,,,0.0
t4_caption_grounding,hallu_000008_COCO_train2014_000000500224,COCO_train2014_000000500224.jpg,the catcher in the blue uniform,attribute,person,1.0,2,0.18055414354354352,valid_zero,overlap,valid_zero_recovered,0.0,0.7529513284150583,0.7529513284150583,"[174.0,31.0,268.0,311.0]","[329.0,76.0,468.0,275.0]","[314.08,59.1,465.80999999999995,257.23]",True,wrong_same_category_instance,person,0.9325536664133736,,,0.0
t4_caption_grounding,hallu_000009_COCO_train2014_000000047020,COCO_train2014_000000047020.jpg,the bicycle in front of the motorcycle,relation,bicycle,1.0,2,0.09683781017964072,false_rejection,false_rejection,false_rejection_unchanged,0.0,0.0,0.0,null,null,"[1.08,435.3,279.57,493.37]",False,,,0.0,,,0.0
t4_caption_grounding,hallu_000012_COCO_train2014_000000567301,COCO_train2014_000000567301.jpg,the couch next to the vase,relation,couch,1.0,1,0.1744140970052083,valid_zero,overlap,valid_zero_recovered,0.0,0.686852986205292,0.686852986205292,"[465.0,21.0,640.0,470.0]","[0.0,235.0,316.0,476.0]","[0.79,237.12,221.92999999999998,479.40999999999997]",True,other_category_or_reference,person,0.9645309182200124,,,0.0
t4_caption_grounding,hallu_000017_COCO_train2014_000000461281,COCO_train2014_000000461281.jpg,the person holding the frisbee,relation,person,1.0,3,0.14907612083333333,overlap,overlap,nonzero_remained_nonzero,0.8885952357701372,0.9061182880300064,0.017523052259869165,"[250.0,54.0,360.0,300.0]","[250.0,49.0,360.0,300.0]","[248.88,34.04,356.5,300.0]",True,,,0.0,,,0.0
t4_caption_grounding,hallu_000018_COCO_train2014_000000506011,COCO_train2014_000000506011.jpg,the cake on the dining table,relation,cake,1.0,1,0.0636797555620609,overlap,overlap,nonzero_remained_nonzero,0.8642869190975742,0.8676675878144785,0.003380668716904345,"[362.0,227.0,570.0,316.0]","[364.0,227.0,570.0,318.0]","[356.95,231.25,558.46,317.61]",True,,,0.0,,,0.0
t4_caption_grounding,hallu_000022_COCO_train2014_000000441108,COCO_train2014_000000441108.jpg,the person holding the child,relation,person,1.0,1,0.35382316113281254,overlap,overlap,nonzero_remained_nonzero,0.981715965677094,0.9667811820221999,-0.01493478365489409,"[46.0,68.0,314.0,476.0]","[45.0,69.0,317.0,470.0]","[44.32,69.73,312.43,475.14000000000004]",True,,,0.0,,,0.0
t4_caption_grounding,hallu_000023_COCO_train2014_000000560809,COCO_train2014_000000560809.jpg,the bed next to the nightstand,relation,bed,1.0,1,0.5143796052631578,overlap,overlap,nonzero_remained_nonzero,0.43278770232458363,0.4335025334050693,0.000714831080485645,"[53.0,155.0,378.0,408.0]","[54.0,156.0,378.0,409.0]","[115.54,150.14,638.74,413.15]",True,,,0.0,,,0.0
t4_caption_grounding,hallu_000024_COCO_train2014_000000016547,COCO_train2014_000000016547.jpg,the catcher behind the batter,relation,person,1.0,2,0.15569688281249996,overlap,overlap,nonzero_remained_nonzero,0.9252809605173996,0.9103038091704607,-0.014977151346938888,"[119.0,50.0,295.0,222.0]","[119.0,50.0,287.0,224.0]","[117.17,50.64,293.33,231.64999999999998]",True,,,0.0,,,0.0
t4_caption_grounding,hallu_000025_COCO_train2014_000000407806,COCO_train2014_000000407806.jpg,the person holding the cell phone,relation,person,1.0,3,0.685167025390625,overlap,overlap,nonzero_remained_nonzero,0.9783341431683256,0.9701024761455151,-0.008231667022810418,"[182.0,14.0,640.0,476.0]","[184.0,15.0,640.0,470.0]","[178.18,15.03,636.36,474.41999999999996]",True,,,0.0,,,0.0
t4_caption_grounding,hallu_000026_COCO_train2014_000000532603,COCO_train2014_000000532603.jpg,the donut in front of the cup,relation,donut,1.0,2,0.10100267361111114,overlap,overlap,nonzero_remained_nonzero,0.12894315873849901,0.0929439374498563,-0.03599922128864272,"[125.0,230.0,295.0,360.0]","[125.0,240.0,296.0,360.0]","[102.97,126.89,270.81,265.54]",True,,,0.0,,,0.0
t4_caption_grounding,hallu_000028_COCO_train2014_000000321594,COCO_train2014_000000321594.jpg,the umbrella held by the person,relation,umbrella,1.0,1,0.05199406074438203,overlap,overlap,nonzero_remained_nonzero,0.017360153764573404,0.6531631148781328,0.6358029611135594,"[159.0,2.0,520.0,445.0]","[34.0,290.0,178.0,445.0]","[83.36,288.65,178.07,445.0]",True,,,0.0,,,0.0
t4_caption_grounding,hallu_000030_COCO_train2014_000000053601,COCO_train2014_000000053601.jpg,the person holding a hot dog,relation,person,1.0,1,0.3652909488932291,overlap,overlap,nonzero_remained_nonzero,0.964256881617121,0.12283366534071888,-0.8414232162764022,"[116.0,95.0,408.0,476.0]","[340.0,50.0,640.0,476.0]","[114.34,100.31,409.89,480.0]",True,,,0.0,,,0.0
t4_caption_grounding,hallu_000031_COCO_train2014_000000260248,COCO_train2014_000000260248.jpg,the bowl of oranges next to the sandwich,relation,bowl,1.0,3,0.12821404671167247,overlap,overlap,nonzero_remained_nonzero,0.8996336360835536,0.8843123485204795,-0.01532128756307416,"[388.0,320.0,588.0,559.0]","[389.0,317.0,589.0,560.0]","[386.55,331.6,585.64,568.1800000000001]",True,,,0.0,,,0.0
t4_caption_grounding,hallu_000033_COCO_train2014_000000303144,COCO_train2014_000000303144.jpg,the person next to the curly-haired person,relation,person,1.0,3,0.12055756733021081,overlap,overlap,nonzero_remained_nonzero,0.5366764089447048,0.6771044290721218,0.14042802012741695,"[458.0,107.0,640.0,415.0]","[458.0,107.0,640.0,349.0]","[450.73,105.22,599.4300000000001,326.78]",True,,,0.0,,,0.0
t4_caption_grounding,hallu_000036_COCO_train2014_000000095257,COCO_train2014_000000095257.jpg,the elephant in front of the person,relation,elephant,1.0,2,0.37765876822916666,overlap,overlap,nonzero_remained_nonzero,0.9695835778106996,0.9557272482116894,-0.013856329599010175,"[72.0,0.0,488.0,277.0]","[74.0,0.0,489.0,275.0]","[69.03,0.9,484.30999999999995,280.27]",True,,,0.0,,,0.0
t4_caption_grounding,hallu_000037_COCO_train2014_000000522240,COCO_train2014_000000522240.jpg,the bowl with a spoon next to the pizza,relation,bowl,1.0,2,0.09632689321095572,overlap,overlap,nonzero_remained_nonzero,0.8250638439515203,0.8215733576491764,-0.0034904863023439425,"[0.0,294.0,211.0,415.0]","[0.0,294.0,212.0,415.0]","[0.0,303.46,210.67,429.0]",True,,,0.0,,,0.0
t4_caption_grounding,hallu_000038_COCO_train2014_000000043813,COCO_train2014_000000043813.jpg,the person in front of the truck,relation,person,1.0,2,0.12054111328125001,overlap,overlap,nonzero_remained_nonzero,0.0898223356777392,0.09010690138300391,0.00028456570526470826,"[128.0,124.0,337.0,637.0]","[128.0,124.0,337.0,635.0]","[304.14,216.22,406.49,578.02]",True,,,0.0,,,0.0
t4_caption_grounding,hallu_000039_COCO_train2014_000000409751,COCO_train2014_000000409751.jpg,the person on the TV screen,relation,person,1.0,1,0.07976059662441039,false_rejection,false_rejection,false_rejection_unchanged,0.0,0.0,0.0,null,null,"[88.75,105.28,221.82,267.93]",False,,,0.0,,,0.0
t4_caption_grounding,hallu_000044_COCO_train2014_000000537371,COCO_train2014_000000537371.jpg,the person with blue shirt,attribute,person,1.0,1,0.10933759943181814,overlap,overlap,nonzero_remained_nonzero,0.8007367972154721,0.7872173458205899,-0.013519451394882198,"[178.0,0.0,338.0,165.0]","[179.0,0.0,340.0,165.0]","[166.78,0.67,330.66999999999996,183.83999999999997]",True,,,0.0,,,0.0
t4_caption_grounding,hallu_000045_COCO_train2014_000000069700,COCO_train2014_000000069700.jpg,the person in front of the bookshelf,relation,person,1.0,2,0.36470592773437494,overlap,overlap,nonzero_remained_nonzero,0.9460644051671704,0.9428190632515763,-0.0032453419155941132,"[73.0,23.0,325.0,352.0]","[74.0,25.0,326.0,352.0]","[67.05,24.74,322.46999999999997,346.41]",True,,,0.0,,,0.0
t4_caption_grounding,hallu_000051_COCO_train2014_000000482252,COCO_train2014_000000482252.jpg,the motorcycle next to the person,relation,motorcycle,1.0,1,0.18094779935747665,overlap,overlap,nonzero_remained_nonzero,0.05032301681506621,0.9226630869953628,0.8723400701802966,"[284.0,126.0,580.0,374.0]","[84.0,145.0,306.0,351.0]","[81.64,141.04,311.3,356.86]",True,,,0.0,,,0.0
t4_caption_grounding,hallu_000054_COCO_train2014_000000318574,COCO_train2014_000000318574.jpg,the bicycle in front of the person,relation,bicycle,1.0,3,0.3301459463028169,overlap,overlap,nonzero_remained_nonzero,0.37653216376647797,0.04127376383276156,-0.3352583999337164,"[326.0,14.0,541.0,320.0]","[0.0,97.0,264.0,395.0]","[205.97,0.0,630.11,212.22]",True,,,0.0,,,0.0
t4_caption_grounding,hallu_000055_COCO_train2014_000000555211,COCO_train2014_000000555211.jpg,the couch next to the coffee table,relation,couch,1.0,2,0.15122781282688283,overlap,valid_zero,nonzero_regressed_to_zero,0.032421677208555814,0.0,-0.032421677208555814,"[0.0,167.0,237.0,357.0]","[0.0,336.0,437.0,476.0]","[214.95,155.77,542.48,297.02]",True,,,0.0,wrong_same_category_instance,couch,0.9105475939849624
t4_caption_grounding,hallu_000060_COCO_train2014_000000519685,COCO_train2014_000000519685.jpg,the person sitting on the couch,relation,person,1.0,3,0.08846923423423424,valid_zero,overlap,valid_zero_recovered,0.0,0.9456777293237382,0.9456777293237382,"[146.0,10.0,330.0,332.0]","[28.0,79.0,130.0,231.0]","[27.76,82.01,128.41,228.36]",True,wrong_same_category_instance,person,0.9168094715090992,,,0.0
t4_caption_grounding,hallu_000061_COCO_train2014_000000230160,COCO_train2014_000000230160.jpg,the person in front of the skis,relation,person,1.0,3,0.13456206295763598,overlap,overlap,nonzero_remained_nonzero,0.11374126684793931,0.10354369709385537,-0.010197569754083938,"[454.0,71.0,567.0,453.0]","[456.0,70.0,568.0,459.0]","[355.65,74.38,480.02,405.37]",True,,,0.0,,,0.0
t4_caption_grounding,hallu_000068_COCO_train2014_000000477156,COCO_train2014_000000477156.jpg,the couch next to the TV,relation,couch,1.0,1,0.07499249121779861,false_rejection,false_rejection,false_rejection_unchanged,0.0,0.0,0.0,null,null,"[492.2,283.81,640.0,422.47]",False,,,0.0,,,0.0
t4_caption_grounding,hallu_000069_COCO_train2014_000000534347,COCO_train2014_000000534347.jpg,the cat next to the person,relation,cat,1.0,1,0.1828139411764706,overlap,overlap,nonzero_remained_nonzero,0.967643689317777,0.9384715194941315,-0.029172169823645455,"[102.0,102.0,261.0,415.0]","[98.0,104.0,261.0,415.0]","[102.13,101.74,258.45,419.84000000000003]",True,,,0.0,,,0.0
t4_caption_grounding,hallu_000070_COCO_train2014_000000125247,COCO_train2014_000000125247.jpg,the couch next to the coffee table,relation,couch,1.0,1,0.12288776238207552,overlap,overlap,nonzero_remained_nonzero,0.02345850860408086,0.944769574440225,0.9213110658361442,"[228.0,229.0,460.0,343.0]","[450.0,247.0,640.0,415.0]","[445.84,246.21,638.73,419.09000000000003]",True,,,0.0,,,0.0
t4_caption_grounding,hallu_000074_COCO_train2014_000000190469,COCO_train2014_000000190469.jpg,the person behind the vegetables,relation,person,1.0,2,0.05374317028985508,valid_zero,valid_zero,valid_zero_unresolved,0.0,0.0,0.0,"[192.0,28.0,312.0,211.0]","[194.0,28.0,307.0,215.0]","[396.32,0.47,483.0,192.13]",True,wrong_same_category_instance,person,0.647597162328166,wrong_same_category_instance,person,0.6174803162754973
t4_caption_grounding,hallu_000076_COCO_train2014_000000136232,COCO_train2014_000000136232.jpg,the sandwich on the plate,relation,sandwich,1.0,2,0.13790011996600415,overlap,overlap,nonzero_remained_nonzero,0.17725380126050413,0.8756442297385874,0.6983904284780832,"[0.0,48.0,476.0,548.0]","[104.0,326.0,410.0,457.0]","[100.74,315.1,409.73,451.63]",True,,,0.0,,,0.0
t4_caption_grounding,hallu_000078_COCO_train2014_000000554598,COCO_train2014_000000554598.jpg,the couch next to the window,relation,couch,1.0,1,0.3315046349299065,overlap,overlap,nonzero_remained_nonzero,0.14386655912460583,0.16233645545865102,0.018469896334045194,"[125.0,161.0,332.0,280.0]","[126.0,159.0,340.0,287.0]","[41.42,209.86,468.5,422.48]",True,,,0.0,,,0.0
t4_caption_grounding,hallu_000083_COCO_train2014_000000565360,COCO_train2014_000000565360.jpg,the fat person in front of the sports ball,relation,person,1.0,3,0.08572923717248906,false_rejection,false_rejection,false_rejection_unchanged,0.0,0.0,0.0,null,null,"[127.11,55.3,229.95,299.65]",False,,,0.0,,,0.0
t4_caption_grounding,hallu_000084_COCO_train2014_000000376258,COCO_train2014_000000376258.jpg,the person holding the pizza,relation,person,1.0,1,0.13704911718749999,overlap,overlap,nonzero_remained_nonzero,0.907843190754234,0.8166244773192157,-0.0912187134350183,"[300.0,170.0,640.0,330.0]","[298.0,170.0,640.0,350.0]","[296.16,161.44,640.0,324.7]",True,,,0.0,,,0.0
t4_caption_grounding,hallu_000094_COCO_train2014_000000483992,COCO_train2014_000000483992.jpg,the dining table with pizza on it,relation,dining table,1.0,1,0.06724132482394368,valid_zero,overlap,valid_zero_recovered,0.0,0.28871263346877074,0.28871263346877074,"[0.0,48.0,281.0,406.0]","[0.0,364.0,557.0,497.0]","[168.28,410.33,433.04999999999995,491.11]",True,other_category_or_reference,person,0.8947576872295296,,,0.0
t4_caption_grounding,hallu_000096_COCO_train2014_000000025628,COCO_train2014_000000025628.jpg,the dining table in front of the chairs,relation,dining table,1.0,1,0.17248185481770834,overlap,overlap,nonzero_remained_nonzero,0.9089240997397615,0.8389542307053838,-0.06996986903437774,"[138.0,284.0,430.0,469.0]","[140.0,285.0,467.0,469.0]","[138.07,294.47,435.78,472.45000000000005]",True,,,0.0,,,0.0
t4_caption_grounding,hallu_000098_COCO_train2014_000000299544,COCO_train2014_000000299544.jpg,the dining table with the pizza on it,relation,dining table,1.0,2,0.7354294341919775,overlap,overlap,nonzero_remained_nonzero,0.7050258506924091,0.7004036106904453,-0.004622240001963762,"[0.0,284.0,612.0,609.0]","[0.0,284.0,612.0,612.0]","[1.38,154.12,612.0,605.22]",True,,,0.0,,,0.0
t4_caption_grounding,hallu_000099_COCO_train2014_000000010130,COCO_train2014_000000010130.jpg,the person next to the cell phone,relation,person,1.0,3,0.0736741162909836,valid_zero,overlap,valid_zero_recovered,0.0,0.8166314148037558,0.8166314148037558,"[406.0,42.0,627.0,205.0]","[465.0,279.0,608.0,415.0]","[471.14,284.99,618.91,421.24]",True,other_category_or_reference,cell phone,0.9005382197467292,,,0.0
t4_caption_grounding,hallu_000100_COCO_train2014_000000581563,COCO_train2014_000000581563.jpg,the car in front of the traffic light,relation,car,1.0,1,0.19729572672672668,overlap,overlap,nonzero_remained_nonzero,0.9758981795243212,0.9675571694429168,-0.00834101008140442,"[59.0,383.0,333.0,500.0]","[59.0,384.0,333.0,500.0]","[55.67,381.55,333.0,500.0]",True,,,0.0,,,0.0
t4_caption_grounding,hallu_000102_COCO_train2014_000000311988,COCO_train2014_000000311988.jpg,the wine glass next to the vase,relation,wine glass,1.0,3,0.08697220465829443,overlap,overlap,nonzero_remained_nonzero,0.9107186037844885,0.8952508165948707,-0.015467787189617832,"[445.0,119.0,562.0,307.0]","[445.0,119.0,560.0,307.0]","[442.65,120.34,563.22,317.93]",True,,,0.0,,,0.0
t4_caption_grounding,hallu_000105_COCO_train2014_000000115506,COCO_train2014_000000115506.jpg,the bowl with greens and carrots,object_only,bowl,1.0,1,0.37952483072916665,overlap,overlap,nonzero_remained_nonzero,0.9629486973572381,0.9715965549606003,0.008647857603362175,"[0.0,162.0,376.0,476.0]","[0.0,164.0,375.0,476.0]","[2.55,164.38,371.95,480.0]",True,,,0.0,,,0.0
t4_caption_grounding,hallu_000106_COCO_train2014_000000158853,COCO_train2014_000000158853.jpg,the skateboard on the ramp,relation,skateboard,1.0,1,0.10402890215611352,overlap,overlap,nonzero_remained_nonzero,0.19264307229020866,0.21192164047569537,0.019278568185486705,"[347.0,150.0,465.0,275.0]","[348.0,165.0,467.0,279.0]","[285.41,211.93,462.87,383.76]",True,,,0.0,,,0.0
t4_caption_grounding,hallu_000108_COCO_train2014_000000408292,COCO_train2014_000000408292.jpg,the chair in front of the desk,relation,chair,1.0,1,0.0519825352296451,false_rejection,false_rejection,false_rejection_unchanged,0.0,0.0,0.0,null,null,"[233.34,0.33,375.37,112.53]",False,,,0.0,,,0.0
t4_caption_grounding,hallu_000111_COCO_train2014_000000087671,COCO_train2014_000000087671.jpg,the motorcycle next to the person,relation,motorcycle,1.0,2,0.14580720964566932,overlap,overlap,nonzero_remained_nonzero,0.7492488065482633,0.751008011239908,0.0017592046916447002,"[262.0,129.0,413.0,378.0]","[260.0,129.0,415.0,378.0]","[244.01,129.28,395.56,363.88]",True,,,0.0,,,0.0
t4_caption_grounding,hallu_000114_COCO_train2014_000000462080,COCO_train2014_000000462080.jpg,the orange next to the apple,relation,orange,1.0,3,0.0784356764705882,valid_zero,valid_zero,valid_zero_unresolved,0.0,0.0,0.0,"[32.0,180.0,272.0,436.0]","[34.0,180.0,272.0,436.0]","[302.35,192.94,374.0,397.65]",True,wrong_same_category_instance,orange,0.9140664834664298,wrong_same_category_instance,orange,0.9214392985577139
t4_caption_grounding,hallu_000115_COCO_train2014_000000022953,COCO_train2014_000000022953.jpg,the person standing behind the chair,relation,person,1.0,2,0.0695652016867155,overlap,overlap,nonzero_remained_nonzero,0.6793990429057202,0.6708827513725167,-0.008516291533203435,"[329.0,0.0,427.0,162.0]","[334.0,0.0,426.0,159.0]","[331.89,0.0,424.68,229.35]",True,,,0.0,,,0.0
t4_caption_grounding,hallu_000119_COCO_train2014_000000525342,COCO_train2014_000000525342.jpg,the orange in front of the apples,relation,orange,1.0,1,0.22555730386416864,overlap,overlap,nonzero_remained_nonzero,0.9317772759869299,0.928014121766038,-0.0037631542208919067,"[226.0,159.0,473.0,409.0]","[226.0,159.0,473.0,408.0]","[225.44,164.64,469.56,417.14]",True,,,0.0,,,0.0
t4_caption_grounding,hallu_000120_COCO_train2014_000000314319,COCO_train2014_000000314319.jpg,the person holding the umbrella,relation,person,1.0,3,0.15216801229508198,overlap,overlap,nonzero_remained_nonzero,0.5653810358081047,0.5633935031530445,-0.0019875326550602423,"[140.0,154.0,404.0,415.0]","[140.0,156.0,407.0,415.0]","[185.74,218.38,388.70000000000005,423.27]",True,,,0.0,,,0.0
t4_caption_grounding,hallu_000122_COCO_train2014_000000097411,COCO_train2014_000000097411.jpg,the pizza slice next to the person,relation,pizza,1.0,2,0.08811812060889931,valid_zero,overlap,valid_zero_recovered,0.0,0.9599174006680171,0.9599174006680171,"[152.0,73.0,301.0,241.0]","[328.0,39.0,460.0,225.0]","[327.97,38.75,456.06000000000006,226.75]",True,wrong_same_category_instance,pizza,0.9629068384562711,,,0.0
t4_caption_grounding,hallu_000123_COCO_train2014_000000539475,COCO_train2014_000000539475.jpg,the baby in front of the bottle,relation,person,1.0,1,0.20589235911885248,overlap,overlap,nonzero_remained_nonzero,0.909126490822439,0.9060765057022072,-0.003049985120231802,"[89.0,343.0,362.0,550.0]","[89.0,345.0,360.0,547.0]","[87.53,341.69,371.65999999999997,539.72]",True,,,0.0,,,0.0
t4_caption_grounding,hallu_000124_COCO_train2014_000000286576,COCO_train2014_000000286576.jpg,the chair next to the bench,relation,chair,1.0,2,0.13174323413333333,false_rejection,false_rejection,false_rejection_unchanged,0.0,0.0,0.0,null,null,"[115.15,239.53,226.53,461.31]",False,,,0.0,,,0.0
t4_caption_grounding,hallu_000126_COCO_train2014_000000355571,COCO_train2014_000000355571.jpg,the person next to the horse,relation,person,1.0,3,0.1761068823185012,overlap,overlap,nonzero_remained_nonzero,0.8729278919106664,0.8593780738251385,-0.01354981808552791,"[360.0,173.0,544.0,415.0]","[360.0,174.0,548.0,415.0]","[348.93,178.31,542.45,427.0]",True,,,0.0,,,0.0
t4_caption_grounding,hallu_000127_COCO_train2014_000000399138,COCO_train2014_000000399138.jpg,the person sitting next to the sandwich,relation,person,1.0,3,0.17378169736842108,valid_zero,valid_zero,valid_zero_unresolved,0.0,0.0,0.0,"[337.0,169.0,588.0,475.0]","[340.0,169.0,587.0,475.0]","[29.89,199.61,226.29000000000002,468.6]",True,wrong_same_category_instance,person,0.9729171698068284,wrong_same_category_instance,person,0.9649660051357549
t4_caption_grounding,hallu_000137_COCO_train2014_000000310707,COCO_train2014_000000310707.jpg,the bed with a teddy bear on it,relation,bed,1.0,1,0.49697117333333335,overlap,overlap,nonzero_remained_nonzero,0.4791797629607528,0.4895412461158849,0.010361483155132079,"[10.0,41.0,345.0,406.0]","[0.0,0.0,364.0,500.0]","[1.3,0.0,375.0,249.35]",True,,,0.0,,,0.0
t4_caption_grounding,hallu_000140_COCO_train2014_000000356922,COCO_train2014_000000356922.jpg,the laptop in front of the person,relation,laptop,1.0,2,0.1652102213541667,overlap,overlap,nonzero_remained_nonzero,0.026138715307886737,0.021119242721387328,-0.005019472586499409,"[70.0,174.0,242.0,365.0]","[69.0,178.0,240.0,365.0]","[230.85,118.37,418.6,388.69]",True,,,0.0,,,0.0
t4_caption_grounding,hallu_000142_COCO_train2014_000000266880,COCO_train2014_000000266880.jpg,the teddy bear in the middle,relation,teddy bear,1.0,2,0.05794919433593752,overlap,overlap,nonzero_remained_nonzero,0.4810440858821176,0.5191966734422847,0.038152587560167095,"[289.0,235.0,386.0,330.0]","[284.0,235.0,390.0,336.0]","[289.08,239.46,404.49,393.71000000000004]",True,,,0.0,,,0.0
t4_caption_grounding,hallu_000143_COCO_train2014_000000278763,COCO_train2014_000000278763.jpg,the elephant next to the zebra,relation,elephant,1.0,1,0.05917523193359377,overlap,overlap,nonzero_remained_nonzero,0.3158315308037111,0.36192586232641494,0.04609433152270381,"[0.0,278.0,212.0,640.0]","[0.0,278.0,185.0,640.0]","[93.48,362.19,184.09,629.69]",True,,,0.0,,,0.0
t4_caption_grounding,hallu_000145_COCO_train2014_000000023996,COCO_train2014_000000023996.jpg,the potted plant next to the suitcase,relation,potted plant,1.0,2,0.05901659139554795,overlap,overlap,nonzero_remained_nonzero,0.8098219699839315,0.8082114776048588,-0.0016104923790727366,"[60.0,52.0,167.0,242.0]","[64.0,50.0,167.0,248.0]","[63.84,51.65,167.05,211.94]",True,,,0.0,,,0.0
t4_caption_grounding,hallu_000146_COCO_train2014_000000310518,COCO_train2014_000000310518.jpg,the dining table with pizza and bottles,relation,dining table,1.0,1,0.31302055859375,overlap,overlap,nonzero_remained_nonzero,0.5336474741512937,0.5149726828944245,-0.018674791256869105,"[0.0,212.0,472.0,476.0]","[89.0,206.0,475.0,476.0]","[36.67,299.54,569.53,480.0]",True,,,0.0,,,0.0
t4_caption_grounding,hallu_000149_COCO_train2014_000000278796,COCO_train2014_000000278796.jpg,the person sitting in front of the oranges,relation,person,1.0,1,0.05634928125000001,overlap,overlap,nonzero_remained_nonzero,0.6628290092716876,0.6741015519827741,0.011272542711086464,"[389.0,224.0,488.0,356.0]","[390.0,225.0,486.0,357.0]","[354.4,226.82,482.74,361.7]",True,,,0.0,,,0.0
t4_caption_grounding,hallu_000152_COCO_train2014_000000149566,COCO_train2014_000000149566.jpg,the dining table behind the teddy bear,relation,dining table,1.0,2,0.3179936807983683,overlap,overlap,nonzero_remained_nonzero,0.32113184041131637,0.31736342151436037,-0.003768418896956005,"[56.0,25.0,382.0,637.0]","[0.0,98.0,420.0,637.0]","[20.75,73.42,429.0,287.28000000000003]",True,,,0.0,,,0.0
t4_caption_grounding,hallu_000153_COCO_train2014_000000249974,COCO_train2014_000000249974.jpg,the apple next to the banana,relation,apple,1.0,2,0.17128131023622045,overlap,overlap,nonzero_remained_nonzero,0.8943918534996599,0.03379596420275211,-0.8605958892969078,"[15.0,52.0,170.0,196.0]","[156.0,47.0,284.0,149.0]","[16.1,59.68,168.73999999999998,202.19]",True,,,0.0,,,0.0
t4_caption_grounding,hallu_000156_COCO_train2014_000000105219,COCO_train2014_000000105219.jpg,the person next to the teddy bear,relation,person,1.0,3,0.37331898379629636,valid_zero,valid_zero,valid_zero_unresolved,0.0,0.0,0.0,"[317.0,87.0,476.0,360.0]","[318.0,87.0,476.0,359.0]","[0.8,56.91,217.77,354.23]",True,wrong_same_category_instance,person,0.7066393464091003,wrong_same_category_instance,person,0.704063320426201
t4_caption_grounding,hallu_000157_COCO_train2014_000000086017,COCO_train2014_000000086017.jpg,the person next to the wine glasses,relation,person,1.0,1,0.05400908984374999,overlap,valid_zero,nonzero_regressed_to_zero,0.054481069946235604,0.0,-0.054481069946235604,"[2.0,1.0,640.0,359.0]","[0.0,0.0,124.0,95.0]","[483.24,2.03,620.27,92.84]",True,,,0.0,wrong_same_category_instance,person,0.727757608837467
t4_caption_grounding,hallu_000158_COCO_train2014_000000307082,COCO_train2014_000000307082.jpg,the truck in the snow,relation,truck,1.0,1,0.10677467213114751,overlap,overlap,nonzero_remained_nonzero,0.8401035436365474,0.8457658855057293,0.005662341869181908,"[358.0,189.0,576.0,330.0]","[358.0,190.0,576.0,330.0]","[355.36,191.14,555.0,337.29999999999995]",True,,,0.0,,,0.0
t4_caption_grounding,hallu_000160_COCO_train2014_000000473003,COCO_train2014_000000473003.jpg,the couch next to the fireplace,relation,couch,1.0,1,0.07376599178403755,overlap,overlap,nonzero_remained_nonzero,0.9349924459806991,0.9298091672599141,-0.005183278720784945,"[399.0,171.0,595.0,274.0]","[401.0,171.0,596.0,274.0]","[399.47,174.41,595.47,277.02]",True,,,0.0,,,0.0
t4_caption_grounding,hallu_000161_COCO_train2014_000000414499,COCO_train2014_000000414499.jpg,the snowboard next to the person,relation,snowboard,1.0,2,0.05429678860294119,valid_zero,overlap,valid_zero_recovered,0.0,0.9178256535668027,0.9178256535668027,"[118.0,135.0,183.0,384.0]","[420.0,135.0,483.0,387.0]","[422.13,143.26,482.3,388.71]",True,wrong_same_category_instance,snowboard,0.8499819476997107,,,0.0
t4_caption_grounding,hallu_000164_COCO_train2014_000000213754,COCO_train2014_000000213754.jpg,the dining table with a bowl of dessert,relation,dining table,1.0,2,0.32786806818181824,overlap,overlap,nonzero_remained_nonzero,0.4415045526024547,0.4377387000628957,-0.003765852539558967,"[54.0,277.0,238.0,421.0]","[54.0,278.0,239.0,420.0]","[1.66,216.1,285.92,427.22]",True,,,0.0,,,0.0
t4_caption_grounding,hallu_000166_COCO_train2014_000000250380,COCO_train2014_000000250380.jpg,the person in front of the dog,relation,person,1.0,1,0.09763271805273835,valid_zero,valid_zero,valid_zero_unresolved,0.0,0.0,0.0,"[0.0,46.0,224.0,448.0]","[0.0,46.0,225.0,448.0]","[294.59,103.76,420.89,294.31]",True,wrong_same_category_instance,person,0.9857393234664626,wrong_same_category_instance,person,0.9813624463947791
t4_caption_grounding,hallu_000168_COCO_train2014_000000199134,COCO_train2014_000000199134.jpg,the person holding a tennis racket,relation,person,1.0,1,0.09641274563318777,overlap,overlap,nonzero_remained_nonzero,0.9367034844774018,0.9261926125994235,-0.010510871877978278,"[224.0,155.0,327.0,431.0]","[225.0,156.0,327.0,430.0]","[224.04,155.72,323.64,439.46000000000004]",True,,,0.0,,,0.0
t4_caption_grounding,hallu_000169_COCO_train2014_000000578702,COCO_train2014_000000578702.jpg,the broccoli next to the carrot,relation,broccoli,1.0,3,0.0972899045502092,overlap,overlap,nonzero_remained_nonzero,0.12190427032561947,0.7680611790598795,0.64615690873426,"[1.0,116.0,476.0,630.0]","[126.0,294.0,307.0,425.0]","[121.98,296.66,310.21,454.78000000000003]",True,,,0.0,,,0.0
t4_caption_grounding,hallu_000171_COCO_train2014_000000237617,COCO_train2014_000000237617.jpg,the plaid couch next to the wooden table,relation,couch,1.0,2,0.08190339788732394,overlap,overlap,nonzero_remained_nonzero,0.08518943057335211,0.08585447960402127,0.0006650490306691625,"[55.0,141.0,254.0,293.0]","[54.0,140.0,256.0,293.0]","[0.0,211.3,105.52,422.92]",True,,,0.0,,,0.0
t4_caption_grounding,hallu_000172_COCO_train2014_000000455543,COCO_train2014_000000455543.jpg,the tennis racket in the person's hand,relation,tennis racket,1.0,1,0.05950994955450734,overlap,overlap,nonzero_remained_nonzero,0.9551421958692361,0.9282530934727582,-0.026889102396477904,"[264.0,146.0,343.0,374.0]","[264.0,147.0,345.0,374.0]","[262.46,145.7,341.52,375.49]",True,,,0.0,,,0.0
t4_caption_grounding,hallu_000174_COCO_train2014_000000347167,COCO_train2014_000000347167.jpg,the dining table with a laptop on it,relation,dining table,1.0,1,0.07098526864681605,overlap,overlap,nonzero_remained_nonzero,0.7248581158938913,0.7442376353095234,0.019379519415632096,"[56.0,358.0,456.0,415.0]","[54.0,360.0,457.0,415.0]","[61.93,369.53,450.68,419.08]",True,,,0.0,,,0.0
t4_caption_grounding,hallu_000175_COCO_train2014_000000562675,COCO_train2014_000000562675.jpg,the cake in front of the person,relation,cake,1.0,3,0.15569030225409836,false_rejection,false_rejection,false_rejection_unchanged,0.0,0.0,0.0,null,null,"[289.78,87.32,492.25,297.46]",False,,,0.0,,,0.0
t4_caption_grounding,hallu_000178_COCO_train2014_000000029582,COCO_train2014_000000029582.jpg,the person on the horse,relation,person,1.0,2,0.11890005854800935,overlap,overlap,nonzero_remained_nonzero,0.575345851446743,0.06567687598984076,-0.5096689754569023,"[67.0,24.0,262.0,304.0]","[67.0,25.0,158.0,284.0]","[144.66,21.22,258.26,307.25]",True,,,0.0,,,0.0
t4_caption_grounding,hallu_000179_COCO_train2014_000000470501,COCO_train2014_000000470501.jpg,the baseball bat held by the person,relation,baseball bat,1.0,1,0.053136868600682605,valid_zero,overlap,valid_zero_recovered,0.0,0.8813058219953288,0.8813058219953288,"[26.0,122.0,140.0,313.0]","[456.0,193.0,540.0,427.0]","[449.99,194.44,536.47,424.88]",True,wrong_same_category_instance,baseball bat,0.918034720308625,,,0.0
t4_caption_grounding,hallu_000183_COCO_train2014_000000370145,COCO_train2014_000000370145.jpg,the person in front of the counter,relation,person,1.0,2,0.25982662500000003,valid_zero,overlap,valid_zero_recovered,0.0,0.9752477600919432,0.9752477600919432,"[350.0,107.0,632.0,476.0]","[0.0,178.0,280.0,469.0]","[1.27,180.32,280.63,466.04]",True,wrong_same_category_instance,person,0.9575078975186916,,,0.0
t4_caption_grounding,hallu_000184_COCO_train2014_000000076885,COCO_train2014_000000076885.jpg,the person next to the laptop,relation,person,1.0,1,0.5941094525761125,overlap,overlap,nonzero_remained_nonzero,0.808161817969123,0.014165348475290815,-0.7939964694938322,"[162.0,10.0,569.0,350.0]","[0.0,5.0,176.0,415.0]","[167.92,9.6,563.26,420.28000000000003]",True,,,0.0,,,0.0
t4_caption_grounding,hallu_000187_COCO_train2014_000000256276,COCO_train2014_000000256276.jpg,the person next to the bear,relation,person,1.0,2,0.3195985911458333,overlap,valid_zero,nonzero_regressed_to_zero,0.9594154186864766,0.0,-0.9594154186864766,"[358.0,30.0,580.0,476.0]","[90.0,48.0,345.0,476.0]","[356.31,30.29,574.63,480.0]",True,,,0.0,wrong_same_category_instance,person,0.8295590733780915
t4_caption_grounding,hallu_000191_COCO_train2014_000000354690,COCO_train2014_000000354690.jpg,the bench in front of the person,relation,bench,1.0,1,0.19076529427083333,overlap,overlap,nonzero_remained_nonzero,0.4046543723360538,0.8265645972969992,0.4219102249609454,"[159.0,316.0,301.0,483.0]","[0.0,324.0,305.0,509.0]","[0.81,302.84,305.59,495.12]",True,,,0.0,,,0.0
t4_caption_grounding,hallu_000194_COCO_train2014_000000063860,COCO_train2014_000000063860.jpg,the catcher behind the batter,relation,person,1.0,2,0.20866563670960192,overlap,overlap,nonzero_remained_nonzero,0.900468639337331,0.8730687645625591,-0.027399874774771904,"[132.0,253.0,283.0,600.0]","[134.0,256.0,280.0,597.0]","[133.59,246.2,293.0,603.9200000000001]",True,,,0.0,,,0.0
t4_caption_grounding,hallu_000195_COCO_train2014_000000373580,COCO_train2014_000000373580.jpg,the person holding a tennis racket,relation,person,1.0,2,0.34300153125,overlap,overlap,nonzero_remained_nonzero,0.9317904947303339,0.950505534379086,0.018715039648752096,"[207.0,131.0,423.0,637.0]","[208.0,134.0,425.0,637.0]","[214.99,134.11,426.67,631.89]",True,,,0.0,,,0.0
t4_caption_grounding,hallu_000197_COCO_train2014_000000196307,COCO_train2014_000000196307.jpg,the bottle next to the sink,relation,bottle,1.0,1,0.08757725097656253,overlap,overlap,nonzero_remained_nonzero,0.20098679510319942,0.20907458955163724,0.008087794448437824,"[268.0,0.0,346.0,262.0]","[268.0,0.0,347.0,265.0]","[314.69,8.97,410.84000000000003,288.78000000000003]",True,,,0.0,,,0.0
t4_caption_grounding,hallu_000198_COCO_train2014_000000327579,COCO_train2014_000000327579.jpg,the person on the skateboard,relation,person,1.0,1,0.24927878424657535,overlap,overlap,nonzero_remained_nonzero,0.9500833613930042,0.9544344726084573,0.004351111215453063,"[320.0,0.0,513.0,412.0]","[320.0,0.0,514.0,416.0]","[318.08,1.22,511.0,423.8]",True,,,0.0,,,0.0
t4_caption_grounding,hallu_000207_COCO_train2014_000000232279,COCO_train2014_000000232279.jpg,the dining table with a tray on it,relation,dining table,1.0,1,0.2907001856,overlap,overlap,nonzero_remained_nonzero,0.7411964101265791,0.7293314513827034,-0.01186495874387572,"[1.0,230.0,500.0,364.0]","[0.0,228.0,500.0,364.0]","[83.54,239.94,500.0,370.82]",True,,,0.0,,,0.0
t4_caption_grounding,hallu_000213_COCO_train2014_000000165199,COCO_train2014_000000165199.jpg,the person next to the baseball glove,relation,person,1.0,1,0.38343462293632075,overlap,overlap,nonzero_remained_nonzero,0.016592648261449586,0.020226002310332926,0.00363335404888334,"[242.0,78.0,530.0,637.0]","[240.0,78.0,530.0,637.0]","[1.43,108.99,251.12,629.88]",True,,,0.0,,,0.0
t4_caption_grounding,hallu_000214_COCO_train2014_000000088034,COCO_train2014_000000088034.jpg,the person standing next to the table,relation,person,1.0,2,0.06162159082031248,overlap,overlap,nonzero_remained_nonzero,0.044367834121488724,0.045248993801759486,0.0008811596802707627,"[89.0,179.0,290.0,428.0]","[89.0,176.0,290.0,425.0]","[271.44,156.62,376.45,336.89]",True,,,0.0,,,0.0
t4_caption_grounding,hallu_000215_COCO_train2014_000000106438,COCO_train2014_000000106438.jpg,the cell phone in the person's hand,relation,cell phone,1.0,1,0.38144350913203745,valid_zero,valid_zero,valid_zero_unresolved,0.0,0.0,0.0,"[0.0,15.0,280.0,269.0]","[0.0,14.0,278.0,269.0]","[328.43,26.16,634.5799999999999,323.59000000000003]",True,wrong_same_category_instance,cell phone,0.9477887855759067,wrong_same_category_instance,cell phone,0.95806791308269
t4_caption_grounding,hallu_000216_COCO_train2014_000000213146,COCO_train2014_000000213146.jpg,the person holding a tennis racket,relation,person,1.0,1,0.2320377741745283,overlap,valid_zero,nonzero_regressed_to_zero,0.9559064517434954,0.0,-0.9559064517434954,"[258.0,162.0,494.0,476.0]","[70.0,168.0,185.0,469.0]","[260.38,164.44,490.87,471.77]",True,,,0.0,wrong_same_category_instance,person,0.7720095809834921
t4_caption_grounding,hallu_000218_COCO_train2014_000000010407,COCO_train2014_000000010407.jpg,the carrot next to the broccoli,relation,carrot,1.0,2,0.09953482421874998,overlap,overlap,nonzero_remained_nonzero,0.8230523788347913,0.8728810365450749,0.04982865771028355,"[287.0,252.0,442.0,476.0]","[287.0,250.0,446.0,459.0]","[285.14,247.06,429.28999999999996,459.18]",True,,,0.0,,,0.0
t4_caption_grounding,hallu_000221_COCO_train2014_000000110230,COCO_train2014_000000110230.jpg,the brown dog on the couch,relation,dog,1.0,1,0.06591571082746478,overlap,overlap,nonzero_remained_nonzero,0.9354994588892065,0.8289169336386972,-0.10658252525050926,"[129.0,161.0,330.0,252.0]","[129.0,160.0,354.0,252.0]","[130.55,164.04,329.81,254.23]",True,,,0.0,,,0.0
t4_caption_grounding,hallu_000222_COCO_train2014_000000390969,COCO_train2014_000000390969.jpg,the person sitting on the bench,relation,person,1.0,3,0.22966268915662655,overlap,overlap,nonzero_remained_nonzero,0.9670677693733684,0.9567377779494568,-0.010329991423911555,"[112.0,109.0,298.0,313.0]","[114.0,109.0,298.0,313.0]","[109.46,107.86,297.3,310.82]",True,,,0.0,,,0.0
t4_caption_grounding,hallu_000223_COCO_train2014_000000572245,COCO_train2014_000000572245.jpg,the person holding the hot dog,relation,person,1.0,1,0.6054220548349057,overlap,overlap,nonzero_remained_nonzero,0.42561782507507784,0.9590639195855083,0.5334460945104305,"[40.0,70.0,548.0,395.0]","[256.0,0.0,640.0,415.0]","[245.42,2.39,640.0,418.75]",True,,,0.0,,,0.0
t4_caption_grounding,hallu_000227_COCO_train2014_000000091056,COCO_train2014_000000091056.jpg,the person next to the wine glass,relation,person,1.0,3,0.20875403027343756,overlap,overlap,nonzero_remained_nonzero,0.9427954923058445,0.9603135249715226,0.017518032665678085,"[479.0,0.0,640.0,378.0]","[479.0,0.0,640.0,385.0]","[473.53,1.27,640.0,386.5]",True,,,0.0,,,0.0
t4_caption_grounding,hallu_000228_COCO_train2014_000000113244,COCO_train2014_000000113244.jpg,the cake on the plate,relation,cake,1.0,3,0.10384068376068377,valid_zero,valid_zero,valid_zero_unresolved,0.0,0.0,0.0,"[320.0,259.0,640.0,468.0]","[49.0,67.0,265.0,230.0]","[49.43,276.59,243.99,436.45]",True,wrong_same_category_instance,cake,0.6685293491311103,wrong_same_category_instance,cake,0.7983512261706899
t4_caption_grounding,hallu_000230_COCO_train2014_000000127841,COCO_train2014_000000127841.jpg,the child wearing a tie,relation,person,1.0,1,0.54441447265625,overlap,overlap,nonzero_remained_nonzero,0.9509340316017952,0.952718822868591,0.00178479126679576,"[27.0,74.0,292.0,606.0]","[28.0,75.0,294.0,606.0]","[25.89,70.03,302.02,605.04]",True,,,0.0,,,0.0
t4_caption_grounding,hallu_000233_COCO_train2014_000000377518,COCO_train2014_000000377518.jpg,the couch next to the window,relation,couch,1.0,1,0.1270010200058411,overlap,overlap,nonzero_remained_nonzero,0.1523378837340801,0.1467994065135683,-0.005538477220511817,"[116.0,234.0,377.0,353.0]","[116.0,234.0,378.0,350.0]","[0.23,280.73,236.45,428.0]",True,,,0.0,,,0.0
t4_caption_grounding,hallu_000235_COCO_train2014_000000504211,COCO_train2014_000000504211.jpg,the batter holding the baseball bat,relation,person,1.0,2,0.09748623828124998,overlap,overlap,nonzero_remained_nonzero,0.9179676675097149,0.921820951210225,0.0038532837005100795,"[178.0,139.0,313.0,376.0]","[178.0,140.0,313.0,376.0]","[180.54,141.62,307.03,378.38]",True,,,0.0,,,0.0
t4_caption_grounding,hallu_000238_COCO_train2014_000000503274,COCO_train2014_000000503274.jpg,the bed next to the window,relation,bed,1.0,1,0.0645120812677054,false_rejection,false_rejection,false_rejection_unchanged,0.0,0.0,0.0,null,null,"[259.12,243.26,391.93,353.0]",False,,,0.0,,,0.0
t4_caption_grounding,hallu_000239_COCO_train2014_000000541496,COCO_train2014_000000541496.jpg,the suitcase next to the backpack,relation,suitcase,1.0,3,0.07994581866197184,valid_zero,valid_zero,valid_zero_unresolved,0.0,0.0,0.0,"[243.0,185.0,640.0,415.0]","[245.0,186.0,640.0,415.0]","[120.08,70.62,218.24,292.67]",True,wrong_same_category_instance,suitcase,0.9568325877816288,wrong_same_category_instance,suitcase,0.9561272671967842
t4_caption_grounding,hallu_000241_COCO_train2014_000000059036,COCO_train2014_000000059036.jpg,the sandwich next to the bowl,relation,sandwich,1.0,1,0.23028244906666673,overlap,overlap,nonzero_remained_nonzero,0.40912387556832325,0.029458850554609,-0.37966502501371424,"[28.0,49.0,375.0,328.0]","[174.0,50.0,380.0,216.0]","[29.49,74.16,189.61,343.82000000000005]",True,,,0.0,,,0.0
t4_caption_grounding,hallu_000242_COCO_train2014_000000265274,COCO_train2014_000000265274.jpg,the person in front of the microwave,relation,person,1.0,1,0.1197741509433962,overlap,overlap,nonzero_remained_nonzero,0.9105367303418835,0.938469198675141,0.027932468333257465,"[399.0,245.0,599.0,415.0]","[405.0,246.0,598.0,415.0]","[403.99,248.68,594.55,419.24]",True,,,0.0,,,0.0
t4_caption_grounding,hallu_000246_COCO_train2014_000000059816,COCO_train2014_000000059816.jpg,the couch next to the green sofa,relation,couch,1.0,1,0.22395381764705885,overlap,overlap,nonzero_remained_nonzero,0.9522326184143536,0.9522174332024099,-1.5185211943657961e-05,"[0.0,166.0,247.0,415.0]","[0.0,167.0,248.0,415.0]","[0.92,168.99,243.64,419.96000000000004]",True,,,0.0,,,0.0
t4_caption_grounding,hallu_000247_COCO_train2014_000000488066,COCO_train2014_000000488066.jpg,the teddy bear sitting on the chair,relation,teddy bear,1.0,1,0.07694651785714286,overlap,overlap,nonzero_remained_nonzero,0.23377370094496944,0.5971305943107208,0.3633568933657514,"[248.0,65.0,505.0,415.0]","[289.0,79.0,460.0,275.0]","[285.63,83.19,397.19,271.68]",True,,,0.0,,,0.0
t4_caption_grounding,hallu_000249_COCO_train2014_000000310457,COCO_train2014_000000310457.jpg,the chair next to the person,relation,chair,1.0,1,0.11883746332159621,overlap,overlap,nonzero_remained_nonzero,0.9534517300708729,0.9694551003208214,0.016003370249948468,"[505.0,1.0,640.0,232.0]","[506.0,1.0,640.0,237.0]","[505.19,0.38,639.54,241.54]",True,,,0.0,,,0.0
t4_caption_grounding,hallu_000250_COCO_train2014_000000490801,COCO_train2014_000000490801.jpg,the boy in front of the table,relation,person,1.0,3,0.20294767135665415,overlap,overlap,nonzero_remained_nonzero,0.19748990895985608,0.916651426675934,0.719161517716078,"[229.0,12.0,544.0,519.0]","[400.0,265.0,610.0,635.0]","[392.42,259.71,609.31,622.16]",True,,,0.0,,,0.0
t4_caption_grounding,hallu_000252_COCO_train2014_000000480240,COCO_train2014_000000480240.jpg,the catcher behind the batter,relation,person,1.0,2,0.17171742391304345,overlap,overlap,nonzero_remained_nonzero,0.0677055882402904,0.8609166339231236,0.7932110456828332,"[71.0,100.0,359.0,553.0]","[325.0,149.0,448.0,540.0]","[329.33,146.69,460.0,533.5699999999999]",True,,,0.0,,,0.0
t4_caption_grounding,hallu_000253_COCO_train2014_000000518265,COCO_train2014_000000518265.jpg,the person holding the frisbee,relation,person,1.0,3,0.13865105971896957,overlap,overlap,nonzero_remained_nonzero,0.45180244952222137,0.4604180090248065,0.008615559502585135,"[222.0,142.0,345.0,403.0]","[224.0,142.0,350.0,403.0]","[195.27,97.87,366.55,319.09000000000003]",True,,,0.0,,,0.0
t4_caption_grounding,hallu_000254_COCO_train2014_000000208379,COCO_train2014_000000208379.jpg,the person kneeling on the floor,relation,person,1.0,1,0.2545713561197917,overlap,overlap,nonzero_remained_nonzero,0.8799153481042772,0.8799153481042772,0.0,"[129.0,10.0,310.0,396.0]","[129.0,10.0,310.0,396.0]","[108.7,10.71,308.88,401.38]",True,,,0.0,,,0.0
t4_caption_grounding,hallu_000255_COCO_train2014_000000207935,COCO_train2014_000000207935.jpg,the person jumping in front of the toilet,relation,person,1.0,2,0.40873047352941183,overlap,overlap,nonzero_remained_nonzero,0.9256181409730254,0.9259462233977194,0.000328082424693954,"[14.0,121.0,244.0,575.0]","[15.0,120.0,246.0,578.0]","[7.13,115.46,250.87,571.58]",True,,,0.0,,,0.0
t4_caption_grounding,hallu_000257_COCO_train2014_000000433662,COCO_train2014_000000433662.jpg,the elephant next to the person,relation,elephant,1.0,2,0.18457527142018781,overlap,overlap,nonzero_remained_nonzero,0.6649428426383487,0.12348213073441831,-0.5414607119039304,"[1.0,145.0,380.0,336.0]","[224.0,150.0,379.0,320.0]","[1.91,157.0,275.70000000000005,340.8]",True,,,0.0,,,0.0
t4_caption_grounding,hallu_000260_COCO_train2014_000000107970,COCO_train2014_000000107970.jpg,the child sitting on the bench,relation,person,1.0,1,0.15597687326869805,overlap,overlap,nonzero_remained_nonzero,0.8767827665917176,0.741924004635302,-0.13485876195641566,"[147.0,140.0,308.0,341.0]","[149.0,140.0,285.0,341.0]","[144.56,136.56,323.03999999999996,338.47]",True,,,0.0,,,0.0
t4_caption_grounding,hallu_000261_COCO_train2014_000000036046,COCO_train2014_000000036046.jpg,the chair next to the person,relation,chair,1.0,1,0.2541748792447307,valid_zero,valid_zero,valid_zero_unresolved,0.0,0.0,0.0,"[314.0,52.0,582.0,415.0]","[478.0,56.0,580.0,269.0]","[62.37,87.32,283.07,402.05]",True,wrong_same_category_instance,chair,0.9344036727725622,partial_or_oversized_region,chair,0.21480379504141808
t4_caption_grounding,hallu_000263_COCO_train2014_000000474004,COCO_train2014_000000474004.jpg,the chair in front of the desk,relation,chair,1.0,1,0.15891446484375002,overlap,overlap,nonzero_remained_nonzero,0.980927754455973,0.9812348455375035,0.00030709108153048614,"[385.0,234.0,588.0,476.0]","[384.0,235.0,590.0,476.0]","[383.78,236.22,588.11,475.14]",True,,,0.0,,,0.0
t4_caption_grounding,hallu_000264_COCO_train2014_000000329508,COCO_train2014_000000329508.jpg,the broccoli next to the carrot,relation,broccoli,1.0,1,0.28660824609375,overlap,overlap,nonzero_remained_nonzero,0.28557022614267347,0.9264508518746871,0.6408806257320137,"[3.0,0.0,640.0,476.0]","[40.0,165.0,338.0,476.0]","[44.05,169.41,327.53000000000003,480.0]",True,,,0.0,,,0.0
t4_caption_grounding,hallu_000265_COCO_train2014_000000189156,COCO_train2014_000000189156.jpg,the chair in front of the desk,relation,chair,1.0,1,0.06825399609374999,overlap,overlap,nonzero_remained_nonzero,0.928922009569378,0.8987579873121193,-0.03016402225725867,"[176.0,344.0,347.0,476.0]","[176.0,345.0,348.0,470.0]","[178.2,349.53,345.06,475.18999999999994]",True,,,0.0,,,0.0
t4_caption_grounding,hallu_000267_COCO_train2014_000000404812,COCO_train2014_000000404812.jpg,the person sitting on the couch,relation,person,1.0,1,0.18781201866113745,overlap,valid_zero,nonzero_regressed_to_zero,0.1917408314622032,0.0,-0.1917408314622032,"[1.0,1.0,640.0,415.0]","[10.0,15.0,226.0,415.0]","[393.55,7.43,617.35,234.08]",True,,,0.0,wrong_same_category_instance,person,0.9517862881723302
t4_caption_grounding,hallu_000270_COCO_train2014_000000553413,COCO_train2014_000000553413.jpg,the person in front of the hot dog,relation,person,1.0,3,0.2627920185546875,overlap,overlap,nonzero_remained_nonzero,0.29528583193773833,0.30104977113301107,0.005763939195272738,"[158.0,0.0,600.0,476.0]","[158.0,0.0,604.0,476.0]","[415.17,114.7,640.0,473.77]",True,,,0.0,,,0.0
t4_caption_grounding,hallu_000273_COCO_train2014_000000220037,COCO_train2014_000000220037.jpg,the dining table in front of the bench,relation,dining table,1.0,3,0.2599775501302083,overlap,overlap,nonzero_remained_nonzero,0.5321785769497307,0.5759881452983293,0.043809568348598615,"[2.0,180.0,509.0,476.0]","[40.0,335.0,378.0,476.0]","[19.47,309.56,508.45000000000005,472.89]",True,,,0.0,,,0.0
t4_caption_grounding,hallu_000274_COCO_train2014_000000243824,COCO_train2014_000000243824.jpg,the bottle next to the pepper grinder,relation,bottle,1.0,1,0.0509403365885417,overlap,overlap,nonzero_remained_nonzero,0.6813039923374987,0.9193959586647444,0.23809196632724572,"[200.0,253.0,303.0,476.0]","[224.0,253.0,303.0,467.0]","[226.01,260.02,301.35,467.73]",True,,,0.0,,,0.0
t4_caption_grounding,hallu_000275_COCO_train2014_000000078880,COCO_train2014_000000078880.jpg,the chair next to the stack of suitcases,relation,chair,1.0,2,0.05178745013333334,overlap,overlap,nonzero_remained_nonzero,0.6410247947193142,0.6990342213404245,0.058009426621110305,"[340.0,194.0,434.0,322.0]","[345.0,206.0,434.0,317.0]","[346.75,224.03,433.44,336.04]",True,,,0.0,,,0.0
t4_caption_grounding,hallu_000277_COCO_train2014_000000153591,COCO_train2014_000000153591.jpg,the wine glass in front of the person,relation,wine glass,1.0,1,0.11681361424180324,valid_zero,valid_zero,valid_zero_unresolved,0.0,0.0,0.0,"[38.0,99.0,201.0,637.0]","[40.0,98.0,200.0,637.0]","[284.57,150.14,411.91999999999996,400.80999999999995]",True,wrong_same_category_instance,wine glass,0.9458913503990921,wrong_same_category_instance,wine glass,0.9641453185026435
t4_caption_grounding,hallu_000278_COCO_train2014_000000276244,COCO_train2014_000000276244.jpg,the television in front of the person,relation,tv,1.0,1,0.11851007291666667,overlap,overlap,nonzero_remained_nonzero,0.9059672614159512,0.900700009896091,-0.005267251519860183,"[205.0,132.0,440.0,303.0]","[205.0,134.0,440.0,306.0]","[207.1,135.73,433.62,296.45]",True,,,0.0,,,0.0
t4_caption_grounding,hallu_000282_COCO_train2014_000000555613,COCO_train2014_000000555613.jpg,the car next to the surfboard,relation,car,1.0,1,0.15578915294117646,overlap,overlap,nonzero_remained_nonzero,0.16309278687580367,0.8226268247881757,0.6595340379123721,"[10.0,10.0,500.0,374.0]","[0.0,80.0,145.0,346.0]","[0.92,79.77,125.61,334.65]",True,,,0.0,,,0.0
t4_caption_grounding,hallu_000288_COCO_train2014_000000154912,COCO_train2014_000000154912.jpg,the hot dog next to the fries,relation,hot dog,1.0,1,0.3546443209696262,overlap,overlap,nonzero_remained_nonzero,0.9346805083764335,0.943852711745258,0.009172203368824516,"[190.0,35.0,495.0,344.0]","[189.0,35.0,496.0,347.0]","[179.26,37.26,491.44,348.44]",True,,,0.0,,,0.0
t4_caption_grounding,hallu_000290_COCO_train2014_000000372156,COCO_train2014_000000372156.jpg,the cake on the table,relation,cake,1.0,1,0.18819322493489582,overlap,overlap,nonzero_remained_nonzero,0.517092042324067,0.9251084283594506,0.4080163860353836,"[112.0,245.0,596.0,476.0]","[170.0,284.0,496.0,450.0]","[167.19,283.69,494.02,460.58]",True,,,0.0,,,0.0
t4_caption_grounding,hallu_000291_COCO_train2014_000000050597,COCO_train2014_000000050597.jpg,the girl in the blue dress,relation,person,1.0,2,0.43121267578125005,overlap,overlap,nonzero_remained_nonzero,0.980017381495655,0.9629078718180044,-0.01710950967765057,"[326.0,56.0,640.0,476.0]","[327.0,56.0,640.0,470.0]","[325.11,58.26,639.21,480.0]",True,,,0.0,,,0.0
t4_caption_grounding,hallu_000294_COCO_train2014_000000231414,COCO_train2014_000000231414.jpg,the dog in front of the person,relation,dog,1.0,1,0.20081162424242424,overlap,overlap,nonzero_remained_nonzero,0.9410072364245248,0.9420440422238807,0.0010368057993559443,"[224.0,38.0,366.0,284.0]","[224.0,40.0,365.0,284.0]","[227.0,40.77,366.57,278.17]",True,,,0.0,,,0.0
t4_caption_grounding,hallu_000296_COCO_train2014_000000299085,COCO_train2014_000000299085.jpg,the person next to the dining table,relation,person,1.0,3,0.5195232453893442,overlap,overlap,nonzero_remained_nonzero,0.9464877349439575,0.9488279408294747,0.002340205885517199,"[287.0,28.0,640.0,415.0]","[287.0,29.0,640.0,415.0]","[281.25,31.25,640.0,427.0]",True,,,0.0,,,0.0
t4_caption_grounding,hallu_000298_COCO_train2014_000000486567,COCO_train2014_000000486567.jpg,the umbrella above the flowers,relation,umbrella,1.0,2,0.570854517578125,overlap,overlap,nonzero_remained_nonzero,0.36740958761617226,0.3761286037776605,0.008719016161488236,"[238.0,0.0,640.0,181.0]","[240.0,0.0,640.0,185.0]","[267.98,1.79,640.0,473.18]",True,,,0.0,,,0.0
t4_caption_grounding,hallu_000299_COCO_train2014_000000071646,COCO_train2014_000000071646.jpg,the zebra next to the giraffe,relation,zebra,1.0,1,0.07000921106557378,overlap,overlap,nonzero_remained_nonzero,0.2615106232914161,0.9087970080114304,0.6472863847200143,"[274.0,102.0,510.0,412.0]","[301.0,241.0,450.0,378.0]","[298.64,246.02,447.02,374.96000000000004]",True,,,0.0,,,0.0
t4_caption_grounding,hallu_000300_COCO_train2014_000000445990,COCO_train2014_000000445990.jpg,the person next to the snowboard,relation,person,1.0,2,0.1041211236447704,overlap,overlap,nonzero_remained_nonzero,0.05791268583955924,0.07321200769569618,0.015299321856136937,"[212.0,108.0,330.0,346.0]","[208.0,107.0,334.0,346.0]","[105.41,128.22,225.66,345.45]",True,,,0.0,,,0.0
t4_caption_grounding,hallu_000301_COCO_train2014_000000242193,COCO_train2014_000000242193.jpg,the traffic light on the yellow pole,relation,traffic light,1.0,2,0.06360346421252927,overlap,overlap,nonzero_remained_nonzero,0.9544213197166954,0.9527137839731837,-0.001707535743511679,"[49.0,86.0,150.0,255.0]","[48.0,86.0,150.0,257.0]","[47.97,84.94,151.66,252.57]",True,,,0.0,,,0.0
t4_caption_grounding,hallu_000302_COCO_train2014_000000280409,COCO_train2014_000000280409.jpg,the person next to the giraffe,relation,person,1.0,1,0.12570127445652174,overlap,overlap,nonzero_remained_nonzero,0.18670657465867377,0.7347517856329527,0.5480452109742789,"[249.0,162.0,489.0,443.0]","[409.0,245.0,623.0,448.0]","[404.79,247.86,579.25,459.98]",True,,,0.0,,,0.0
t4_caption_grounding,hallu_000303_COCO_train2014_000000024706,COCO_train2014_000000024706.jpg,the person holding a tennis racket,relation,person,1.0,3,0.11074640948275863,valid_zero,overlap,valid_zero_recovered,0.0,0.8802201698277252,0.8802201698277252,"[133.0,52.0,250.0,332.0]","[450.0,56.0,562.0,337.0]","[444.75,53.74,558.87,323.91]",True,wrong_same_category_instance,person,0.937218812004894,,,0.0
t4_caption_grounding,hallu_000304_COCO_train2014_000000419085,COCO_train2014_000000419085.jpg,the wine glass next to the knife,relation,wine glass,1.0,2,0.21324605532786886,overlap,overlap,nonzero_remained_nonzero,0.9616618452983161,0.9593678787048623,-0.0022939665934538223,"[46.0,45.0,188.0,455.0]","[47.0,45.0,189.0,456.0]","[45.22,48.8,190.12,450.98]",True,,,0.0,,,0.0
t4_caption_grounding,hallu_000308_COCO_train2014_000000307730,COCO_train2014_000000307730.jpg,the person next to the backpack,relation,person,1.0,3,0.31860300411374126,overlap,overlap,nonzero_remained_nonzero,0.12913576494122872,0.12750460874467479,-0.0016311561965539345,"[154.0,77.0,427.0,415.0]","[154.0,78.0,426.0,415.0]","[358.24,114.67,639.79,428.26]",True,,,0.0,,,0.0
t4_caption_grounding,hallu_000309_COCO_train2014_000000387365,COCO_train2014_000000387365.jpg,the person in the black suit with a blue tie,relation,person,1.0,1,0.36499242735105136,overlap,overlap,nonzero_remained_nonzero,0.9561184730151491,0.9495897730801638,-0.0065286999349852826,"[46.0,160.0,251.0,637.0]","[46.0,159.0,250.0,637.0]","[45.64,165.47,256.33,640.0]",True,,,0.0,,,0.0
t4_caption_grounding,hallu_000310_COCO_train2014_000000372790,COCO_train2014_000000372790.jpg,the umbrella held by the person,relation,umbrella,1.0,1,0.13947459895833333,valid_zero,overlap,valid_zero_recovered,0.0,0.7862180096676442,0.7862180096676442,"[263.0,10.0,476.0,302.0]","[0.0,0.0,204.0,265.0]","[0.03,0.0,204.92,209.12]",True,wrong_same_category_instance,umbrella,0.9420442747802364,,,0.0
t4_caption_grounding,hallu_000312_COCO_train2014_000000319430,COCO_train2014_000000319430.jpg,the wine glass in the person's hand,relation,wine glass,1.0,2,0.380240478515625,overlap,overlap,nonzero_remained_nonzero,0.9333673296223713,0.9560330777913961,0.02266574816902478,"[135.0,91.0,354.0,627.0]","[140.0,95.0,356.0,627.0]","[140.31,90.34,360.81,620.09]",True,,,0.0,,,0.0
t4_caption_grounding,hallu_000316_COCO_train2014_000000449171,COCO_train2014_000000449171.jpg,the person in front of the snowboard,relation,person,1.0,2,0.20802579359999998,overlap,overlap,nonzero_remained_nonzero,0.890904490166181,0.8920812623525568,0.0011767721863757963,"[61.0,161.0,250.0,364.0]","[64.0,160.0,257.0,364.0]","[66.01,165.87,252.51999999999998,375.0]",True,,,0.0,,,0.0
t4_caption_grounding,hallu_000320_COCO_train2014_000000252069,COCO_train2014_000000252069.jpg,the person sitting on the couch,relation,person,1.0,2,0.46889090104166675,overlap,overlap,nonzero_remained_nonzero,0.8637062742750274,0.30947309107473414,-0.5542331832002934,"[214.0,62.0,620.0,465.0]","[0.0,69.0,415.0,387.0]","[209.87,66.3,616.6800000000001,420.38]",True,,,0.0,,,0.0
t4_caption_grounding,hallu_000321_COCO_train2014_000000573724,COCO_train2014_000000573724.jpg,the chair next to the table,relation,chair,1.0,2,0.11260071874999997,overlap,valid_zero,nonzero_regressed_to_zero,0.9030053050242594,0.0,-0.9030053050242594,"[185.0,234.0,383.0,408.0]","[448.0,209.0,576.0,402.0]","[182.96,236.83,376.4,415.65]",True,,,0.0,wrong_same_category_instance,chair,0.9181821913420031
t4_caption_grounding,hallu_000322_COCO_train2014_000000333335,COCO_train2014_000000333335.jpg,the bicycle next to the bench,relation,bicycle,1.0,1,0.281459302734375,overlap,overlap,nonzero_remained_nonzero,0.9626394935497866,0.9560649321804532,-0.0065745613693334315,"[245.0,229.0,623.0,459.0]","[246.0,229.0,625.0,458.0]","[247.21,228.67,617.0,462.49]",True,,,0.0,,,0.0
t4_caption_grounding,hallu_000323_COCO_train2014_000000547066,COCO_train2014_000000547066.jpg,the cake in front of the spoon,relation,cake,1.0,2,0.13940202356557374,overlap,overlap,nonzero_remained_nonzero,0.028035123006981067,0.03241991559033961,0.004384792583358544,"[133.0,112.0,372.0,364.0]","[145.0,110.0,376.0,368.0]","[337.29,3.19,542.04,189.25]",True,,,0.0,,,0.0
t4_caption_grounding,hallu_000324_COCO_train2014_000000372748,COCO_train2014_000000372748.jpg,the spoon in the child's hand,relation,spoon,1.0,1,0.063564288,overlap,valid_zero,nonzero_regressed_to_zero,0.16067125896755302,0.0,-0.16067125896755302,"[63.0,188.0,196.0,357.0]","[65.0,270.0,84.0,290.0]","[84.78,265.65,363.17999999999995,308.46]",True,,,0.0,background_or_unannotated,,0.020903903145439467
t4_caption_grounding,hallu_000326_COCO_train2014_000000142981,COCO_train2014_000000142981.jpg,the boy in the blue shirt,attribute,person,1.0,1,0.4789249795081968,overlap,overlap,nonzero_remained_nonzero,0.2949438705300139,0.2941622598807469,-0.0007816106492670172,"[64.0,28.0,321.0,562.0]","[65.0,27.0,320.0,564.0]","[206.64,0.0,427.0,593.94]",True,,,0.0,,,0.0
t4_caption_grounding,hallu_000329_COCO_train2014_000000383576,COCO_train2014_000000383576.jpg,the couch in front of the table,relation,couch,1.0,1,0.09153449970657276,overlap,overlap,nonzero_remained_nonzero,0.0113434488194017,0.01447766197060447,0.0031342131512027693,"[0.0,191.0,208.0,415.0]","[0.0,194.0,208.0,336.0]","[199.72,172.49,415.91999999999996,287.92]",True,,,0.0,,,0.0
t4_caption_grounding,hallu_000332_COCO_train2014_000000028824,COCO_train2014_000000028824.jpg,the person sitting in front of the laptop,relation,person,1.0,3,0.4299226829625293,overlap,overlap,nonzero_remained_nonzero,0.5388226303531863,0.8664673019906319,0.3276446716374456,"[325.0,1.0,547.0,372.0]","[389.0,0.0,640.0,415.0]","[357.91,1.92,638.1,421.24]",True,,,0.0,,,0.0
t4_caption_grounding,hallu_000335_COCO_train2014_000000500400,COCO_train2014_000000500400.jpg,the pizza in front of the person,relation,pizza,1.0,1,0.35757989257812495,valid_zero,valid_zero,valid_zero_unresolved,0.0,0.0,0.0,"[187.0,0.0,450.0,326.0]","[150.0,294.0,387.0,369.0]","[34.52,371.06,442.96999999999997,640.0]",True,other_category_or_reference,person,0.9600292013996515,wrong_same_category_instance,pizza,0.7778934454602836
t4_caption_grounding,hallu_000338_COCO_train2014_000000277202,COCO_train2014_000000277202.jpg,the person holding a wine glass,relation,person,1.0,1,0.6415124993489583,overlap,overlap,nonzero_remained_nonzero,0.9814590989576462,0.983926605159719,0.002467506202072811,"[132.0,48.0,469.0,637.0]","[134.0,50.0,469.0,637.0]","[134.89,47.52,470.66999999999996,634.43]",True,,,0.0,,,0.0
t4_caption_grounding,hallu_000339_COCO_train2014_000000416018,COCO_train2014_000000416018.jpg,the person holding the remote,relation,person,1.0,3,0.23160130664062503,overlap,overlap,nonzero_remained_nonzero,0.9490975264508805,0.9561634607355461,0.00706593428466562,"[266.0,297.0,476.0,637.0]","[267.0,298.0,476.0,635.0]","[267.51,293.39,478.91999999999996,629.9300000000001]",True,,,0.0,,,0.0
t4_caption_grounding,hallu_000342_COCO_train2014_000000242350,COCO_train2014_000000242350.jpg,the teddy bear next to the brown teddy bear,relation,teddy bear,1.0,3,0.587848354491018,overlap,overlap,nonzero_remained_nonzero,0.1260654006800615,0.9265643100853982,0.8004989094053367,"[248.0,48.0,443.0,332.0]","[0.0,14.0,295.0,334.0]","[0.75,10.51,309.23,328.75]",True,,,0.0,,,0.0
t4_caption_grounding,hallu_000343_COCO_train2014_000000502407,COCO_train2014_000000502407.jpg,the sandwich next to the broccoli,relation,sandwich,1.0,3,0.08372364908854166,overlap,overlap,nonzero_remained_nonzero,0.02287525191419988,0.023015466033418794,0.00014021411921891214,"[288.0,196.0,466.0,319.0]","[289.0,196.0,467.0,319.0]","[299.1,312.62,513.88,432.37]",True,,,0.0,,,0.0
t4_caption_grounding,hallu_000344_COCO_train2014_000000233485,COCO_train2014_000000233485.jpg,the laptop on the bed,relation,laptop,1.0,1,0.05340799224028718,valid_zero,valid_zero,valid_zero_unresolved,0.0,0.0,0.0,"[231.0,226.0,425.0,357.0]","[230.0,226.0,425.0,357.0]","[478.92,408.19,615.95,555.86]",True,wrong_same_category_instance,laptop,0.8535127748361545,wrong_same_category_instance,laptop,0.8575373496854385
t4_caption_grounding,hallu_000345_COCO_train2014_000000033896,COCO_train2014_000000033896.jpg,the person next to the dining table,relation,person,1.0,1,0.4366629696,valid_zero,overlap,valid_zero_recovered,0.0,0.9324628597027225,0.9324628597027225,"[269.0,42.0,500.0,364.0]","[0.0,45.0,246.0,358.0]","[0.0,40.71,244.92,375.0]",True,wrong_same_category_instance,person,0.9530338642142913,,,0.0
t4_caption_grounding,hallu_000348_COCO_train2014_000000485491,COCO_train2014_000000485491.jpg,the train next to the platform,relation,train,1.0,1,0.1671101214871194,overlap,overlap,nonzero_remained_nonzero,0.4875218791047224,0.4258313192346424,-0.061690559870079986,"[318.0,50.0,640.0,340.0]","[309.0,54.0,640.0,378.0]","[317.61,70.05,502.8,316.65]",True,,,0.0,,,0.0
t4_caption_grounding,hallu_000349_COCO_train2014_000000291493,COCO_train2014_000000291493.jpg,the dining table with the sandwich and chips,relation,dining table,1.0,1,0.29957250878906244,overlap,overlap,nonzero_remained_nonzero,0.2819626583621109,0.3020899248293067,0.020127266467195815,"[0.0,1.0,622.0,470.0]","[0.0,0.0,640.0,476.0]","[420.67,50.77,640.0,470.35999999999996]",True,,,0.0,,,0.0
t4_caption_grounding,hallu_000350_COCO_train2014_000000448739,COCO_train2014_000000448739.jpg,the person holding the cell phone,relation,person,1.0,1,0.12525603227459017,overlap,overlap,nonzero_remained_nonzero,0.6361542392413151,0.9537242599698299,0.3175700207285148,"[6.0,28.0,176.0,338.0]","[5.0,28.0,117.0,340.0]","[8.77,27.38,117.8,341.33]",True,,,0.0,,,0.0
t4_caption_grounding,hallu_000357_COCO_train2014_000000228119,COCO_train2014_000000228119.jpg,the person holding the bottle,relation,person,1.0,1,0.668920336,overlap,overlap,nonzero_remained_nonzero,0.9497467838456082,0.946702463730065,-0.003044320115543231,"[53.0,37.0,430.0,360.0]","[54.0,38.0,429.0,360.0]","[51.64,34.49,425.78999999999996,369.71000000000004]",True,,,0.0,,,0.0
t4_caption_grounding,hallu_000362_COCO_train2014_000000042585,COCO_train2014_000000042585.jpg,the bowl of cherry tomatoes on the table,relation,bowl,1.0,3,0.20997853962988824,overlap,overlap,nonzero_remained_nonzero,0.047446381231339894,0.04151006841985063,-0.005936312811489264,"[237.0,14.0,388.0,190.0]","[240.0,15.0,386.0,190.0]","[41.74,40.9,259.69,261.64]",True,,,0.0,,,0.0
t4_caption_grounding,hallu_000364_COCO_train2014_000000168161,COCO_train2014_000000168161.jpg,the chair next to the person,relation,chair,1.0,3,0.06272093676814988,false_rejection,false_rejection,false_rejection_unchanged,0.0,0.0,0.0,null,null,"[478.49,0.0,616.73,123.99]",False,,,0.0,,,0.0
t4_caption_grounding,hallu_000365_COCO_train2014_000000207010,COCO_train2014_000000207010.jpg,the person holding the remote,relation,person,1.0,1,0.2542907564252337,overlap,overlap,nonzero_remained_nonzero,0.8498720363564908,0.9413105262782646,0.09143848992177384,"[206.0,141.0,485.0,415.0]","[206.0,141.0,457.0,415.0]","[204.86,142.19,452.04,423.99]",True,,,0.0,,,0.0
t4_caption_grounding,hallu_000367_COCO_train2014_000000115056,COCO_train2014_000000115056.jpg,the person lying on the grass,relation,person,1.0,2,0.15470761197306795,overlap,overlap,nonzero_remained_nonzero,0.6958392369854673,0.6914351911817618,-0.00440404580370557,"[0.0,195.0,387.0,352.0]","[0.0,196.0,387.0,354.0]","[0.0,199.24,348.43,320.58000000000004]",True,,,0.0,,,0.0
t4_caption_grounding,hallu_000369_COCO_train2014_000000167927,COCO_train2014_000000167927.jpg,the person with white shirt,attribute,person,1.0,2,0.05585136983240223,overlap,overlap,nonzero_remained_nonzero,0.0698336477100566,0.752738846624991,0.6829051989149344,"[40.0,54.0,358.0,498.0]","[46.0,135.0,117.0,289.0]","[39.12,134.94,107.6,280.93]",True,,,0.0,,,0.0
t4_caption_grounding,hallu_000372_COCO_train2014_000000121052,COCO_train2014_000000121052.jpg,the person holding the umbrella,relation,person,1.0,1,0.5230479804870892,overlap,overlap,nonzero_remained_nonzero,0.9639025250649578,0.9562629431505527,-0.007639581914405058,"[0.0,17.0,352.0,415.0]","[0.0,16.0,354.0,415.0]","[0.0,18.77,350.18,426.0]",True,,,0.0,,,0.0
t4_caption_grounding,hallu_000375_COCO_train2014_000000246539,COCO_train2014_000000246539.jpg,the person's foot next to the apple,relation,person,1.0,1,0.06476424218750002,false_rejection,false_rejection,false_rejection_unchanged,0.0,0.0,0.0,null,null,"[0.0,281.53,194.16,384.0]",False,,,0.0,,,0.0
t4_caption_grounding,hallu_000378_COCO_train2014_000000442467,COCO_train2014_000000442467.jpg,the person with green shirt,relation,person,1.0,3,0.12249906055900625,overlap,overlap,nonzero_remained_nonzero,0.8848197222213493,0.8722473669461961,-0.012572355275153213,"[257.0,159.0,369.0,476.0]","[258.0,160.0,370.0,476.0]","[248.72,162.42,366.84000000000003,483.0]",True,,,0.0,,,0.0
t4_caption_grounding,hallu_000379_COCO_train2014_000000560009,COCO_train2014_000000560009.jpg,the car behind the fence,relation,car,1.0,2,0.06639872255489024,overlap,overlap,nonzero_remained_nonzero,0.16855743622318176,0.7888723284422708,0.6203148922190891,"[177.0,134.0,388.0,448.0]","[294.0,187.0,450.0,360.0]","[302.4,188.82,446.71999999999997,336.34000000000003]",True,,,0.0,,,0.0
t4_caption_grounding,hallu_000381_COCO_train2014_000000451336,COCO_train2014_000000451336.jpg,the person holding the cell phone,relation,person,1.0,1,0.625746502102102,overlap,overlap,nonzero_remained_nonzero,0.6237325949601441,0.5323187901572223,-0.09141380480292183,"[0.0,1.0,333.0,498.0]","[0.0,69.0,245.0,498.0]","[37.87,146.98,333.0,500.0]",True,,,0.0,,,0.0
t4_caption_grounding,hallu_000385_COCO_train2014_000000009488,COCO_train2014_000000009488.jpg,the person sitting on the bench,relation,person,1.0,3,0.12422373493333332,overlap,overlap,nonzero_remained_nonzero,0.6997043847932982,0.8176503167054548,0.11794593191215663,"[317.0,63.0,424.0,245.0]","[297.0,64.0,425.0,248.0]","[299.66,64.97,414.79,267.28]",True,,,0.0,,,0.0
t4_caption_grounding,hallu_000386_COCO_train2014_000000182642,COCO_train2014_000000182642.jpg,the motorcycle in front of the person,relation,motorcycle,1.0,1,0.11104977278645833,overlap,overlap,nonzero_remained_nonzero,0.07311028873883894,0.071155376692167,-0.001954912046671947,"[36.0,138.0,574.0,476.0]","[36.0,140.0,578.0,476.0]","[225.44,26.97,400.18,222.2]",True,,,0.0,,,0.0
t4_caption_grounding,hallu_000388_COCO_train2014_000000211080,COCO_train2014_000000211080.jpg,the person in front of the snowboard,relation,person,1.0,2,0.08990887044270833,overlap,overlap,nonzero_remained_nonzero,0.9511493681786141,0.9409791195580898,-0.010170248620524291,"[254.0,140.0,346.0,452.0]","[254.0,140.0,347.0,452.0]","[253.48,143.53,343.01,452.03]",True,,,0.0,,,0.0
t4_caption_grounding,hallu_000393_COCO_train2014_000000158293,COCO_train2014_000000158293.jpg,the glass of water next to the beer,relation,cup,1.0,1,0.09256820312499998,overlap,overlap,nonzero_remained_nonzero,0.9302645644991443,0.8666141029125156,-0.06365046158662868,"[24.0,0.0,147.0,205.0]","[30.0,0.0,145.0,206.0]","[23.01,0.0,153.89,202.79]",True,,,0.0,,,0.0
t4_caption_grounding,hallu_000395_COCO_train2014_000000347048,COCO_train2014_000000347048.jpg,the elephant in front of the person,relation,elephant,1.0,1,0.6087765632318501,overlap,overlap,nonzero_remained_nonzero,0.9667521359750101,0.9751288857455589,0.008376749770548808,"[0.0,0.0,342.0,482.0]","[0.0,0.0,345.0,482.0]","[0.0,1.44,349.48,477.48]",True,,,0.0,,,0.0
t4_caption_grounding,hallu_000400_COCO_train2014_000000044286,COCO_train2014_000000044286.jpg,the TV on top of the speakers,relation,tv,1.0,1,0.07188866699218749,overlap,overlap,nonzero_remained_nonzero,0.9894354166666666,0.9423194444444444,-0.04711597222222219,"[154.0,0.0,340.0,120.0]","[154.0,0.0,340.0,126.0]","[154.25,0.27,338.7,120.0]",True,,,0.0,,,0.0
t4_caption_grounding,hallu_000402_COCO_train2014_000000125120,COCO_train2014_000000125120.jpg,the person next to the dining table,relation,person,1.0,2,0.09070353678385419,overlap,valid_zero,nonzero_regressed_to_zero,0.11415139206384324,0.0,-0.11415139206384324,"[1.0,94.0,640.0,476.0]","[506.0,127.0,640.0,278.0]","[15.64,110.94,161.87,301.49]",True,,,0.0,wrong_same_category_instance,person,0.8051304436660289
t4_caption_grounding,hallu_000403_COCO_train2014_000000004578,COCO_train2014_000000004578.jpg,the dining table next to the window,relation,dining table,1.0,2,0.04979997786458333,valid_zero,valid_zero,valid_zero_unresolved,0.0,0.0,0.0,"[222.0,282.0,448.0,476.0]","[405.0,356.0,640.0,476.0]","[1.25,253.09,93.51,418.90999999999997]",True,wrong_same_category_instance,dining table,0.83313424548321,wrong_same_category_instance,dining table,0.8863576363538502
t4_caption_grounding,hallu_000406_COCO_train2014_000000201184,COCO_train2014_000000201184.jpg,the person sitting on the couch,relation,person,1.0,2,0.1708077610677083,overlap,overlap,nonzero_remained_nonzero,0.9085303008434236,0.8944504679801866,-0.014079832863236996,"[62.0,58.0,220.0,364.0]","[64.0,58.0,217.0,369.0]","[60.13,60.24,229.79999999999998,369.5]",True,,,0.0,,,0.0
t4_caption_grounding,hallu_000407_COCO_train2014_000000493699,COCO_train2014_000000493699.jpg,the dining table with a white tablecloth,attribute,dining table,1.0,2,0.0938597775175644,overlap,overlap,nonzero_remained_nonzero,0.8039514180759173,0.8228796637675087,0.01892824569159135,"[0.0,262.0,153.0,415.0]","[0.0,265.0,154.0,415.0]","[0.0,272.1,171.0,422.1]",True,,,0.0,,,0.0
t4_caption_grounding,hallu_000408_COCO_train2014_000000324252,COCO_train2014_000000324252.jpg,the person on the skateboard,relation,person,1.0,1,0.2757874471830986,overlap,overlap,nonzero_remained_nonzero,0.03218866283700247,0.03548672292016599,0.003298060083163523,"[104.0,135.0,366.0,362.0]","[104.0,135.0,368.0,360.0]","[347.5,91.61,605.02,383.59000000000003]",True,,,0.0,,,0.0
t4_caption_grounding,hallu_000415_COCO_train2014_000000450270,COCO_train2014_000000450270.jpg,the cat sitting under the table,relation,cat,1.0,1,0.12599587890625,overlap,overlap,nonzero_remained_nonzero,0.9147928034826873,0.8962131697275295,-0.01857963375515781,"[174.0,114.0,384.0,309.0]","[174.0,109.0,385.0,309.0]","[176.25,124.73,387.55,307.91]",True,,,0.0,,,0.0
t4_caption_grounding,hallu_000418_COCO_train2014_000000431704,COCO_train2014_000000431704.jpg,the dining table with a bowl and donuts,relation,dining table,1.0,1,0.061502817708333345,valid_zero,overlap,valid_zero_recovered,0.0,0.4732963135429012,0.4732963135429012,"[194.0,316.0,334.0,381.0]","[189.0,307.0,425.0,476.0]","[192.0,392.73,425.14,473.77000000000004]",True,other_category_or_reference,bowl,0.694987889214492,,,0.0
t4_caption_grounding,hallu_000419_COCO_train2014_000000408041,COCO_train2014_000000408041.jpg,the giraffe next to the person,relation,giraffe,1.0,1,0.19629227864583335,overlap,overlap,nonzero_remained_nonzero,0.37016274212681205,0.6693457003365605,0.29918295820974844,"[0.0,0.0,410.0,380.0]","[0.0,168.0,415.0,379.0]","[88.16,168.64,420.58000000000004,350.03999999999996]",True,,,0.0,,,0.0
t4_caption_grounding,hallu_000422_COCO_train2014_000000426282,COCO_train2014_000000426282.jpg,the train next to the platform,relation,train,1.0,1,0.09391354508196723,overlap,overlap,nonzero_remained_nonzero,0.7645966279885786,0.8163985675542005,0.051801939565621846,"[369.0,142.0,510.0,297.0]","[360.0,142.0,510.0,297.0]","[354.07,134.34,501.84000000000003,308.02]",True,,,0.0,,,0.0
t4_caption_grounding,hallu_000429_COCO_train2014_000000327998,COCO_train2014_000000327998.jpg,the person next to the tie,relation,person,1.0,1,0.33578887890625003,overlap,overlap,nonzero_remained_nonzero,0.11853732992499015,0.11802982039018799,-0.0005075095348021641,"[375.0,15.0,640.0,476.0]","[375.0,14.0,640.0,470.0]","[165.74,94.83,438.03000000000003,473.66999999999996]",True,,,0.0,,,0.0
t4_caption_grounding,hallu_000430_COCO_train2014_000000351470,COCO_train2014_000000351470.jpg,the banana in the person's hand,relation,banana,1.0,1,0.1412670933577406,overlap,overlap,nonzero_remained_nonzero,0.20291022851589097,0.2032518716049383,0.00034164308904732765,"[34.0,97.0,605.0,470.0]","[38.0,96.0,605.0,471.0]","[103.12,185.83,280.36,429.66]",True,,,0.0,,,0.0
t4_caption_grounding,hallu_000434_COCO_train2014_000000324332,COCO_train2014_000000324332.jpg,the bus next to the people,relation,bus,1.0,1,0.25529303278688525,valid_zero,valid_zero,valid_zero_unresolved,0.0,0.0,0.0,"[0.0,0.0,464.0,384.0]","[0.0,0.0,465.0,387.0]","[471.14,1.92,637.14,422.2]",True,wrong_same_category_instance,bus,0.992699565129731,wrong_same_category_instance,bus,0.9888791481203633
t4_caption_grounding,hallu_000435_COCO_train2014_000000130974,COCO_train2014_000000130974.jpg,the broccoli next to the carrot,relation,broccoli,1.0,1,0.37628718750000006,overlap,overlap,nonzero_remained_nonzero,0.4048470452832026,0.7607298659986546,0.35588282071545196,"[1.0,49.0,476.0,637.0]","[154.0,160.0,476.0,618.0]","[222.4,159.45,480.0,608.19]",True,,,0.0,,,0.0
t4_caption_grounding,hallu_000436_COCO_train2014_000000239654,COCO_train2014_000000239654.jpg,the cat next to the toilet,relation,cat,1.0,1,0.14123849055913346,overlap,overlap,nonzero_remained_nonzero,0.03054834878231403,0.03165570877741293,0.0011073599950989013,"[190.0,78.0,320.0,252.0]","[190.0,78.0,320.0,254.0]","[284.13,201.41,516.66,367.4]",True,,,0.0,,,0.0
t4_caption_grounding,hallu_000437_COCO_train2014_000000497402,COCO_train2014_000000497402.jpg,the toilet next to the screen,relation,toilet,1.0,3,0.05325306966145833,false_rejection,false_rejection,false_rejection_unchanged,0.0,0.0,0.0,null,null,"[0.0,471.26,96.95,640.0]",False,,,0.0,,,0.0
t4_caption_grounding,hallu_000438_COCO_train2014_000000074078,COCO_train2014_000000074078.jpg,the couch next to the fireplace,relation,couch,1.0,2,0.12962586067708334,overlap,overlap,nonzero_remained_nonzero,0.23283849964303768,0.6220564646227608,0.38921796497972305,"[0.0,272.0,640.0,476.0]","[0.0,274.0,250.0,446.0]","[1.03,235.35,209.55,426.32]",True,,,0.0,,,0.0
t4_caption_grounding,hallu_000441_COCO_train2014_000000534690,COCO_train2014_000000534690.jpg,the couch with the dog on it,relation,couch,1.0,1,0.44205333333333335,overlap,overlap,nonzero_remained_nonzero,0.4554120879120879,0.4554120879120879,0.0,"[0.0,0.0,500.0,364.0]","[0.0,0.0,500.0,364.0]","[0.0,1.29,500.0,167.06]",True,,,0.0,,,0.0
t4_caption_grounding,hallu_000448_COCO_train2014_000000435951,COCO_train2014_000000435951.jpg,the middle person holding a tennis racket,relation,person,1.0,3,0.12568005528076812,overlap,overlap,nonzero_remained_nonzero,0.8548060288302091,0.869968620675667,0.015162591845457984,"[172.0,78.0,272.0,247.0]","[174.0,78.0,269.0,245.0]","[163.16,77.43,266.86,244.05]",True,,,0.0,,,0.0
t4_caption_grounding,hallu_000451_COCO_train2014_000000517403,COCO_train2014_000000517403.jpg,the person in front of the pizza,relation,person,1.0,2,0.4765590791015625,overlap,overlap,nonzero_remained_nonzero,0.8400470136981334,0.865552661265654,0.025505647567520606,"[48.0,10.0,357.0,408.0]","[40.0,8.0,356.0,409.0]","[3.24,4.13,361.35,412.94]",True,,,0.0,,,0.0
t4_caption_grounding,hallu_000452_COCO_train2014_000000371847,COCO_train2014_000000371847.jpg,the person sitting at the table,relation,person,1.0,3,0.1445904186746988,overlap,overlap,nonzero_remained_nonzero,0.9548949782290702,0.9717653223006728,0.016870344071602594,"[114.0,0.0,296.0,129.0]","[114.0,0.0,296.0,135.0]","[113.52,0.29,294.19,133.14]",True,,,0.0,,,0.0
t4_caption_grounding,hallu_000453_COCO_train2014_000000088540,COCO_train2014_000000088540.jpg,the potted plant on the table,relation,potted plant,1.0,2,0.08616476171874998,overlap,overlap,nonzero_remained_nonzero,0.9048812290064954,0.9177158361056516,0.012834607099156181,"[39.0,210.0,222.0,345.0]","[40.0,212.0,225.0,346.0]","[34.52,212.16,223.28,352.39]",True,,,0.0,,,0.0
t4_caption_grounding,hallu_000454_COCO_train2014_000000559891,COCO_train2014_000000559891.jpg,the horse next to the person,relation,horse,1.0,1,0.450371583984375,overlap,overlap,nonzero_remained_nonzero,0.9879219815675853,0.98523232351372,-0.0026896580538652293,"[0.0,94.0,366.0,476.0]","[0.0,94.0,367.0,476.0]","[1.03,93.68,363.84999999999997,475.01]",True,,,0.0,,,0.0
t4_caption_grounding,hallu_000457_COCO_train2014_000000271447,COCO_train2014_000000271447.jpg,the cup on the saucer,relation,cup,1.0,2,0.11016136363636363,overlap,overlap,nonzero_remained_nonzero,0.8888600459814562,0.8947564420291715,0.005896396047715302,"[42.0,210.0,225.0,367.0]","[45.0,209.0,226.0,370.0]","[42.34,215.06,229.54,376.63]",True,,,0.0,,,0.0
t4_caption_grounding,hallu_000458_COCO_train2014_000000060350,COCO_train2014_000000060350.jpg,the person in front of the TV,relation,person,1.0,3,0.10569492921068076,overlap,overlap,nonzero_remained_nonzero,0.16151841204245787,0.16099388836431808,-0.0005245236781397933,"[354.0,29.0,509.0,402.0]","[354.0,29.0,508.0,406.0]","[303.19,71.48,390.5,401.53000000000003]",True,,,0.0,,,0.0
t4_caption_grounding,hallu_000462_COCO_train2014_000000241342,COCO_train2014_000000241342.jpg,the person in front of the skateboard,relation,person,1.0,2,0.288963560960961,overlap,valid_zero,nonzero_regressed_to_zero,0.9672396144103574,0.0,-0.9672396144103574,"[214.0,0.0,333.0,418.0]","[0.0,0.0,174.0,375.0]","[216.85,1.4,332.58,417.13]",True,,,0.0,wrong_same_category_instance,person,0.9775763141762452
t4_caption_grounding,hallu_000468_COCO_train2014_000000521709,COCO_train2014_000000521709.jpg,the couch next to the person,relation,couch,1.0,1,0.22242652376302086,overlap,overlap,nonzero_remained_nonzero,0.01465382913221289,0.8554131947636113,0.8407593656313984,"[108.0,127.0,393.0,264.0]","[378.0,169.0,640.0,470.0]","[376.19,171.75,640.0,430.76]",True,,,0.0,,,0.0
t4_caption_grounding,hallu_000469_COCO_train2014_000000216840,COCO_train2014_000000216840.jpg,the motorcycle next to the bicycles,relation,motorcycle,1.0,3,0.25540855208333324,overlap,overlap,nonzero_remained_nonzero,0.9601384750363405,0.9506155094645903,-0.009522965571750253,"[269.0,134.0,595.0,378.0]","[269.0,134.0,578.0,377.0]","[268.24,134.83,587.28,380.76]",True,,,0.0,,,0.0
t4_caption_grounding,hallu_000470_COCO_train2014_000000504257,COCO_train2014_000000504257.jpg,the person next to the oven,relation,person,1.0,1,0.2825683056640625,overlap,overlap,nonzero_remained_nonzero,0.9551280089713625,0.9531022124300397,-0.002025796541322844,"[42.0,84.0,210.0,593.0]","[40.0,85.0,216.0,597.0]","[44.09,82.24,214.58,591.39]",True,,,0.0,,,0.0
t4_caption_grounding,hallu_000474_COCO_train2014_000000132874,COCO_train2014_000000132874.jpg,the person holding the hot dog,relation,person,1.0,1,0.10248154036458336,overlap,overlap,nonzero_remained_nonzero,0.21907566191231645,0.8888291699604746,0.6697535080481581,"[86.0,234.0,505.0,476.0]","[0.0,384.0,385.0,476.0]","[1.08,385.08,352.71999999999997,474.61]",True,,,0.0,,,0.0
t4_caption_grounding,hallu_000475_COCO_train2014_000000019552,COCO_train2014_000000019552.jpg,the person holding a tennis racket,relation,person,1.0,1,0.3756637931034483,overlap,overlap,nonzero_remained_nonzero,0.9380326853719734,0.9300994571665951,-0.007933228205378229,"[139.0,166.0,400.0,595.0]","[140.0,167.0,400.0,594.0]","[135.19,162.28,391.19,598.05]",True,,,0.0,,,0.0
t4_caption_grounding,hallu_000477_COCO_train2014_000000360870,COCO_train2014_000000360870.jpg,the person next to the dining table,relation,person,1.0,1,0.10261371093749998,overlap,overlap,nonzero_remained_nonzero,0.07073604964186225,0.7609535408309575,0.6902174911890953,"[374.0,68.0,507.0,300.0]","[495.0,30.0,628.0,237.0]","[486.46,36.16,622.06,268.63]",True,,,0.0,,,0.0
t4_caption_grounding,hallu_000481_COCO_train2014_000000389188,COCO_train2014_000000389188.jpg,the tennis racket in the person's hand,relation,tennis racket,1.0,1,0.05980430121527778,valid_zero,valid_zero,valid_zero_unresolved,0.0,0.0,0.0,"[188.0,84.0,296.0,228.0]","[190.0,84.0,296.0,227.0]","[339.87,100.86,460.0,215.56]",True,wrong_same_category_instance,tennis racket,0.907165162037037,wrong_same_category_instance,tennis racket,0.9113514210379302
t4_caption_grounding,hallu_000483_COCO_train2014_000000389345,COCO_train2014_000000389345.jpg,the person sitting next to the child,relation,person,1.0,3,0.13824098828124998,overlap,overlap,nonzero_remained_nonzero,0.8889938257871772,0.914031854050352,0.025038028263174805,"[456.0,212.0,628.0,476.0]","[458.0,209.0,627.0,476.0]","[463.82,204.94,621.3,474.61]",True,,,0.0,,,0.0
t4_caption_grounding,hallu_000484_COCO_train2014_000000159768,COCO_train2014_000000159768.jpg,the person next to the dining table,relation,person,1.0,1,0.2121937874348958,valid_zero,valid_zero,valid_zero_unresolved,0.0,0.0,0.0,"[51.0,63.0,281.0,297.0]","[50.0,64.0,287.0,297.0]","[375.37,67.96,610.52,345.16999999999996]",True,wrong_same_category_instance,person,0.9658189421873062,wrong_same_category_instance,person,0.9421313466809894
t4_caption_grounding,hallu_000485_COCO_train2014_000000461517,COCO_train2014_000000461517.jpg,the person in front of the frisbee,relation,person,1.0,3,0.2140051932951878,overlap,overlap,nonzero_remained_nonzero,0.9360932314141337,0.954913684645631,0.01882045323149728,"[130.0,40.0,300.0,392.0]","[130.0,40.0,298.0,395.0]","[131.81,42.14,295.14,399.37]",True,,,0.0,,,0.0
t4_caption_grounding,hallu_000487_COCO_train2014_000000534980,COCO_train2014_000000534980.jpg,the person standing in front of the fence,relation,person,1.0,1,0.2399524085106383,overlap,overlap,nonzero_remained_nonzero,0.8885580112058378,0.8938670939289892,0.005309082723151448,"[340.0,48.0,481.0,364.0]","[340.0,50.0,481.0,364.0]","[335.99,53.04,475.67,376.0]",True,,,0.0,,,0.0
t4_caption_grounding,hallu_000491_COCO_train2014_000000032954,COCO_train2014_000000032954.jpg,the person holding a remote,relation,person,1.0,1,0.5041728653169014,overlap,overlap,nonzero_remained_nonzero,0.7797838787070901,0.776144302375113,-0.00363957633197709,"[10.0,6.0,433.0,415.0]","[10.0,6.0,435.0,415.0]","[97.64,6.7,430.78999999999996,419.3]",True,,,0.0,,,0.0
t4_caption_grounding,hallu_000494_COCO_train2014_000000207360,COCO_train2014_000000207360.jpg,the person holding a cell phone,relation,person,1.0,2,0.4020149929470486,overlap,overlap,nonzero_remained_nonzero,0.009019546532467051,0.976412249526305,0.967392702993838,"[244.0,145.0,576.0,637.0]","[0.0,45.0,250.0,637.0]","[1.43,37.48,249.69,634.4300000000001]",True,,,0.0,,,0.0
t4_caption_grounding,hallu_000497_COCO_train2014_000000428446,COCO_train2014_000000428446.jpg,the dining table with a green placemat,relation,dining table,1.0,1,0.27781045751633987,valid_zero,overlap,valid_zero_recovered,0.0,0.27781045751633987,0.27781045751633987,"[0.0,204.0,612.0,546.0]","[0.0,0.0,612.0,612.0]","[0.0,0.0,612.0,170.02]",True,wrong_same_category_instance,dining table,0.7807669363805179,,,0.0
t4_caption_grounding,hallu_000498_COCO_train2014_000000154895,COCO_train2014_000000154895.jpg,the sandwich in front of the sink,relation,sandwich,1.0,1,0.38206191796875,overlap,overlap,nonzero_remained_nonzero,0.32886630441733594,0.32462937526418045,-0.004236929153155489,"[74.0,90.0,533.0,459.0]","[74.0,90.0,536.0,468.0]","[178.26,11.92,600.27,290.04]",True,,,0.0,,,0.0
t4_caption_grounding,hallu_000499_COCO_train2014_000000354012,COCO_train2014_000000354012.jpg,the person in front of the cake,relation,person,1.0,1,0.3591735830078125,overlap,overlap,nonzero_remained_nonzero,0.9533734638559944,0.968471228984233,0.015097765128238572,"[174.0,30.0,516.0,343.0]","[174.0,30.0,516.0,348.0]","[176.63,27.21,515.6,352.71999999999997]",True,,,0.0,,,0.0
t4_caption_grounding,hallu_000500_COCO_train2014_000000200464,COCO_train2014_000000200464.jpg,the person standing behind the bench,relation,person,1.0,3,0.08373862792968749,overlap,overlap,nonzero_remained_nonzero,0.9406317006749672,0.9406317006749672,0.0,"[227.0,84.0,345.0,296.0]","[227.0,84.0,345.0,296.0]","[224.36,81.98,343.01,298.79]",True,,,0.0,,,0.0
t4_caption_grounding,hallu_000503_COCO_train2014_000000039764,COCO_train2014_000000039764.jpg,the person next to the tennis racket,relation,person,1.0,1,0.21124918432617182,overlap,overlap,nonzero_remained_nonzero,0.9732956404640523,0.9790706994474312,0.005775058983378933,"[49.0,269.0,420.0,496.0]","[49.0,268.0,420.0,497.0]","[45.92,265.64,420.45,496.66999999999996]",True,,,0.0,,,0.0
t4_caption_grounding,hallu_000505_COCO_train2014_000000011328,COCO_train2014_000000011328.jpg,the person holding the remote,relation,person,1.0,1,0.4472502193368545,overlap,overlap,nonzero_remained_nonzero,0.9626547134061334,0.9708596481178867,0.00820493471175332,"[126.0,75.0,478.0,415.0]","[127.0,75.0,480.0,415.0]","[129.44,71.8,481.06,418.59000000000003]",True,,,0.0,,,0.0
t4_caption_grounding,hallu_000506_COCO_train2014_000000235624,COCO_train2014_000000235624.jpg,the person holding the cell phone,relation,person,1.0,2,0.3585489140625001,overlap,overlap,nonzero_remained_nonzero,0.6720354851425009,0.6660437642949637,-0.005991720847537185,"[135.0,53.0,516.0,476.0]","[135.0,54.0,516.0,470.0]","[145.78,79.41,420.74,480.0]",True,,,0.0,,,0.0
t4_caption_grounding,hallu_000511_COCO_train2014_000000168774,COCO_train2014_000000168774.jpg,the dining table with a cake and bottle,relation,dining table,1.0,1,0.451699802734375,overlap,overlap,nonzero_remained_nonzero,0.944705659033942,0.9401975644015275,-0.004508094632414528,"[0.0,268.0,640.0,476.0]","[0.0,269.0,640.0,476.0]","[4.3,261.47,639.28,480.0]",True,,,0.0,,,0.0
t4_caption_grounding,hallu_000512_COCO_train2014_000000019926,COCO_train2014_000000019926.jpg,the person sitting between the two others,relation,person,1.0,2,0.1656617109375,overlap,overlap,nonzero_remained_nonzero,0.9732620177526674,0.9756287595137093,0.0023667417610419017,"[179.0,188.0,352.0,476.0]","[180.0,190.0,354.0,476.0]","[179.06,188.76,353.8,480.0]",True,,,0.0,,,0.0
t4_caption_grounding,hallu_000513_COCO_train2014_000000554031,COCO_train2014_000000554031.jpg,the dining table in front of the chairs,relation,dining table,1.0,3,0.2496980064,overlap,overlap,nonzero_remained_nonzero,0.6905928670913944,0.574104503291305,-0.11648836380008942,"[100.0,145.0,392.0,364.0]","[165.0,147.0,390.0,364.0]","[99.35,204.55,383.77,369.16]",True,,,0.0,,,0.0
t4_caption_grounding,hallu_000518_COCO_train2014_000000263623,COCO_train2014_000000263623.jpg,the cat next to the plate,relation,cat,1.0,1,0.1349184716796875,valid_zero,valid_zero,valid_zero_unresolved,0.0,0.0,0.0,"[0.0,0.0,173.0,372.0]","[0.0,0.0,174.0,369.0]","[229.4,1.25,481.25,165.82]",True,wrong_same_category_instance,cat,0.573162222636584,wrong_same_category_instance,cat,0.5745012615643398
t4_caption_grounding,hallu_000522_COCO_train2014_000000161510,COCO_train2014_000000161510.jpg,the adult`s chair,relation,chair,1.0,1,0.1266806737266112,overlap,overlap,nonzero_remained_nonzero,0.37861545374495553,0.9064711852196138,0.5278557314746583,"[86.0,96.0,353.0,476.0]","[84.0,295.0,286.0,470.0]","[83.79,284.53,287.57,475.9]",True,,,0.0,,,0.0
t4_caption_grounding,hallu_000523_COCO_train2014_000000014502,COCO_train2014_000000014502.jpg,the person holding the baseball bat,relation,person,1.0,1,0.15517321614583338,overlap,overlap,nonzero_remained_nonzero,0.22476778540908973,0.2508917989428171,0.02612401353372737,"[379.0,127.0,560.0,476.0]","[406.0,127.0,560.0,476.0]","[500.4,126.82,640.0,468.29]",True,,,0.0,,,0.0
t4_caption_grounding,hallu_000525_COCO_train2014_000000551164,COCO_train2014_000000551164.jpg,the black vase next to the white jug,relation,vase,1.0,1,0.08645799852941177,overlap,overlap,nonzero_remained_nonzero,0.9385883264713882,0.931015467283143,-0.00757285918824524,"[243.0,177.0,346.0,398.0]","[245.0,178.0,346.0,398.0]","[243.84,175.06,350.12,396.33000000000004]",True,,,0.0,,,0.0
t4_caption_grounding,hallu_000528_COCO_train2014_000000097849,COCO_train2014_000000097849.jpg,the person holding the cell phone,relation,person,1.0,2,0.6301188233568076,overlap,overlap,nonzero_remained_nonzero,0.6604988341132756,0.8803439038056904,0.2198450696924148,"[104.0,0.0,640.0,415.0]","[105.0,0.0,496.0,415.0]","[72.76,0.67,482.48,419.97]",True,,,0.0,,,0.0
t4_caption_grounding,hallu_000531_COCO_train2014_000000299594,COCO_train2014_000000299594.jpg,the person in front of the skateboard,relation,person,1.0,1,0.4017597371495327,overlap,overlap,nonzero_remained_nonzero,0.9625879100125495,0.9625879100125495,0.0,"[0.0,0.0,265.0,415.0]","[0.0,0.0,265.0,415.0]","[2.89,0.96,263.53,423.19]",True,,,0.0,,,0.0
t4_caption_grounding,hallu_000534_COCO_train2014_000000053643,COCO_train2014_000000053643.jpg,the person sitting behind the table,relation,person,1.0,2,0.06167064713541665,overlap,overlap,nonzero_remained_nonzero,0.03464423103093742,0.11389456915346464,0.07925033812252723,"[61.0,0.0,224.0,155.0]","[64.0,0.0,250.0,157.0]","[212.82,0.0,355.9,132.41]",True,,,0.0,,,0.0
t4_caption_grounding,hallu_000535_COCO_train2014_000000251696,COCO_train2014_000000251696.jpg,the person holding a bottle,relation,person,1.0,2,0.24621033691406255,overlap,overlap,nonzero_remained_nonzero,0.772329558927044,0.7997595652089465,0.027430006281902508,"[20.0,111.0,200.0,476.0]","[20.0,114.0,205.0,476.0]","[26.97,114.41,239.46,470.36]",True,,,0.0,,,0.0
t4_caption_grounding,hallu_000540_COCO_train2014_000000492769,COCO_train2014_000000492769.jpg,the person next to the pizza,relation,person,1.0,3,0.22248920312500003,overlap,overlap,nonzero_remained_nonzero,0.8894496343177263,0.9029603531502661,0.013510718832539848,"[85.0,0.0,282.0,240.0]","[85.0,0.0,284.0,246.0]","[84.13,1.01,279.1,263.93]",True,,,0.0,,,0.0
t4_caption_grounding,hallu_000541_COCO_train2014_000000351397,COCO_train2014_000000351397.jpg,the chair next to the table,relation,chair,1.0,1,0.053046123389929735,overlap,overlap,nonzero_remained_nonzero,0.05757904006100903,0.9391188836408704,0.8815398435798614,"[1.0,21.0,640.0,415.0]","[56.0,20.0,174.0,148.0]","[54.69,23.03,172.72,145.85]",True,,,0.0,,,0.0
t4_caption_grounding,hallu_000543_COCO_train2014_000000140627,COCO_train2014_000000140627.jpg,the boy next to the tennis racket,relation,person,1.0,2,0.19456771997549016,overlap,overlap,nonzero_remained_nonzero,0.7662728401442488,0.7762535071405935,0.0099806669963447,"[247.0,146.0,374.0,534.0]","[246.0,147.0,375.0,534.0]","[245.67,144.08,409.69,531.27]",True,,,0.0,,,0.0
t4_caption_grounding,hallu_000544_COCO_train2014_000000500634,COCO_train2014_000000500634.jpg,the fork next to the spoon,relation,fork,1.0,1,0.0745944208984375,overlap,overlap,nonzero_remained_nonzero,0.21009350174047792,0.35879864188488214,0.14870514014440422,"[129.0,426.0,181.0,520.0]","[189.0,425.0,260.0,640.0]","[128.7,427.17,236.37,640.0]",True,,,0.0,,,0.0
t4_caption_grounding,hallu_000549_COCO_train2014_000000261283,COCO_train2014_000000261283.jpg,the sandwich on the plate,relation,sandwich,1.0,1,0.09584408569335937,overlap,overlap,nonzero_remained_nonzero,0.4958804490772113,0.5064265691531908,0.010546120075979548,"[170.0,309.0,494.0,550.0]","[170.0,309.0,495.0,546.0]","[292.61,310.63,495.86,503.78]",True,,,0.0,,,0.0
t4_caption_grounding,hallu_000552_COCO_train2014_000000289425,COCO_train2014_000000289425.jpg,the baseball player in front of the glove,relation,person,1.0,2,0.16326691056910572,valid_zero,overlap,valid_zero_recovered,0.0,0.935896187030132,0.935896187030132,"[310.0,39.0,558.0,412.0]","[76.0,115.0,228.0,469.0]","[75.52,112.48,226.56,452.85]",True,wrong_same_category_instance,person,0.8746892026290758,,,0.0
t4_caption_grounding,hallu_000554_COCO_train2014_000000111142,COCO_train2014_000000111142.jpg,the person next to the pizza,relation,person,1.0,1,0.23200797342902305,valid_zero,overlap,valid_zero_recovered,0.0,0.8914010511227761,0.8914010511227761,"[12.0,12.0,280.0,532.0]","[458.0,10.0,607.0,539.0]","[454.63,7.95,605.64,583.3900000000001]",True,wrong_same_category_instance,person,0.9310368172482121,,,0.0
t4_caption_grounding,hallu_000560_COCO_train2014_000000205223,COCO_train2014_000000205223.jpg,the tie on the person's neck,relation,tie,1.0,3,0.07074722426470591,overlap,overlap,nonzero_remained_nonzero,0.29108480180005303,0.2949093875834897,0.003824585783436696,"[164.0,0.0,315.0,224.0]","[165.0,0.0,314.0,224.0]","[174.25,41.24,229.27,237.10000000000002]",True,,,0.0,,,0.0
t4_caption_grounding,hallu_000566_COCO_train2014_000000026985,COCO_train2014_000000026985.jpg,the person on the snowboard,relation,person,1.0,1,0.23942409085424712,false_rejection,false_rejection,false_rejection_unchanged,0.0,0.0,0.0,null,null,"[91.46,41.32,277.67,467.58]",False,,,0.0,,,0.0
t4_caption_grounding,hallu_000567_COCO_train2014_000000528851,COCO_train2014_000000528851.jpg,the person standing in front of the refrigerator,relation,person,1.0,3,0.08909222656250003,overlap,valid_zero,nonzero_regressed_to_zero,0.9372290817620262,0.0,-0.9372290817620262,"[344.0,62.0,450.0,325.0]","[124.0,37.0,280.0,295.0]","[346.73,62.57,448.58000000000004,331.29]",True,,,0.0,wrong_same_category_instance,person,0.9641382230172929
t4_caption_grounding,hallu_000569_COCO_train2014_000000317489,COCO_train2014_000000317489.jpg,the white van next to the building,relation,car,1.0,2,0.17201277663934425,overlap,overlap,nonzero_remained_nonzero,0.12961886557658553,0.9270382890135328,0.7974194234369473,"[202.0,107.0,360.0,273.0]","[0.0,104.0,245.0,267.0]","[0.0,109.47,249.21,271.15]",True,,,0.0,,,0.0
t4_caption_grounding,hallu_000570_COCO_train2014_000000393709,COCO_train2014_000000393709.jpg,the person next to the cell phone,relation,person,1.0,1,0.12935781506147537,overlap,overlap,nonzero_remained_nonzero,0.4116009278869525,0.42056651421598107,0.008965586329028552,"[84.0,62.0,290.0,415.0]","[84.0,60.0,295.0,415.0]","[150.65,188.87,302.26,422.03999999999996]",True,,,0.0,,,0.0
t4_caption_grounding,hallu_000573_COCO_train2014_000000284021,COCO_train2014_000000284021.jpg,the knife on the cutting board,relation,knife,1.0,2,0.11922448235294117,overlap,overlap,nonzero_remained_nonzero,0.8382258675532572,0.8225718981688186,-0.015653969384438637,"[210.0,235.0,518.0,352.0]","[209.0,245.0,518.0,356.0]","[208.22,236.84,481.1,355.68]",True,,,0.0,,,0.0
t4_caption_grounding,hallu_000578_COCO_train2014_000000187784,COCO_train2014_000000187784.jpg,the boat in the water,relation,boat,1.0,3,0.39551643192488267,overlap,overlap,nonzero_remained_nonzero,0.9140008309098462,0.8961956199180959,-0.017805210991750253,"[0.0,261.0,640.0,415.0]","[0.0,264.0,640.0,415.0]","[0.0,247.94,640.0,416.43]",True,,,0.0,,,0.0
t4_caption_grounding,hallu_000579_COCO_train2014_000000270186,COCO_train2014_000000270186.jpg,the couch next to the chair,relation,couch,1.0,2,0.10265710546874998,overlap,overlap,nonzero_remained_nonzero,0.0805082626212529,0.0805082626212529,0.0,"[390.0,160.0,640.0,476.0]","[390.0,160.0,640.0,476.0]","[289.43,108.09,444.27,311.76]",True,,,0.0,,,0.0
t4_caption_grounding,hallu_000580_COCO_train2014_000000206539,COCO_train2014_000000206539.jpg,the person holding the remote,relation,person,1.0,1,0.4814747945945946,overlap,overlap,nonzero_remained_nonzero,0.9560112777271503,0.9716983291439025,0.015687051416752196,"[10.0,10.0,266.0,332.0]","[10.0,14.0,265.0,332.0]","[7.78,15.42,263.80999999999995,328.53000000000003]",True,,,0.0,,,0.0
t4_caption_grounding,hallu_000584_COCO_train2014_000000023280,COCO_train2014_000000023280.jpg,the child in the woman's arms,relation,person,1.0,2,0.29186536908881205,overlap,overlap,nonzero_remained_nonzero,0.9416998670152125,0.8794127083779292,-0.06228715863728329,"[28.0,130.0,256.0,609.0]","[28.0,129.0,257.0,570.0]","[26.13,140.28,261.3,605.12]",True,,,0.0,,,0.0
t4_caption_grounding,hallu_000587_COCO_train2014_000000000716,COCO_train2014_000000000716.jpg,the laptop on the table,relation,laptop,1.0,1,0.09434476562500001,overlap,overlap,nonzero_remained_nonzero,0.7826882932064188,0.7753972399594915,-0.007291053246927248,"[319.0,269.0,501.0,450.0]","[308.0,269.0,504.0,457.0]","[313.89,267.51,469.21,454.11]",True,,,0.0,,,0.0
t4_caption_grounding,hallu_000588_COCO_train2014_000000025353,COCO_train2014_000000025353.jpg,the person standing next to the snowboard,relation,person,1.0,1,0.27707417248179617,valid_zero,overlap,valid_zero_recovered,0.0,0.9519688432341001,0.9519688432341001,"[109.0,184.0,286.0,357.0]","[420.0,0.0,605.0,412.0]","[419.37,1.01,599.11,407.48]",True,wrong_same_category_instance,person,0.9233626088031625,,,0.0
t4_caption_grounding,hallu_000589_COCO_train2014_000000183244,COCO_train2014_000000183244.jpg,the person sitting on the couch,relation,person,1.0,1,0.09010395576584508,overlap,overlap,nonzero_remained_nonzero,0.02356796410559458,0.6698509359699937,0.6462829718643991,"[74.0,0.0,340.0,635.0]","[316.0,40.0,420.0,359.0]","[320.95,42.57,426.0,276.42]",True,,,0.0,,,0.0
t4_caption_grounding,hallu_000591_COCO_train2014_000000493066,COCO_train2014_000000493066.jpg,the sandwich next to the fries,relation,sandwich,1.0,1,0.13818898242187497,overlap,overlap,nonzero_remained_nonzero,0.3640508880129069,0.9261747914606736,0.5621239034477667,"[84.0,215.0,540.0,467.0]","[308.0,214.0,516.0,422.0]","[317.85,212.72,516.51,426.40999999999997]",True,,,0.0,,,0.0
t4_caption_grounding,hallu_000592_COCO_train2014_000000500561,COCO_train2014_000000500561.jpg,the person holding the sandwich,relation,person,1.0,1,0.33715356152343756,overlap,overlap,nonzero_remained_nonzero,0.10259980196239134,0.11260677564846115,0.010006973686069814,"[2.0,202.0,476.0,569.0]","[240.0,189.0,476.0,546.0]","[93.69,1.44,480.0,269.55]",True,,,0.0,,,0.0
t4_caption_grounding,hallu_000594_COCO_train2014_000000090801,COCO_train2014_000000090801.jpg,the couch in front of the fireplace,relation,couch,1.0,1,0.09219880826822918,false_rejection,false_rejection,false_rejection_unchanged,0.0,0.0,0.0,null,null,"[195.56,218.07,362.67,387.56]",False,,,0.0,,,0.0
t4_caption_grounding,hallu_000596_COCO_train2014_000000546261,COCO_train2014_000000546261.jpg,the bicycle next to the person,relation,bicycle,1.0,3,0.09273656967474489,valid_zero,overlap,valid_zero_recovered,0.0,0.503163342021187,0.503163342021187,"[0.0,1.0,392.0,316.0]","[0.0,340.0,135.0,637.0]","[1.38,323.21,123.86999999999999,513.15]",True,other_category_or_reference,person,0.5491496768707483,,,0.0
t4_caption_grounding,hallu_000598_COCO_train2014_000000103932,COCO_train2014_000000103932.jpg,the person in front of the couch,relation,person,1.0,1,0.2664270657276995,overlap,overlap,nonzero_remained_nonzero,0.8092533440148229,0.7843162201804396,-0.02493712383438329,"[137.0,24.0,360.0,415.0]","[140.0,25.0,367.0,415.0]","[138.81,22.98,321.65,420.26]",True,,,0.0,,,0.0
t4_caption_grounding,hallu_000600_COCO_train2014_000000393193,COCO_train2014_000000393193.jpg,the person next to the refrigerator,relation,person,1.0,2,0.1696428463157895,overlap,valid_zero,nonzero_regressed_to_zero,0.9126925871175208,0.0,-0.9126925871175208,"[148.0,116.0,268.0,380.0]","[340.0,86.0,495.0,380.0]","[152.08,107.73,270.86,379.09000000000003]",True,,,0.0,wrong_same_category_instance,person,0.7038328598573562
t4_caption_grounding,hallu_000601_COCO_train2014_000000052849,COCO_train2014_000000052849.jpg,the truck next to the person,relation,truck,1.0,2,0.05845396215130932,overlap,overlap,nonzero_remained_nonzero,0.08307086960831365,0.08307086960831365,0.0,"[0.0,172.0,315.0,366.0]","[0.0,174.0,315.0,368.0]","[267.73,197.72,430.29,332.4]",True,,,0.0,,,0.0
t4_caption_grounding,hallu_000602_COCO_train2014_000000492408,COCO_train2014_000000492408.jpg,the umbrella held by the person,relation,umbrella,1.0,1,0.10846156540023198,valid_zero,valid_zero,valid_zero_unresolved,0.0,0.0,0.0,"[147.0,227.0,523.0,415.0]","[17.0,105.0,316.0,258.0]","[346.74,105.57,606.31,220.82999999999998]",True,other_category_or_reference,person,0.9223075288621769,wrong_same_category_instance,umbrella,0.7302614925568891
t4_caption_grounding,hallu_000604_COCO_train2014_000000248476,COCO_train2014_000000248476.jpg,the giraffe next to the person,relation,giraffe,1.0,1,0.44657232696280996,overlap,overlap,nonzero_remained_nonzero,0.5080740347327817,0.5138230088143919,0.005748974081610236,"[0.0,28.0,496.0,310.0]","[0.0,28.0,496.0,315.0]","[0.82,1.23,291.87,357.69]",True,,,0.0,,,0.0
t4_caption_grounding,hallu_000605_COCO_train2014_000000335767,COCO_train2014_000000335767.jpg,the giraffe next to the wooden platform,relation,giraffe,1.0,1,0.20935009863281248,overlap,overlap,nonzero_remained_nonzero,0.724238179054054,0.41177509323791606,-0.3124630858161379,"[270.0,236.0,640.0,476.0]","[270.0,236.0,504.0,476.0]","[341.93,257.8,638.56,474.61]",True,,,0.0,,,0.0
t4_caption_grounding,hallu_000606_COCO_train2014_000000268897,COCO_train2014_000000268897.jpg,the giraffe in front of the trees,relation,giraffe,1.0,2,0.20657370060011712,overlap,overlap,nonzero_remained_nonzero,0.9165015352694478,0.9113498776834471,-0.005151657586000669,"[23.0,22.0,181.0,376.0]","[24.0,20.0,180.0,376.0]","[18.33,29.13,177.94,382.82]",True,,,0.0,,,0.0
t4_caption_grounding,hallu_000608_COCO_train2014_000000476360,COCO_train2014_000000476360.jpg,the person in front of the baseball bat,relation,person,1.0,3,0.2865068725585937,overlap,overlap,nonzero_remained_nonzero,0.3239567005000876,0.32327916248711225,-0.0006775380129753761,"[230.0,52.0,565.0,637.0]","[230.0,54.0,567.0,637.0]","[158.2,63.28,365.29999999999995,629.93]",True,,,0.0,,,0.0
t4_caption_grounding,hallu_000609_COCO_train2014_000000230905,COCO_train2014_000000230905.jpg,the person next to the horse,relation,person,1.0,1,0.4714866120016163,overlap,overlap,nonzero_remained_nonzero,0.6899776879722717,0.9062364021243359,0.2162587141520642,"[168.0,168.0,500.0,464.0]","[69.0,170.0,504.0,464.0]","[69.36,170.0,547.17,463.03]",True,,,0.0,,,0.0
t4_caption_grounding,hallu_000610_COCO_train2014_000000256190,COCO_train2014_000000256190.jpg,the dining table with wine glasses,relation,dining table,1.0,2,0.12325779589843751,overlap,overlap,nonzero_remained_nonzero,0.43917451066107555,0.383355301394222,-0.05581920926685352,"[234.0,137.0,488.0,366.0]","[209.0,145.0,487.0,368.0]","[230.65,104.73,483.74,254.34000000000003]",True,,,0.0,,,0.0
t4_caption_grounding,hallu_000611_COCO_train2014_000000062763,COCO_train2014_000000062763.jpg,the person next to the refrigerator,relation,person,1.0,1,0.1316993731689453,overlap,overlap,nonzero_remained_nonzero,0.2952008173177634,0.30218689961688205,0.006986082299118679,"[12.0,129.0,202.0,498.0]","[10.0,128.0,204.0,504.0]","[114.16,204.11,254.85,510.85]",True,,,0.0,,,0.0
t4_caption_grounding,hallu_000613_COCO_train2014_000000567678,COCO_train2014_000000567678.jpg,the chair in front of the table,relation,chair,1.0,2,0.19632622656249998,valid_zero,valid_zero,valid_zero_unresolved,0.0,0.0,0.0,"[42.0,67.0,224.0,145.0]","[45.0,67.0,223.0,148.0]","[356.23,206.64,576.86,480.0]",True,wrong_same_category_instance,chair,0.913865977827075,wrong_same_category_instance,chair,0.9572515542479019
t4_caption_grounding,hallu_000615_COCO_train2014_000000012501,COCO_train2014_000000012501.jpg,the person holding a frisbee,relation,person,1.0,3,0.11140540089495302,overlap,overlap,nonzero_remained_nonzero,0.9001905719441562,0.056438635876990696,-0.8437519360671655,"[394.0,32.0,487.0,326.0]","[260.0,87.0,405.0,345.0]","[390.42,25.72,488.51,335.37]",True,,,0.0,,,0.0
t4_caption_grounding,hallu_000617_COCO_train2014_000000559647,COCO_train2014_000000559647.jpg,the person sliding into the base,relation,person,1.0,2,0.3282688928571429,overlap,overlap,nonzero_remained_nonzero,0.9623083898466348,0.934290547899898,-0.028017841946736843,"[141.0,22.0,440.0,224.0]","[140.0,22.0,445.0,226.0]","[141.57,20.76,431.01,224.0]",True,,,0.0,,,0.0
t4_caption_grounding,hallu_000618_COCO_train2014_000000380661,COCO_train2014_000000380661.jpg,the chair next to the dining table,relation,chair,1.0,3,0.10524573063380281,valid_zero,valid_zero,valid_zero_unresolved,0.0,0.0,0.0,"[529.0,191.0,637.0,415.0]","[504.0,191.0,637.0,415.0]","[0.0,192.6,122.94,426.0]",True,wrong_same_category_instance,chair,0.8712321928418416,wrong_same_category_instance,chair,0.7097675983557239
t4_caption_grounding,hallu_000620_COCO_train2014_000000281177,COCO_train2014_000000281177.jpg,the person holding an umbrella,relation,person,1.0,3,0.15503064858490567,overlap,overlap,nonzero_remained_nonzero,0.8533215889299796,0.8666817123799617,0.013360123449982164,"[179.0,81.0,344.0,373.0]","[179.0,80.0,345.0,369.0]","[179.68,113.24,346.04,366.12]",True,,,0.0,,,0.0
t4_caption_grounding,hallu_000621_COCO_train2014_000000152003,COCO_train2014_000000152003.jpg,the carrot next to the rice,relation,carrot,1.0,3,0.07887783886718752,overlap,valid_zero,nonzero_regressed_to_zero,0.9042149555042874,0.0,-0.9042149555042874,"[35.0,470.0,210.0,614.0]","[358.0,406.0,476.0,569.0]","[39.87,465.53,209.64000000000001,608.26]",True,,,0.0,wrong_same_category_instance,carrot,0.8796716554093037
t4_caption_grounding,hallu_000622_COCO_train2014_000000140738,COCO_train2014_000000140738.jpg,the person sitting next to the book,relation,person,1.0,2,0.5250905989583334,overlap,overlap,nonzero_remained_nonzero,0.6638161147150601,0.6564265807289698,-0.007389533986090324,"[162.0,109.0,463.0,476.0]","[164.0,109.0,465.0,476.0]","[21.68,111.65,459.6,480.0]",True,,,0.0,,,0.0
t4_caption_grounding,hallu_000625_COCO_train2014_000000408266,COCO_train2014_000000408266.jpg,the chair next to the dining table,relation,chair,1.0,3,0.06250914959016393,valid_zero,overlap,valid_zero_recovered,0.0,0.5448939479665885,0.5448939479665885,"[2.0,1.0,510.0,274.0]","[514.0,230.0,607.0,380.0]","[533.62,218.58,640.0,379.16]",True,other_category_or_reference,person,0.6483835145218854,,,0.0
t4_caption_grounding,hallu_000628_COCO_train2014_000000042320,COCO_train2014_000000042320.jpg,the person holding the phone,relation,person,1.0,1,0.12080729166666666,overlap,overlap,nonzero_remained_nonzero,0.12853806163196624,0.12737997461360412,-0.0011580870183621195,"[174.0,22.0,536.0,416.0]","[174.0,20.0,536.0,418.0]","[408.05,218.7,640.0,378.7]",True,,,0.0,,,0.0
t4_caption_grounding,hallu_000630_COCO_train2014_000000490791,COCO_train2014_000000490791.jpg,the bicycle in front of the person,relation,bicycle,1.0,3,0.21334941791373246,overlap,overlap,nonzero_remained_nonzero,0.8853098602102512,0.8904545375125279,0.005144677302276746,"[0.0,282.0,441.0,415.0]","[0.0,284.0,445.0,415.0]","[0.0,289.73,437.91,422.56000000000006]",True,,,0.0,,,0.0
t4_caption_grounding,hallu_000634_COCO_train2014_000000176403,COCO_train2014_000000176403.jpg,the red umbrella above the person,relation,umbrella,1.0,1,0.38323761782786886,overlap,overlap,nonzero_remained_nonzero,0.22998574878442804,0.9322665189302183,0.7022807701457903,"[195.0,88.0,422.0,415.0]","[204.0,0.0,640.0,257.0]","[203.42,1.2,640.0,241.08999999999997]",True,,,0.0,,,0.0
t4_caption_grounding,hallu_000638_COCO_train2014_000000387338,COCO_train2014_000000387338.jpg,the person next to the sink,relation,person,1.0,2,0.4792888145309224,overlap,overlap,nonzero_remained_nonzero,0.6083803483114609,0.615938605388682,0.00755825707722102,"[0.0,0.0,558.0,390.0]","[0.0,0.0,560.0,394.0]","[0.0,140.78,552.37,405.66999999999996]",True,,,0.0,,,0.0
t4_caption_grounding,hallu_000641_COCO_train2014_000000128775,COCO_train2014_000000128775.jpg,the sink next to the bathtub,relation,sink,1.0,1,0.14378443253333337,overlap,overlap,nonzero_remained_nonzero,0.0438821910124828,0.044028065745361646,0.00014587473287884511,"[215.0,272.0,355.0,408.0]","[215.0,274.0,356.0,408.0]","[0.0,308.17,234.37,423.20000000000005]",True,,,0.0,,,0.0
t4_caption_grounding,hallu_000643_COCO_train2014_000000329343,COCO_train2014_000000329343.jpg,the chair in front of the table,relation,chair,1.0,3,0.10284363849765259,overlap,overlap,nonzero_remained_nonzero,0.7863347409500908,0.18496649386272937,-0.6013682470873615,"[130.0,262.0,347.0,415.0]","[267.0,204.0,351.0,368.0]","[149.65,266.71,331.44,420.95]",True,,,0.0,,,0.0
t4_caption_grounding,hallu_000644_COCO_train2014_000000327168,COCO_train2014_000000327168.jpg,the chair behind the pizza,relation,chair,1.0,1,0.058493374217119,overlap,overlap,nonzero_remained_nonzero,0.04456528144006632,0.7835862638385334,0.739020982398467,"[230.0,49.0,640.0,476.0]","[230.0,0.0,378.0,109.0]","[201.46,2.25,373.98,106.19]",True,,,0.0,,,0.0
t4_caption_grounding,hallu_000648_COCO_train2014_000000444285,COCO_train2014_000000444285.jpg,the person holding an umbrella,relation,person,1.0,1,0.60127927734375,overlap,overlap,nonzero_remained_nonzero,0.7921080996437818,0.77687415559115,-0.015233944052631787,"[107.0,130.0,543.0,476.0]","[108.0,134.0,546.0,476.0]","[2.16,129.19,539.4599999999999,472.96999999999997]",True,,,0.0,,,0.0
t4_caption_grounding,hallu_000650_COCO_train2014_000000335534,COCO_train2014_000000335534.jpg,the person holding the knife,relation,person,1.0,1,0.4968090918918919,overlap,overlap,nonzero_remained_nonzero,0.973490897863673,0.9758524207176588,0.0023615228539857203,"[0.0,86.0,205.0,498.0]","[0.0,86.0,205.0,497.0]","[2.25,87.64,205.62,494.38]",True,,,0.0,,,0.0
t4_caption_grounding,hallu_000654_COCO_train2014_000000204174,COCO_train2014_000000204174.jpg,the banana next to the apple,relation,banana,1.0,1,0.12477498419117648,overlap,overlap,nonzero_remained_nonzero,0.6012400031887756,0.9344894669555144,0.3332494637667388,"[0.0,39.0,168.0,375.0]","[0.0,45.0,168.0,257.0]","[4.08,45.96,163.29000000000002,259.13]",True,,,0.0,,,0.0
t4_caption_grounding,hallu_000656_COCO_train2014_000000015885,COCO_train2014_000000015885.jpg,the person on the horse,relation,person,1.0,1,0.2469675494749596,valid_zero,overlap,valid_zero_recovered,0.0,0.003807576993768336,0.003807576993768336,"[199.0,37.0,366.0,444.0]","[40.0,220.0,375.0,640.0]","[371.42,77.56,619.0,472.74]",True,wrong_same_category_instance,person,0.9177428167644831,,,0.0
t4_caption_grounding,hallu_000658_COCO_train2014_000000042109,COCO_train2014_000000042109.jpg,the cup on the wooden coaster,relation,cup,1.0,1,0.17373795605468753,overlap,overlap,nonzero_remained_nonzero,0.8725909446694806,0.804555233454309,-0.0680357112151716,"[15.0,32.0,220.0,266.0]","[15.0,30.0,240.0,267.0]","[14.02,31.28,216.81,294.47]",True,,,0.0,,,0.0
t4_caption_grounding,hallu_000659_COCO_train2014_000000251466,COCO_train2014_000000251466.jpg,the horse next to the person,relation,horse,1.0,1,0.16057931380208332,valid_zero,valid_zero,valid_zero_unresolved,0.0,0.0,0.0,"[408.0,149.0,618.0,476.0]","[435.0,149.0,618.0,476.0]","[0.0,220.02,194.68,473.40999999999997]",True,wrong_same_category_instance,horse,0.7867207231219365,wrong_same_category_instance,horse,0.9020233332219585
t4_caption_grounding,hallu_000661_COCO_train2014_000000398901,COCO_train2014_000000398901.jpg,the tennis racket held by the person in the front row,relation,tennis racket,1.0,3,0.5308509571129706,overlap,overlap,nonzero_remained_nonzero,0.022906696650103996,0.024113608624141733,0.0012069119740377374,"[150.0,278.0,210.0,340.0]","[64.0,270.0,108.0,359.0]","[28.95,140.35,632.57,409.39]",True,,,0.0,,,0.0
t4_caption_grounding,hallu_000666_COCO_train2014_000000316671,COCO_train2014_000000316671.jpg,the wine glass on the table,relation,wine glass,1.0,2,0.07685613997395835,valid_zero,valid_zero,valid_zero_unresolved,0.0,0.0,0.0,"[232.0,304.0,329.0,547.0]","[234.0,305.0,329.0,547.0]","[3.04,303.9,111.18,522.23]",True,wrong_same_category_instance,wine glass,0.9362265773570085,wrong_same_category_instance,wine glass,0.9387884047008743
t4_caption_grounding,hallu_000667_COCO_train2014_000000320472,COCO_train2014_000000320472.jpg,the television in front of the picture,relation,tv,1.0,1,0.06456843237704918,valid_zero,valid_zero,valid_zero_unresolved,0.0,0.0,0.0,"[256.0,314.0,397.0,415.0]","[256.0,314.0,397.0,415.0]","[246.89,187.1,405.03,298.68]",True,wrong_same_category_instance,tv,0.7899045697282265,wrong_same_category_instance,tv,0.7899045697282265
t4_caption_grounding,hallu_000668_COCO_train2014_000000442886,COCO_train2014_000000442886.jpg,the cup on the saucer,relation,cup,1.0,1,0.1431637843165888,overlap,overlap,nonzero_remained_nonzero,0.9407168119855038,0.9265788331208893,-0.014137978864614542,"[159.0,150.0,375.0,330.0]","[159.0,148.0,376.0,330.0]","[159.4,152.76,372.98,336.37]",True,,,0.0,,,0.0
t4_caption_grounding,hallu_000670_COCO_train2014_000000156425,COCO_train2014_000000156425.jpg,the catcher behind the batter,relation,person,1.0,1,0.12950851929530202,overlap,overlap,nonzero_remained_nonzero,0.06737406028996215,0.9600565228082694,0.8926824625183072,"[255.0,114.0,467.0,423.0]","[428.0,279.0,640.0,447.0]","[422.89,276.24,639.86,447.0]",True,,,0.0,,,0.0
t4_caption_grounding,hallu_000677_COCO_train2014_000000330342,COCO_train2014_000000330342.jpg,the person holding the knife,relation,person,1.0,1,0.6106933771771773,overlap,overlap,nonzero_remained_nonzero,0.9749627058095329,0.9766493997515565,0.0016866939420235871,"[89.0,44.0,325.0,480.0]","[89.0,45.0,326.0,479.0]","[87.84,44.48,325.45000000000005,472.41]",True,,,0.0,,,0.0
t4_caption_grounding,hallu_000678_COCO_train2014_000000377570,COCO_train2014_000000377570.jpg,the person sitting in front of the laptop,relation,person,1.0,1,0.4072512838541667,overlap,overlap,nonzero_remained_nonzero,0.9515673205558552,0.9726406359083585,0.02107331535250323,"[189.0,58.0,505.0,469.0]","[189.0,57.0,504.0,462.0]","[187.69,57.17,503.73,453.03000000000003]",True,,,0.0,,,0.0
t4_caption_grounding,hallu_000681_COCO_train2014_000000013720,COCO_train2014_000000013720.jpg,the bottle next to the jar,relation,bottle,1.0,1,0.10229540625,overlap,overlap,nonzero_remained_nonzero,0.8929668334216292,0.8746736501412161,-0.018293183280413072,"[348.0,77.0,463.0,326.0]","[349.0,78.0,465.0,326.0]","[345.81,78.45,462.45,347.87]",True,,,0.0,,,0.0
t4_caption_grounding,hallu_000682_COCO_train2014_000000155107,COCO_train2014_000000155107.jpg,the laptop next to the keyboard,relation,laptop,1.0,1,0.07520131733786611,valid_zero,valid_zero,valid_zero_unresolved,0.0,0.0,0.0,"[0.0,56.0,228.0,430.0]","[0.0,56.0,228.0,437.0]","[496.26,113.68,640.0,273.73]",True,wrong_same_category_instance,laptop,0.9338011209991838,wrong_same_category_instance,laptop,0.9378830183007933
t4_caption_grounding,hallu_000683_COCO_train2014_000000296790,COCO_train2014_000000296790.jpg,the dining table with pizza and utensils,relation,dining table,1.0,2,0.22736411751302085,valid_zero,valid_zero,valid_zero_unresolved,0.0,0.0,0.0,"[254.0,118.0,640.0,476.0]","[254.0,60.0,640.0,178.0]","[0.0,64.79,186.61,439.08000000000004]",True,wrong_same_category_instance,dining table,0.6272356210380063,wrong_same_category_instance,dining table,0.7539243813627796
t4_caption_grounding,hallu_000684_COCO_train2014_000000454258,COCO_train2014_000000454258.jpg,the orange next to the apple,relation,orange,1.0,2,0.11071693813333333,overlap,overlap,nonzero_remained_nonzero,0.82257480473609,0.8121995214222585,-0.01037528331383153,"[285.0,48.0,454.0,183.0]","[286.0,47.0,454.0,183.0]","[282.71,60.91,446.08,187.98]",True,,,0.0,,,0.0
t4_caption_grounding,hallu_000685_COCO_train2014_000000316557,COCO_train2014_000000316557.jpg,the person in front of the skis,relation,person,1.0,3,0.21426828745860926,overlap,overlap,nonzero_remained_nonzero,0.30963832919584694,0.300345638394016,-0.009292690801830927,"[39.0,33.0,262.0,612.0]","[34.0,35.0,260.0,610.0]","[158.05,60.44,329.87,542.5]",True,,,0.0,,,0.0
t4_caption_grounding,hallu_000686_COCO_train2014_000000254666,COCO_train2014_000000254666.jpg,the person holding a blue object,relation,person,1.0,1,0.32906764586882453,overlap,overlap,nonzero_remained_nonzero,0.9675032987399758,0.9492208951550467,-0.018282403584929052,"[20.0,58.0,230.0,637.0]","[20.0,58.0,226.0,637.0]","[17.38,56.99,232.29999999999998,632.2]",True,,,0.0,,,0.0
t4_caption_grounding,hallu_000693_COCO_train2014_000000203730,COCO_train2014_000000203730.jpg,the oven next to the person,relation,oven,1.0,1,0.16094999283854172,overlap,overlap,nonzero_remained_nonzero,0.8635287131292377,0.8460945711358158,-0.01743414199342197,"[464.0,203.0,634.0,476.0]","[467.0,205.0,633.0,476.0]","[447.64,202.79,626.7,478.91999999999996]",True,,,0.0,,,0.0
t4_caption_grounding,hallu_000694_COCO_train2014_000000035094,COCO_train2014_000000035094.jpg,the TV next to the keyboard,relation,tv,1.0,2,0.10571412239583328,false_rejection,false_rejection,false_rejection_unchanged,0.0,0.0,0.0,null,null,"[413.52,179.15,609.5799999999999,344.78999999999996]",False,,,0.0,,,0.0
t4_caption_grounding,hallu_000698_COCO_train2014_000000470055,COCO_train2014_000000470055.jpg,the knife next to the pizza,relation,knife,1.0,2,0.28907484631147534,overlap,overlap,nonzero_remained_nonzero,0.9594411457525557,0.9563722173760824,-0.0030689283764733233,"[405.0,51.0,640.0,380.0]","[405.0,52.0,640.0,378.0]","[403.29,54.15,639.89,388.03999999999996]",True,,,0.0,,,0.0
t4_caption_grounding,hallu_000701_COCO_train2014_000000554949,COCO_train2014_000000554949.jpg,the person next to the sink,relation,person,1.0,2,0.061901028645833356,false_rejection,false_rejection,false_rejection_unchanged,0.0,0.0,0.0,null,null,"[199.37,1.9,297.97,194.76000000000002]",False,,,0.0,,,0.0
t4_caption_grounding,hallu_000709_COCO_train2014_000000517920,COCO_train2014_000000517920.jpg,the car parked next to the parking meter,relation,car,1.0,1,0.48525089724824355,overlap,overlap,nonzero_remained_nonzero,0.5987943783390813,0.597330450889372,-0.0014639274497093568,"[54.0,61.0,420.0,637.0]","[54.0,69.0,420.0,637.0]","[194.16,63.28,427.0,632.81]",True,,,0.0,,,0.0
t4_caption_grounding,hallu_000711_COCO_train2014_000000056594,COCO_train2014_000000056594.jpg,the umbrella held by the person,relation,umbrella,1.0,1,0.2410323645213293,valid_zero,valid_zero,valid_zero_unresolved,0.0,0.0,0.0,"[0.0,0.0,352.0,310.0]","[0.0,0.0,354.0,398.0]","[403.2,113.26,639.91,441.71]",True,wrong_same_category_instance,umbrella,0.9644014315243674,wrong_same_category_instance,umbrella,0.7685730417624848
t4_caption_grounding,hallu_000714_COCO_train2014_000000183756,COCO_train2014_000000183756.jpg,the giraffe next to the person,relation,giraffe,1.0,1,0.289341851635514,overlap,overlap,nonzero_remained_nonzero,0.01521331456288288,0.5425343412691873,0.5273210267063044,"[329.0,129.0,580.0,415.0]","[0.0,124.0,320.0,297.0]","[28.85,34.62,343.36,286.62]",True,,,0.0,,,0.0
t4_caption_grounding,hallu_000716_COCO_train2014_000000113880,COCO_train2014_000000113880.jpg,the car next to the fire hydrant,relation,car,1.0,1,0.0888140742677824,overlap,overlap,nonzero_remained_nonzero,0.8709622887881923,0.8892542994976685,0.01829201070947628,"[460.0,90.0,640.0,252.0]","[460.0,90.0,640.0,257.0]","[458.45,106.06,639.68,255.98]",True,,,0.0,,,0.0
t4_caption_grounding,hallu_000717_COCO_train2014_000000352073,COCO_train2014_000000352073.jpg,the person in the yellow bikini,attribute,person,1.0,3,0.17645644979508196,false_rejection,false_rejection,false_rejection_unchanged,0.0,0.0,0.0,null,null,"[54.82,5.02,246.2,256.99]",False,,,0.0,,,0.0
t4_caption_grounding,hallu_000720_COCO_train2014_000000265114,COCO_train2014_000000265114.jpg,the person holding the metal object,relation,person,1.0,3,0.49363614843750003,false_rejection,false_rejection,false_rejection_unchanged,0.0,0.0,0.0,null,null,"[275.15,36.36,616.97,480.0]",False,,,0.0,,,0.0
t4_caption_grounding,hallu_000721_COCO_train2014_000000300620,COCO_train2014_000000300620.jpg,the laptop on the table,relation,laptop,1.0,3,0.058268035453216356,overlap,overlap,nonzero_remained_nonzero,0.010873439350927933,0.4881241426821799,0.47725070333125197,"[278.0,288.0,484.0,435.0]","[427.0,196.0,640.0,380.0]","[451.67,202.86,640.0,304.44]",True,,,0.0,,,0.0
t4_caption_grounding,hallu_000732_COCO_train2014_000000127620,COCO_train2014_000000127620.jpg,the couch next to the person,relation,couch,1.0,1,0.06105160644531247,valid_zero,overlap,valid_zero_recovered,0.0,0.7065264005734624,0.7065264005734624,"[190.0,142.0,364.0,430.0]","[524.0,170.0,640.0,298.0]","[526.45,175.48,640.0,340.65]",True,other_category_or_reference,person,0.9415692627512116,,,0.0
t4_caption_grounding,hallu_000733_COCO_train2014_000000257163,COCO_train2014_000000257163.jpg,the person next to the dog,relation,person,1.0,1,0.41507059635416665,valid_zero,overlap,valid_zero_recovered,0.0,0.8242384434389141,0.8242384434389141,"[410.0,172.0,599.0,414.0]","[0.0,0.0,325.0,476.0]","[0.0,0.0,320.36,398.02]",True,other_category_or_reference,dog,0.885453111224537,,,0.0
t4_caption_grounding,hallu_000741_COCO_train2014_000000207654,COCO_train2014_000000207654.jpg,the bowl with carrots next to the knife,relation,bowl,1.0,1,0.20639350520833333,overlap,overlap,nonzero_remained_nonzero,0.03096202232411623,0.03187325317838001,0.0009112308542637802,"[0.0,0.0,432.0,337.0]","[0.0,0.0,435.0,337.0]","[342.44,266.92,640.0,480.0]",True,,,0.0,,,0.0
t4_caption_grounding,hallu_000742_COCO_train2014_000000266350,COCO_train2014_000000266350.jpg,the person next to the skateboard,relation,person,1.0,2,0.11646091894531248,overlap,overlap,nonzero_remained_nonzero,0.07781193234459084,0.08293613260554943,0.0051242002609585835,"[0.0,0.0,342.0,402.0]","[0.0,0.0,345.0,406.0]","[291.65,153.57,405.91999999999996,466.65999999999997]",True,,,0.0,,,0.0
t4_caption_grounding,hallu_000743_COCO_train2014_000000033841,COCO_train2014_000000033841.jpg,the truck next to the trailer,relation,truck,1.0,1,0.07147656250000002,valid_zero,valid_zero,valid_zero_unresolved,0.0,0.0,0.0,"[69.0,225.0,320.0,322.0]","[68.0,225.0,320.0,324.0]","[360.0,279.8,640.0,358.22]",True,wrong_same_category_instance,truck,0.7888061855670107,wrong_same_category_instance,truck,0.7698037598204268
t4_caption_grounding,hallu_000745_COCO_train2014_000000283431,COCO_train2014_000000283431.jpg,the person holding a remote,relation,person,1.0,1,0.2995500144,overlap,overlap,nonzero_remained_nonzero,0.9297192558722931,0.9283770938836864,-0.0013421619886067049,"[176.0,82.0,372.0,364.0]","[176.0,84.0,370.0,359.0]","[171.91,85.96,369.1,370.78999999999996]",True,,,0.0,,,0.0
t4_caption_grounding,hallu_000748_COCO_train2014_000000285064,COCO_train2014_000000285064.jpg,the person holding the remote,relation,person,1.0,2,0.168943125,valid_zero,valid_zero,valid_zero_unresolved,0.0,0.0,0.0,"[95.0,123.0,304.0,415.0]","[95.0,134.0,306.0,415.0]","[389.26,173.94,575.68,421.6]",True,wrong_same_category_instance,person,0.9273466133841848,wrong_same_category_instance,person,0.9197544105513966
t4_caption_grounding,hallu_000749_COCO_train2014_000000118422,COCO_train2014_000000118422.jpg,the apple in the basket,relation,apple,1.0,3,0.1121491492647059,overlap,overlap,nonzero_remained_nonzero,0.22193268085862516,0.18474181564922484,-0.03719086520940032,"[0.0,129.0,640.0,339.0]","[0.0,81.0,640.0,339.0]","[59.72,127.5,428.98,210.11]",True,,,0.0,,,0.0
t4_caption_grounding,hallu_000751_COCO_train2014_000000374248,COCO_train2014_000000374248.jpg,the red umbrella next to the backpack,relation,umbrella,1.0,1,0.07008107161458332,overlap,overlap,nonzero_remained_nonzero,0.31970340387839274,0.29296614334581944,-0.026737260532573304,"[49.0,98.0,323.0,340.0]","[49.0,97.0,325.0,360.0]","[46.38,99.99,323.6,177.64999999999998]",True,,,0.0,,,0.0
t4_caption_grounding,hallu_000753_COCO_train2014_000000398036,COCO_train2014_000000398036.jpg,the person standing in front of the couch,relation,person,1.0,1,0.1325143037109375,overlap,overlap,nonzero_remained_nonzero,0.9437505647126359,0.9365928653732847,-0.007157699339351176,"[240.0,126.0,369.0,440.0]","[240.0,126.0,370.0,445.0]","[242.53,123.9,372.22,437.78999999999996]",True,,,0.0,,,0.0
t4_caption_grounding,hallu_000761_COCO_train2014_000000046728,COCO_train2014_000000046728.jpg,the chair next to the lamp,relation,chair,1.0,2,0.20063180788106233,overlap,overlap,nonzero_remained_nonzero,0.8655076346477023,0.8626621840735504,-0.0028454505741518643,"[1.0,209.0,262.0,415.0]","[0.0,209.0,264.0,415.0]","[0.0,218.34,259.01,433.0]",True,,,0.0,,,0.0
t4_caption_grounding,hallu_000763_COCO_train2014_000000313164,COCO_train2014_000000313164.jpg,the bicycle in front of the person,relation,bicycle,1.0,2,0.0508175244140625,overlap,overlap,nonzero_remained_nonzero,0.10984060393651916,0.08307272625810855,-0.026767877678410615,"[185.0,52.0,367.0,359.0]","[190.0,174.0,456.0,428.0]","[123.61,193.24,235.88,332.29]",True,,,0.0,,,0.0
t4_caption_grounding,hallu_000765_COCO_train2014_000000473870,COCO_train2014_000000473870.jpg,the person in front of the skis,relation,person,1.0,3,0.11264492948199901,valid_zero,overlap,valid_zero_recovered,0.0,0.8496329456389193,0.8496329456389193,"[257.0,92.0,354.0,315.0]","[150.0,54.0,226.0,287.0]","[154.06,53.14,231.12,277.43]",True,wrong_same_category_instance,person,0.814769120101042,,,0.0
t4_caption_grounding,hallu_000766_COCO_train2014_000000376965,COCO_train2014_000000376965.jpg,the person in the black shirt behind the basketball player,relation,person,1.0,2,0.1320872605377907,overlap,overlap,nonzero_remained_nonzero,0.9581157246750598,0.9670980626112965,0.008982337936236706,"[184.0,22.0,330.0,271.0]","[185.0,20.0,330.0,274.0]","[184.68,21.61,327.55,276.04]",True,,,0.0,,,0.0
t4_caption_grounding,hallu_000768_COCO_train2014_000000079286,COCO_train2014_000000079286.jpg,the umpire behind the catcher,relation,person,1.0,2,0.15241359723772321,overlap,overlap,nonzero_remained_nonzero,0.9219414894514767,0.903480884763232,-0.01846060468824473,"[32.0,120.0,190.0,420.0]","[34.0,120.0,195.0,420.0]","[33.89,123.74,181.70999999999998,419.37]",True,,,0.0,,,0.0
t4_caption_grounding,hallu_000769_COCO_train2014_000000379434,COCO_train2014_000000379434.jpg,the person holding a frisbee,relation,person,1.0,1,0.09159896713615026,overlap,overlap,nonzero_remained_nonzero,0.8802727009173705,0.8526823560973172,-0.027590344820053292,"[322.0,102.0,451.0,321.0]","[320.0,104.0,450.0,326.0]","[334.1,102.27,448.02000000000004,321.49]",True,,,0.0,,,0.0
t4_caption_grounding,hallu_000778_COCO_train2014_000000520657,COCO_train2014_000000520657.jpg,the sandwich on the red plate,relation,sandwich,1.0,1,0.08442813524590169,overlap,overlap,nonzero_remained_nonzero,0.501957987245481,0.34131452832142506,-0.16064345892405596,"[348.0,136.0,640.0,290.0]","[304.0,145.0,637.0,348.0]","[351.2,157.61,522.96,291.94000000000005]",True,,,0.0,,,0.0
t4_caption_grounding,hallu_000779_COCO_train2014_000000489167,COCO_train2014_000000489167.jpg,the elephant next to the person,relation,elephant,1.0,1,0.32474806425644026,overlap,overlap,nonzero_remained_nonzero,0.060393317228380435,0.0663946716379789,0.00600135440959846,"[0.0,79.0,346.0,409.0]","[0.0,84.0,350.0,409.0]","[301.98,120.69,640.0,383.24]",True,,,0.0,,,0.0
t4_caption_grounding,hallu_000781_COCO_train2014_000000490541,COCO_train2014_000000490541.jpg,the tennis racket in the child's hand,relation,tennis racket,1.0,2,0.05572799326697895,valid_zero,overlap,valid_zero_recovered,0.0,0.8990101623442207,0.8990101623442207,"[168.0,103.0,196.0,245.0]","[409.0,21.0,520.0,167.0]","[415.18,21.84,517.7,170.39000000000001]",True,wrong_same_category_instance,tennis racket,0.8668775632682171,,,0.0
t4_caption_grounding,hallu_000784_COCO_train2014_000000054318,COCO_train2014_000000054318.jpg,the bed next to the lamp,relation,bed,1.0,1,0.40279724213286716,overlap,overlap,nonzero_remained_nonzero,0.9616865254902168,0.968129914491152,0.006443389000935218,"[267.0,122.0,640.0,415.0]","[267.0,124.0,640.0,415.0]","[265.48,126.01,640.0,421.3]",True,,,0.0,,,0.0
t4_caption_grounding,hallu_000787_COCO_train2014_000000163713,COCO_train2014_000000163713.jpg,the person sitting next to the dining table,relation,person,1.0,3,0.18382056352459017,overlap,overlap,nonzero_remained_nonzero,0.8899093791832648,0.9276393757273692,0.03772999654410436,"[2.0,129.0,180.0,415.0]","[0.0,130.0,175.0,415.0]","[0.04,134.19,171.6,427.0]",True,,,0.0,,,0.0
t4_caption_grounding,hallu_000788_COCO_train2014_000000482659,COCO_train2014_000000482659.jpg,the person holding a tennis racket,relation,person,1.0,3,0.2567597174357477,overlap,overlap,nonzero_remained_nonzero,0.44902261013276107,0.6624827972897424,0.21346018715698128,"[132.0,55.0,546.0,415.0]","[268.0,54.0,547.0,415.0]","[352.92,54.03,541.75,426.49]",True,,,0.0,,,0.0
t4_caption_grounding,hallu_000792_COCO_train2014_000000073889,COCO_train2014_000000073889.jpg,the baseball player in front of the catcher,relation,person,1.0,2,0.23922036555913348,overlap,overlap,nonzero_remained_nonzero,0.9524970945621469,0.9477607913089376,-0.004736303253209284,"[56.0,8.0,248.0,337.0]","[56.0,8.0,249.0,337.0]","[54.69,3.54,246.6,344.19]",True,,,0.0,,,0.0
t4_caption_grounding,hallu_000795_COCO_train2014_000000144574,COCO_train2014_000000144574.jpg,the backpack on the person's shoulder,relation,backpack,1.0,1,0.17274290234375,overlap,overlap,nonzero_remained_nonzero,0.9161221585847031,0.901091110435185,-0.015031048149518167,"[0.0,309.0,150.0,637.0]","[0.0,310.0,148.0,637.0]","[0.93,304.92,159.3,640.0]",True,,,0.0,,,0.0
t4_caption_grounding,hallu_000798_COCO_train2014_000000515815,COCO_train2014_000000515815.jpg,the person lying on the couch,relation,person,1.0,1,0.10287190255220419,valid_zero,overlap,valid_zero_recovered,0.0,0.7046608434062535,0.7046608434062535,"[350.0,194.0,640.0,330.0]","[40.0,225.0,367.0,312.0]","[34.61,219.06,310.0,322.1]",True,wrong_same_category_instance,person,0.816620924028809,,,0.0
t4_caption_grounding,hallu_000799_COCO_train2014_000000325966,COCO_train2014_000000325966.jpg,the laptop in front of the person,relation,laptop,1.0,1,0.0632074017018779,valid_zero,valid_zero,valid_zero_unresolved,0.0,0.0,0.0,"[318.0,269.0,541.0,396.0]","[319.0,268.0,540.0,397.0]","[86.98,340.6,288.77,426.0]",True,wrong_same_category_instance,laptop,0.9182123088802431,wrong_same_category_instance,laptop,0.9265879335205817
t4_caption_grounding,hallu_000801_COCO_train2014_000000307464,COCO_train2014_000000307464.jpg,the bowl in front of the spoon,relation,bowl,1.0,2,0.08879849609375,false_rejection,false_rejection,false_rejection_unchanged,0.0,0.0,0.0,null,null,"[4.31,66.16,230.11,186.97]",False,,,0.0,,,0.0
t4_caption_grounding,hallu_000802_COCO_train2014_000000101891,COCO_train2014_000000101891.jpg,the bicycle next to the red car,relation,bicycle,1.0,2,0.17253069986979166,overlap,overlap,nonzero_remained_nonzero,0.5888720855277473,0.5848627333762532,-0.004009352151494117,"[212.0,63.0,426.0,476.0]","[209.0,64.0,425.0,476.0]","[271.63,127.55,422.01,480.0]",True,,,0.0,,,0.0
t4_caption_grounding,hallu_000808_COCO_train2014_000000455015,COCO_train2014_000000455015.jpg,the airplane next to the truck,relation,airplane,1.0,1,0.48696667520491804,overlap,overlap,nonzero_remained_nonzero,0.9724927530086189,0.9316050205717518,-0.040887732436867164,"[0.0,107.0,627.0,324.0]","[0.0,107.0,600.0,324.0]","[0.0,106.57,627.55,318.63]",True,,,0.0,,,0.0
t4_caption_grounding,hallu_000809_COCO_train2014_000000363079,COCO_train2014_000000363079.jpg,the keyboard on the laptop,relation,keyboard,1.0,3,0.12295111293859647,overlap,overlap,nonzero_remained_nonzero,0.2523209158415841,0.25486343283582086,0.002542516994236743,"[224.0,94.0,620.0,498.0]","[224.0,95.0,618.0,497.0]","[303.19,297.42,562.5699999999999,453.05]",True,,,0.0,,,0.0
t4_caption_grounding,hallu_000812_COCO_train2014_000000114652,COCO_train2014_000000114652.jpg,the laptop in front of the bowl,relation,laptop,1.0,1,0.25185822656249995,overlap,overlap,nonzero_remained_nonzero,0.9865712579680549,0.9719037218448127,-0.01466753612324223,"[300.0,1.0,570.0,287.0]","[304.0,2.0,570.0,286.0]","[299.87,2.16,569.53,289.08000000000004]",True,,,0.0,,,0.0
t4_caption_grounding,hallu_000814_COCO_train2014_000000103437,COCO_train2014_000000103437.jpg,the dining table in front of the person,relation,dining table,1.0,2,0.29272322661713285,overlap,overlap,nonzero_remained_nonzero,0.15718399606410297,0.898045145079584,0.7408611490154811,"[137.0,24.0,604.0,364.0]","[0.0,289.0,640.0,415.0]","[4.04,294.44,635.93,421.63]",True,,,0.0,,,0.0
t4_caption_grounding,hallu_000816_COCO_train2014_000000146420,COCO_train2014_000000146420.jpg,the person next to the tennis player,relation,person,1.0,1,0.11882110655737703,overlap,overlap,nonzero_remained_nonzero,0.9301481730939639,0.9301481730939639,0.0,"[360.0,81.0,520.0,284.0]","[360.0,81.0,520.0,284.0]","[357.45,83.06,515.77,288.15999999999997]",True,,,0.0,,,0.0
t4_caption_grounding,hallu_000820_COCO_train2014_000000503472,COCO_train2014_000000503472.jpg,the dining table in front of the couch,relation,dining table,1.0,2,0.0701309805584551,valid_zero,valid_zero,valid_zero_unresolved,0.0,0.0,0.0,"[243.0,260.0,417.0,372.0]","[245.0,260.0,417.0,389.0]","[441.41,369.45,640.0,477.71]",True,wrong_same_category_instance,dining table,0.7419422654321524,wrong_same_category_instance,dining table,0.8447359906305725
t4_caption_grounding,hallu_000821_COCO_train2014_000000033764,COCO_train2014_000000033764.jpg,the person next to the frisbee,relation,person,1.0,2,0.15189410055620606,valid_zero,valid_zero,valid_zero_unresolved,0.0,0.0,0.0,"[113.0,105.0,350.0,374.0]","[114.0,105.0,350.0,376.0]","[520.62,55.5,640.0,403.21]",True,wrong_same_category_instance,person,0.9624944083424183,wrong_same_category_instance,person,0.9737631351696324
t4_caption_grounding,hallu_000822_COCO_train2014_000000444362,COCO_train2014_000000444362.jpg,the person holding a remote,relation,person,1.0,1,0.3810426868489584,overlap,overlap,nonzero_remained_nonzero,0.9799109387548205,0.9724573013852305,-0.007453637369590038,"[332.0,91.0,637.0,476.0]","[334.0,90.0,637.0,476.0]","[332.22,92.76,639.6400000000001,473.53]",True,,,0.0,,,0.0
t4_caption_grounding,hallu_000823_COCO_train2014_000000473797,COCO_train2014_000000473797.jpg,the red chair next to the toilet,relation,chair,1.0,2,0.15268101012323942,overlap,overlap,nonzero_remained_nonzero,0.07669208693929558,0.3083682759721778,0.23167618903288223,"[172.0,88.0,583.0,392.0]","[479.0,46.0,630.0,135.0]","[313.04,1.76,632.78,131.95]",True,,,0.0,,,0.0
t4_caption_grounding,hallu_000831_COCO_train2014_000000347655,COCO_train2014_000000347655.jpg,the person holding the knife,relation,person,1.0,1,0.7005904401408451,overlap,overlap,nonzero_remained_nonzero,0.9650799356480775,0.9779735025057084,0.012893566857630878,"[0.0,0.0,450.0,415.0]","[0.0,0.0,456.0,415.0]","[1.92,0.96,459.58000000000004,418.32]",True,,,0.0,,,0.0
t4_caption_grounding,hallu_000835_COCO_train2014_000000014453,COCO_train2014_000000014453.jpg,the cat next to the bottle,relation,cat,1.0,1,0.6294335904,false_rejection,false_rejection,false_rejection_unchanged,0.0,0.0,0.0,null,null,"[1.74,54.07,369.48,375.0]",False,,,0.0,,,0.0
t4_caption_grounding,hallu_000836_COCO_train2014_000000411738,COCO_train2014_000000411738.jpg,the bed with the dog on it,relation,bed,1.0,1,0.31669549088541665,overlap,overlap,nonzero_remained_nonzero,0.35270031467517404,0.3535205479651163,0.0008202332899422404,"[0.0,45.0,640.0,476.0]","[0.0,46.0,640.0,476.0]","[224.36,237.3,640.0,471.37]",True,,,0.0,,,0.0
t4_caption_grounding,hallu_000842_COCO_train2014_000000401980,COCO_train2014_000000401980.jpg,the person next to the bicycle,relation,person,1.0,1,0.20320096018735367,overlap,valid_zero,nonzero_regressed_to_zero,0.8375081291293858,0.0,-0.8375081291293858,"[406.0,72.0,592.0,415.0]","[0.0,0.0,164.0,415.0]","[404.36,68.44,586.44,373.42]",True,,,0.0,wrong_same_category_instance,person,0.9746160810663631
t4_caption_grounding,hallu_000845_COCO_train2014_000000277156,COCO_train2014_000000277156.jpg,the chair behind the person,relation,chair,1.0,2,0.053210444335937496,overlap,overlap,nonzero_remained_nonzero,0.7329874880385124,0.7460722265857297,0.013084738547217256,"[262.0,170.0,412.0,306.0]","[264.0,170.0,415.0,308.0]","[277.26,170.31,418.97,285.65999999999997]",True,,,0.0,,,0.0
t4_caption_grounding,hallu_000850_COCO_train2014_000000544568,COCO_train2014_000000544568.jpg,the person sitting at the dining table,relation,person,1.0,3,0.5088891536458333,overlap,overlap,nonzero_remained_nonzero,0.9664363748763601,0.9720127089136491,0.005576334037288966,"[0.0,0.0,337.0,360.0]","[0.0,0.0,336.0,359.0]","[1.62,1.22,334.05,353.92]",True,,,0.0,,,0.0
t4_caption_grounding,hallu_000851_COCO_train2014_000000285132,COCO_train2014_000000285132.jpg,the person next to the parking meter,relation,person,1.0,3,0.06109084947183099,valid_zero,overlap,valid_zero_recovered,0.0,0.14658486976941149,0.14658486976941149,"[171.0,128.0,370.0,415.0]","[378.0,165.0,574.0,415.0]","[504.59,143.17,621.26,285.92999999999995]",True,wrong_same_category_instance,person,0.9287939595523397,,,0.0
t4_caption_grounding,hallu_000854_COCO_train2014_000000263434,COCO_train2014_000000263434.jpg,the laptop on the left side of the desk,relation,laptop,1.0,1,0.08801617057291668,overlap,overlap,nonzero_remained_nonzero,0.9451253876317265,0.9514038913347411,0.006278503703014637,"[26.0,273.0,209.0,420.0]","[26.0,274.0,209.0,420.0]","[26.33,275.63,207.87,424.57]",True,,,0.0,,,0.0
t4_caption_grounding,hallu_000857_COCO_train2014_000000092916,COCO_train2014_000000092916.jpg,the person holding the knife,relation,person,1.0,1,0.5975375375375376,overlap,overlap,nonzero_remained_nonzero,0.21901742312113537,0.2284953671806681,0.009477944059532728,"[39.0,35.0,244.0,262.0]","[40.0,35.0,246.0,267.0]","[0.0,134.02,500.0,333.0]",True,,,0.0,,,0.0
t4_caption_grounding,hallu_000863_COCO_train2014_000000056313,COCO_train2014_000000056313.jpg,the baseball player holding a bat,relation,person,1.0,1,0.17296098507025764,overlap,overlap,nonzero_remained_nonzero,0.9510771332122514,0.9378062167544631,-0.013270916457788329,"[92.0,116.0,226.0,465.0]","[94.0,117.0,226.0,465.0]","[92.25,115.7,230.05,458.71]",True,,,0.0,,,0.0
t4_caption_grounding,hallu_000864_COCO_train2014_000000244528,COCO_train2014_000000244528.jpg,the sandwich next to the bowl,relation,sandwich,1.0,1,0.18677596875000002,overlap,overlap,nonzero_remained_nonzero,0.9392851102436186,0.9497790199326838,0.010493909689065162,"[157.0,256.0,473.0,436.0]","[157.0,256.0,473.0,438.0]","[158.93,258.9,471.41,442.52]",True,,,0.0,,,0.0
t4_caption_grounding,hallu_000867_COCO_train2014_000000567145,COCO_train2014_000000567145.jpg,the bed next to the chair,relation,bed,1.0,1,0.07725916955017299,false_rejection,false_rejection,false_rejection_unchanged,0.0,0.0,0.0,null,null,"[17.88,484.1,298.44,587.24]",False,,,0.0,,,0.0
t4_caption_grounding,hallu_000871_COCO_train2014_000000292844,COCO_train2014_000000292844.jpg,the person in front of the chair,relation,person,1.0,3,0.1296747060546875,overlap,overlap,nonzero_remained_nonzero,0.9007386989553657,0.915266742486904,0.014528043531538248,"[124.0,119.0,250.0,470.0]","[126.0,119.0,250.0,470.0]","[131.6,124.04,247.01,469.21000000000004]",True,,,0.0,,,0.0
t4_caption_grounding,hallu_000873_COCO_train2014_000000129951,COCO_train2014_000000129951.jpg,the keyboard in front of the laptop,relation,keyboard,1.0,2,0.07725963281249996,overlap,overlap,nonzero_remained_nonzero,0.9501038357539757,0.9501038357539757,0.0,"[405.0,370.0,640.0,476.0]","[405.0,370.0,640.0,476.0]","[404.66,372.38,639.28,473.53999999999996]",True,,,0.0,,,0.0
t4_caption_grounding,hallu_000874_COCO_train2014_000000152431,COCO_train2014_000000152431.jpg,the person next to the sandwich,relation,person,1.0,3,0.05754526171875,overlap,overlap,nonzero_remained_nonzero,0.18600122070793537,0.18600122070793537,0.0,"[89.0,230.0,285.0,476.0]","[89.0,230.0,285.0,476.0]","[213.19,257.7,336.03,401.61]",True,,,0.0,,,0.0
t4_caption_grounding,hallu_000875_COCO_train2014_000000565500,COCO_train2014_000000565500.jpg,the bus in front of the taxi,relation,bus,1.0,1,0.09452913658126293,overlap,overlap,nonzero_remained_nonzero,0.912489981303057,0.9243271147477156,0.011837133444658532,"[239.0,104.0,526.0,202.0]","[240.0,105.0,526.0,202.0]","[243.37,105.19,527.04,208.2]",True,,,0.0,,,0.0
t4_caption_grounding,hallu_000876_COCO_train2014_000000366071,COCO_train2014_000000366071.jpg,the person next to the basket of bananas,relation,person,1.0,3,0.10406291544976638,overlap,overlap,nonzero_remained_nonzero,0.31426574872935886,0.3183149495577662,0.004049200828407318,"[266.0,2.0,505.0,340.0]","[265.0,4.0,507.0,340.0]","[413.4,0.0,512.62,287.29]",True,,,0.0,,,0.0
t4_caption_grounding,hallu_000882_COCO_train2014_000000349527,COCO_train2014_000000349527.jpg,the skis held by the person,relation,skis,1.0,3,0.0713670888671875,valid_zero,overlap,valid_zero_recovered,0.0,0.9219133339707178,0.9219133339707178,"[185.0,234.0,264.0,476.0]","[284.0,150.0,346.0,476.0]","[281.69,149.77,348.08,480.0]",True,partial_or_oversized_region,person,0.44145068605136006,,,0.0
t4_caption_grounding,hallu_000887_COCO_train2014_000000323964,COCO_train2014_000000323964.jpg,the person behind the donuts,relation,person,1.0,1,0.2193880550986842,overlap,overlap,nonzero_remained_nonzero,0.04020282351696387,0.8834414877268276,0.8432386642098637,"[350.0,0.0,640.0,332.0]","[0.0,0.0,379.0,174.0]","[28.63,0.0,384.43,179.95]",True,,,0.0,,,0.0
t4_caption_grounding,hallu_000888_COCO_train2014_000000084712,COCO_train2014_000000084712.jpg,the skier in front of the other skier,relation,person,1.0,3,0.5190203316176468,overlap,overlap,nonzero_remained_nonzero,0.9596512561997035,0.9609241723757426,0.001272916176039085,"[48.0,139.0,366.0,582.0]","[48.0,139.0,365.0,580.0]","[43.15,145.26,368.17999999999995,579.5999999999999]",True,,,0.0,,,0.0
t4_caption_grounding,hallu_000889_COCO_train2014_000000279530,COCO_train2014_000000279530.jpg,the dog in front of the person,relation,dog,1.0,1,0.15877373464595373,overlap,overlap,nonzero_remained_nonzero,0.25485888596026407,0.27563629047468413,0.02077740451442006,"[200.0,284.0,410.0,604.0]","[204.0,285.0,416.0,607.0]","[329.71,284.61,503.53999999999996,588.0]",True,,,0.0,,,0.0
t4_caption_grounding,hallu_000896_COCO_train2014_000000360982,COCO_train2014_000000360982.jpg,the catcher behind the batter,relation,person,1.0,3,0.11325500689655175,overlap,overlap,nonzero_remained_nonzero,0.5572610549237064,0.5655430441585664,0.00828198923486001,"[218.0,183.0,425.0,345.0]","[219.0,184.0,425.0,346.0]","[293.98,191.47,421.90000000000003,358.36]",True,,,0.0,,,0.0
t4_caption_grounding,hallu_000898_COCO_train2014_000000485306,COCO_train2014_000000485306.jpg,the person holding the cell phone,relation,person,1.0,1,0.5082205137587821,overlap,overlap,nonzero_remained_nonzero,0.009249418150169532,0.7343828340049106,0.725133415854741,"[371.0,0.0,640.0,415.0]","[0.0,56.0,497.0,415.0]","[0.0,59.04,377.45,427.0]",True,,,0.0,,,0.0
t4_caption_grounding,hallu_000899_COCO_train2014_000000201030,COCO_train2014_000000201030.jpg,the person next to the cell phone,relation,person,1.0,2,0.13825118990384613,overlap,overlap,nonzero_remained_nonzero,0.0847996773789275,0.08899017852748684,0.004190501148559331,"[242.0,35.0,640.0,415.0]","[240.0,35.0,640.0,415.0]","[181.36,50.2,282.32,414.78]",True,,,0.0,,,0.0
t4_caption_grounding,hallu_000901_COCO_train2014_000000185116,COCO_train2014_000000185116.jpg,the chair next to the couch,relation,chair,1.0,3,0.06408515220207252,overlap,overlap,nonzero_remained_nonzero,0.8890640600314643,0.876003725685753,-0.0130603343457113,"[117.0,182.0,244.0,317.0]","[117.0,184.0,245.0,316.0]","[116.0,180.49,235.9,312.53]",True,,,0.0,,,0.0
t4_caption_grounding,hallu_000903_COCO_train2014_000000288164,COCO_train2014_000000288164.jpg,the person standing in front of the desk,relation,person,1.0,2,0.11598444791666665,overlap,overlap,nonzero_remained_nonzero,0.9415638784302945,0.9268069900091168,-0.014756888421177727,"[178.0,196.0,303.0,476.0]","[179.0,196.0,304.0,476.0]","[175.82,189.84,300.94,474.61]",True,,,0.0,,,0.0
t4_caption_grounding,hallu_000906_COCO_train2014_000000258931,COCO_train2014_000000258931.jpg,the catcher behind the batter,relation,person,1.0,2,0.09628752994791667,overlap,overlap,nonzero_remained_nonzero,0.9550908128064349,0.9387605291886945,-0.01633028361774047,"[258.0,310.0,440.0,476.0]","[257.0,308.0,440.0,476.0]","[261.82,310.29,442.26,474.22]",True,,,0.0,,,0.0
t4_caption_grounding,hallu_000907_COCO_train2014_000000507690,COCO_train2014_000000507690.jpg,the person standing next to the bicycle,relation,person,1.0,1,0.2841999999999999,overlap,overlap,nonzero_remained_nonzero,0.8247519337448236,0.8322862266938876,0.0075342929490640476,"[332.0,0.0,500.0,364.0]","[334.0,0.0,500.0,364.0]","[333.8,0.0,475.9,375.0]",True,,,0.0,,,0.0
t4_caption_grounding,hallu_000913_COCO_train2014_000000205940,COCO_train2014_000000205940.jpg,the small sheep next to the chair,relation,teddy bear,1.0,1,0.06787687500000003,overlap,overlap,nonzero_remained_nonzero,0.07789326510000494,0.7217361434747495,0.6438428783747445,"[209.0,346.0,347.0,600.0]","[334.0,429.0,425.0,607.0]","[323.85,424.95,443.64000000000004,600.47]",True,,,0.0,,,0.0
t4_caption_grounding,hallu_000915_COCO_train2014_000000178376,COCO_train2014_000000178376.jpg,the TV on the desk,relation,tv,1.0,1,0.2909506412760416,overlap,overlap,nonzero_remained_nonzero,0.08487129262103789,0.96418594390507,0.8793146512840321,"[84.0,140.0,427.0,476.0]","[340.0,26.0,640.0,335.0]","[340.85,27.04,640.0,325.82]",True,,,0.0,,,0.0
t4_caption_grounding,hallu_000916_COCO_train2014_000000043655,COCO_train2014_000000043655.jpg,the cat on the dining table,relation,cat,1.0,1,0.09421897845953002,overlap,overlap,nonzero_remained_nonzero,0.6718709229517683,0.6718709229517683,0.0,"[158.0,154.0,360.0,307.0]","[158.0,154.0,360.0,307.0]","[188.63,145.24,347.73,290.4]",True,,,0.0,,,0.0
t4_caption_grounding,hallu_000917_COCO_train2014_000000527196,COCO_train2014_000000527196.jpg,the person holding the kite string,relation,person,1.0,3,0.22967661490885413,overlap,overlap,nonzero_remained_nonzero,0.8652195749395784,0.8494852996913609,-0.015734275248217466,"[201.0,12.0,334.0,471.0]","[204.0,15.0,336.0,478.0]","[192.72,1.44,342.28999999999996,473.17]",True,,,0.0,,,0.0
t4_caption_grounding,hallu_000918_COCO_train2014_000000062279,COCO_train2014_000000062279.jpg,the bowl in front of the broccoli,relation,bowl,1.0,2,0.08786201166775455,overlap,overlap,nonzero_remained_nonzero,0.8911040811825051,0.8794876346533221,-0.011616446529182922,"[294.0,249.0,455.0,383.0]","[294.0,250.0,456.0,383.0]","[289.63,244.92,448.0,380.90999999999997]",True,,,0.0,,,0.0
t4_caption_grounding,hallu_000921_COCO_train2014_000000231963,COCO_train2014_000000231963.jpg,the train next to the platform,relation,train,1.0,1,0.13160242708333336,overlap,overlap,nonzero_remained_nonzero,0.621506092708936,0.06486750672887456,-0.5566385859800614,"[1.0,220.0,400.0,382.0]","[228.0,240.0,400.0,375.0]","[0.0,224.36,256.72,381.84000000000003]",True,,,0.0,,,0.0
t4_caption_grounding,hallu_000923_COCO_train2014_000000333356,COCO_train2014_000000333356.jpg,the backpack on the person's back,relation,backpack,1.0,3,0.06068039391063085,valid_zero,valid_zero,valid_zero_unresolved,0.0,0.0,0.0,"[137.0,185.0,266.0,371.0]","[140.0,186.0,265.0,370.0]","[390.49,277.0,504.94,422.23]",True,wrong_same_category_instance,backpack,0.8525268009873854,wrong_same_category_instance,backpack,0.8370227157151231
t4_caption_grounding,hallu_000926_COCO_train2014_000000434539,COCO_train2014_000000434539.jpg,the person holding a wine glass,relation,person,1.0,3,0.28826509159482755,overlap,overlap,nonzero_remained_nonzero,0.003930775818184046,0.010763896908610612,0.006833121090426567,"[112.0,48.0,411.0,388.0]","[109.0,47.0,415.0,386.0]","[408.74,82.11,640.0,406.0]",True,,,0.0,,,0.0
t4_caption_grounding,hallu_000931_COCO_train2014_000000062233,COCO_train2014_000000062233.jpg,the person holding a remote,relation,person,1.0,3,0.25816587890625,valid_zero,valid_zero,valid_zero_unresolved,0.0,0.0,0.0,"[517.0,81.0,640.0,448.0]","[518.0,80.0,640.0,442.0]","[0.0,53.35,190.12,442.69]",True,wrong_same_category_instance,person,0.9476313794855022,wrong_same_category_instance,person,0.9525485535333232
t4_caption_grounding,hallu_000932_COCO_train2014_000000066853,COCO_train2014_000000066853.jpg,the laptop in front of the TV,relation,laptop,1.0,2,0.0889526458333333,overlap,overlap,nonzero_remained_nonzero,0.9071569429506795,0.8989695486058225,-0.008187394344857046,"[54.0,304.0,232.0,467.0]","[54.0,306.0,237.0,468.0]","[59.85,311.03,231.67,470.06999999999994]",True,,,0.0,,,0.0
t4_caption_grounding,hallu_000934_COCO_train2014_000000328064,COCO_train2014_000000328064.jpg,the person next to the umbrella,relation,person,1.0,1,0.17289048177083338,overlap,overlap,nonzero_remained_nonzero,0.722925618386802,0.718294448506041,-0.004631169880761066,"[339.0,110.0,496.0,357.0]","[340.0,110.0,496.0,357.0]","[289.08,103.55,495.1,361.35]",True,,,0.0,,,0.0
t4_caption_grounding,hallu_000935_COCO_train2014_000000271473,COCO_train2014_000000271473.jpg,the person holding a wine glass,relation,person,1.0,1,0.07669699218750002,valid_zero,valid_zero,valid_zero_unresolved,0.0,0.0,0.0,"[422.0,142.0,581.0,330.0]","[425.0,140.0,586.0,330.0]","[209.26,118.65,354.88,280.45000000000005]",True,wrong_same_category_instance,person,0.9202299626750045,wrong_same_category_instance,person,0.9226276525426704
t4_caption_grounding,hallu_000936_COCO_train2014_000000524925,COCO_train2014_000000524925.jpg,the airplane behind the car,relation,airplane,1.0,3,0.08903033234126984,overlap,overlap,nonzero_remained_nonzero,0.9202007177646755,0.667406195034501,-0.25279452273017444,"[176.0,127.0,505.0,210.0]","[250.0,140.0,506.0,207.0]","[178.33,129.49,503.19000000000005,206.84]",True,,,0.0,,,0.0
t4_caption_grounding,hallu_000945_COCO_train2014_000000241785,COCO_train2014_000000241785.jpg,the couch under the dog,relation,couch,1.0,1,0.4042198821333333,overlap,overlap,nonzero_remained_nonzero,0.6328725107547956,0.8847039747584033,0.2518314640036078,"[48.0,128.0,500.0,364.0]","[47.0,198.0,500.0,364.0]","[45.16,207.26,499.18999999999994,374.19]",True,,,0.0,,,0.0
t4_caption_grounding,hallu_000947_COCO_train2014_000000322239,COCO_train2014_000000322239.jpg,the bed under the suitcase,relation,bed,1.0,1,0.19762069173177085,overlap,overlap,nonzero_remained_nonzero,0.058123656096962295,0.19928136981355044,0.14115771371658814,"[250.0,84.0,620.0,390.0]","[0.0,0.0,640.0,476.0]","[2.49,5.86,347.84000000000003,181.65]",True,,,0.0,,,0.0
t4_caption_grounding,hallu_000951_COCO_train2014_000000427461,COCO_train2014_000000427461.jpg,the giraffe next to the person,relation,giraffe,1.0,1,0.4495124326697893,overlap,overlap,nonzero_remained_nonzero,0.5802379012168055,0.9629767601132578,0.3827388588964523,"[0.0,0.0,492.0,406.0]","[0.0,24.0,307.0,415.0]","[0.0,17.29,304.73,420.41]",True,,,0.0,,,0.0
t4_caption_grounding,hallu_000955_COCO_train2014_000000125115,COCO_train2014_000000125115.jpg,the person holding the remote,relation,person,1.0,1,0.4266115113772454,overlap,overlap,nonzero_remained_nonzero,0.42821962056556523,0.4386261495610809,0.010406528995515696,"[182.0,54.0,302.0,332.0]","[184.0,56.0,307.0,334.0]","[181.98,68.86,454.56999999999994,330.22]",True,,,0.0,,,0.0
t4_caption_grounding,hallu_000957_COCO_train2014_000000556669,COCO_train2014_000000556669.jpg,the person holding the baseball bat,relation,person,1.0,2,0.1984497153755868,overlap,overlap,nonzero_remained_nonzero,0.9110008133320633,0.9207965210023005,0.009795707670237186,"[376.0,126.0,562.0,391.0]","[376.0,125.0,564.0,390.0]","[374.31,119.66,570.55,395.37]",True,,,0.0,,,0.0
t4_caption_grounding,hallu_000960_COCO_train2014_000000239331,COCO_train2014_000000239331.jpg,the person in front of the potted plant,relation,person,1.0,2,0.15677858455882354,overlap,overlap,nonzero_remained_nonzero,0.968315022061711,0.9696136714589456,0.0012986493972345636,"[292.0,39.0,485.0,260.0]","[294.0,38.0,485.0,260.0]","[293.57,39.09,483.52,263.59000000000003]",True,,,0.0,,,0.0
t4_caption_grounding,hallu_000961_COCO_train2014_000000063820,COCO_train2014_000000063820.jpg,the airplane in front of the terminal,relation,airplane,1.0,2,0.3633917487558548,overlap,overlap,nonzero_remained_nonzero,0.8778673361194689,0.8646231610313578,-0.013244175088111043,"[46.0,100.0,557.0,291.0]","[46.0,98.0,557.0,290.0]","[35.83,109.74,553.84,301.45]",True,,,0.0,,,0.0
t4_caption_grounding,hallu_000962_COCO_train2014_000000524625,COCO_train2014_000000524625.jpg,the orange slices in the top left container,relation,orange,1.0,1,0.10163598615916956,overlap,overlap,nonzero_remained_nonzero,0.7075809736240452,0.6955317607937003,-0.01204921283034488,"[48.0,31.0,275.0,268.0]","[46.0,30.0,275.0,269.0]","[53.28,47.52,246.24,244.8]",True,,,0.0,,,0.0
t4_caption_grounding,hallu_000966_COCO_train2014_000000480843,COCO_train2014_000000480843.jpg,the couch next to the window,relation,couch,1.0,1,0.07260167578125,overlap,overlap,nonzero_remained_nonzero,0.9349308487219286,0.8498344681960242,-0.0850963805259044,"[134.0,236.0,379.0,330.0]","[135.0,236.0,379.0,340.0]","[138.32,234.32,375.74,328.26]",True,,,0.0,,,0.0
t4_caption_grounding,hallu_000972_COCO_train2014_000000135589,COCO_train2014_000000135589.jpg,the person wearing a red tie,attribute,person,1.0,1,0.4704166440217391,overlap,overlap,nonzero_remained_nonzero,0.9659892583120205,0.9361412756113682,-0.029847982700652365,"[0.0,40.0,345.0,414.0]","[0.0,40.0,356.0,414.0]","[0.93,42.76,342.04,408.15999999999997]",True,,,0.0,,,0.0
t4_caption_grounding,hallu_000973_COCO_train2014_000000443593,COCO_train2014_000000443593.jpg,the person reaching for the frisbee,relation,person,1.0,3,0.12993171084337346,overlap,overlap,nonzero_remained_nonzero,0.9413451357217609,0.22461226054703737,-0.7167328751747235,"[270.0,114.0,382.0,415.0]","[330.0,54.0,476.0,415.0]","[267.32,114.5,384.15999999999997,409.86]",True,,,0.0,,,0.0
t4_caption_grounding,hallu_000974_COCO_train2014_000000232770,COCO_train2014_000000232770.jpg,the person holding the orange,relation,person,1.0,1,0.4808571708984374,overlap,overlap,nonzero_remained_nonzero,0.2962956335170423,0.29567694414374035,-0.0006186893733019505,"[277.0,52.0,602.0,637.0]","[278.0,54.0,602.0,637.0]","[21.12,207.11,485.69,631.0699999999999]",True,,,0.0,,,0.0
t4_caption_grounding,hallu_000978_COCO_train2014_000000359497,COCO_train2014_000000359497.jpg,the baseball player holding the bat,relation,person,1.0,2,0.4144487295854271,overlap,overlap,nonzero_remained_nonzero,0.967169743333256,0.9646868669802943,-0.002482876352961738,"[146.0,26.0,457.0,358.0]","[146.0,25.0,457.0,358.0]","[141.31,25.94,455.24,362.21999999999997]",True,,,0.0,,,0.0
t4_caption_grounding,hallu_000985_COCO_train2014_000000311925,COCO_train2014_000000311925.jpg,the black car next to the bicycle,relation,car,1.0,2,0.12470229215801892,overlap,overlap,nonzero_remained_nonzero,0.18737106312292368,0.06691176026891195,-0.12045930285401173,"[115.0,71.0,640.0,415.0]","[160.0,114.0,507.0,258.0]","[470.5,79.39,639.19,279.99]",True,,,0.0,,,0.0
t4_caption_grounding,hallu_000987_COCO_train2014_000000514088,COCO_train2014_000000514088.jpg,the person sitting next to the handbag,relation,person,1.0,3,0.1583568528528528,overlap,overlap,nonzero_remained_nonzero,0.9797797036874455,0.9613716780750454,-0.01840802561240007,"[76.0,65.0,222.0,247.0]","[76.0,65.0,224.0,248.0]","[75.07,66.05,221.42,246.20999999999998]",True,,,0.0,,,0.0
t4_caption_grounding,hallu_000988_COCO_train2014_000000463496,COCO_train2014_000000463496.jpg,the dining table in front of the person,relation,dining table,1.0,1,0.055742643442622954,false_rejection,false_rejection,false_rejection_unchanged,0.0,0.0,0.0,null,null,"[173.71,192.68,287.29,326.8]",False,,,0.0,,,0.0
t4_caption_grounding,hallu_000990_COCO_train2014_000000526794,COCO_train2014_000000526794.jpg,the couch next to the coffee table,relation,couch,1.0,1,0.17321348419117644,overlap,overlap,nonzero_remained_nonzero,0.956295194781276,0.8694788971209169,-0.08681629766035914,"[2.0,249.0,275.0,415.0]","[0.0,250.0,304.0,415.0]","[0.0,247.69,274.19,419.52]",True,,,0.0,,,0.0
t4_caption_grounding,hallu_000992_COCO_train2014_000000080931,COCO_train2014_000000080931.jpg,the child in front of the pizza,relation,person,1.0,1,0.1284768001302083,overlap,overlap,nonzero_remained_nonzero,0.9406358059155064,0.9643135379024932,0.02367773198698675,"[182.0,117.0,374.0,328.0]","[184.0,117.0,375.0,326.0]","[185.51,117.73,377.40999999999997,323.4]",True,,,0.0,,,0.0
t4_caption_grounding,hallu_000993_COCO_train2014_000000203671,COCO_train2014_000000203671.jpg,the horse in front of the person,relation,horse,1.0,1,0.39830877671252923,overlap,overlap,nonzero_remained_nonzero,0.9346631152757681,0.9503983119404487,0.015735196664680595,"[1.0,162.0,440.0,415.0]","[10.0,164.0,445.0,415.0]","[12.83,164.57,437.08,421.14]",True,,,0.0,,,0.0
t4_caption_grounding,hallu_017587_COCO_train2014_000000017587,COCO_train2014_000000017587.jpg,the person holding a cup,relation,person,0.3283308370788309,3,0.06071989239386793,valid_zero,valid_zero,valid_zero_unresolved,0.0,0.0,0.0,"[329.0,44.0,640.0,415.0]","[329.0,45.0,640.0,415.0]","[11.43,125.77,262.03,191.52]",True,wrong_same_category_instance,person,0.9745848553523947,wrong_same_category_instance,person,0.9771727003067158
t4_caption_grounding,hallu_019123_COCO_train2014_000000019123,COCO_train2014_000000019123.jpg,the person sitting in front of the bookshelf,relation,,0.0,0,0.0249755859375,valid_zero,valid_zero,valid_zero_unresolved,0.0,0.0,0.0,"[82.0,368.0,260.0,637.0]","[80.0,367.0,259.0,640.0]","[84.66,265.48,162.16,364.48]",True,other_category_or_reference,person,0.8767177705829826,other_category_or_reference,person,0.8653685843719239
t4_caption_grounding,hallu_027006_COCO_train2014_000000027006,COCO_train2014_000000027006.jpg,the person sitting on the bench,relation,,0.0,0,0.005882725911458334,valid_zero,valid_zero,valid_zero_unresolved,0.0,0.0,0.0,"[120.0,309.0,365.0,586.0]","[120.0,309.0,294.0,586.0]","[117.66,276.69,178.04,306.62]",True,other_category_or_reference,person,0.6991996674406844,other_category_or_reference,person,0.9597826320653511
t4_caption_grounding,hallu_042972_COCO_train2014_000000042972,COCO_train2014_000000042972.jpg,the couch next to the coffee table,relation,,0.0,0,0.007500144531249993,valid_zero,valid_zero,valid_zero_unresolved,0.0,0.0,0.0,"[339.0,204.0,605.0,360.0]","[340.0,205.0,607.0,360.0]","[307.61,189.93,332.39,282.91]",True,other_category_or_reference,couch,0.9354093085592401,other_category_or_reference,couch,0.9309017781301177
t4_caption_grounding,hallu_059582_COCO_train2014_000000059582,COCO_train2014_000000059582.jpg,the green cup next to the pink cup,relation,cup,0.020689645246165404,2,0.004955156250000002,overlap,overlap,nonzero_remained_nonzero,0.011668783511639738,0.011668783511639738,0.0,"[168.0,237.0,450.0,476.0]","[168.0,237.0,450.0,476.0]","[168.27,230.12,273.98,244.52]",True,,,0.0,,,0.0
t4_caption_grounding,hallu_063866_COCO_train2014_000000063866,COCO_train2014_000000063866.jpg,the chair next to the dining table,relation,dining table,0.4422824726375559,2,0.16769125791139242,overlap,valid_zero,nonzero_regressed_to_zero,0.146823410736724,0.0,-0.146823410736724,"[1.0,312.0,640.0,632.0]","[435.0,460.0,597.0,632.0]","[178.63,173.0,415.79,459.0]",True,,,0.0,other_category_or_reference,chair,0.874739486549643
t4_caption_grounding,hallu_073922_COCO_train2014_000000073922,COCO_train2014_000000073922.jpg,the bird next to the apple,relation,bird,0.01793291795014853,1,0.08043238384674134,overlap,valid_zero,nonzero_regressed_to_zero,0.003538170631298261,0.0,-0.003538170631298261,"[140.0,204.0,390.0,332.0]","[140.0,205.0,389.0,336.0]","[148.89,98.46,386.46,204.85]",True,,,0.0,target_annotation_coordinate_mismatch,bird,0.7834630652929067
t4_caption_grounding,hallu_073951_COCO_train2014_000000073951,COCO_train2014_000000073951.jpg,the person holding the frisbee,relation,person,0.1676230931327769,2,0.03610333158995817,overlap,overlap,nonzero_remained_nonzero,0.16836223838051254,0.16711728766424006,-0.0012449507162724804,"[139.0,143.0,336.0,476.0]","[140.0,145.0,336.0,476.0]","[139.06,146.56,198.8,331.44]",True,,,0.0,,,0.0
t4_caption_grounding,hallu_083159_COCO_train2014_000000083159,COCO_train2014_000000083159.jpg,the bowl of sauce next to the pizza,relation,bowl,0.19635582084367023,1,0.03483184625589621,overlap,overlap,nonzero_remained_nonzero,0.17210111172827686,0.1686173337934557,-0.0034837779348211584,"[195.0,0.0,420.0,206.0]","[196.0,0.0,420.0,205.0]","[188.83,0.72,235.17,204.69]",True,,,0.0,,,0.0
t4_caption_grounding,hallu_084815_COCO_train2014_000000084815,COCO_train2014_000000084815.jpg,the chair behind the dining table,relation,chair,0.23067952045412018,1,0.02144108421361502,valid_zero,overlap,valid_zero_recovered,0.0,0.2813128315812201,0.2813128315812201,"[74.0,189.0,603.0,400.0]","[75.0,18.0,240.0,130.0]","[169.14,28.62,246.7,103.99]",True,other_category_or_reference,dining table,0.5959904572326828,,,0.0
t4_caption_grounding,hallu_087518_COCO_train2014_000000087518,COCO_train2014_000000087518.jpg,the cat sitting on the TV stand,relation,person,0.3162654233394911,2,0.09148239583333334,valid_zero,valid_zero,valid_zero_unresolved,0.0,0.0,0.0,"[313.0,357.0,424.0,530.0]","[314.0,357.0,426.0,530.0]","[119.57,191.74,311.01,338.54]",True,other_category_or_reference,cat,0.8375951031162319,other_category_or_reference,cat,0.8451410049461079
t4_caption_grounding,hallu_102290_COCO_train2014_000000102290,COCO_train2014_000000102290.jpg,the person next to the traffic light,relation,person,0.028611183508858492,3,0.023402241341030187,overlap,valid_zero,nonzero_regressed_to_zero,0.027673818767783704,0.0,-0.027673818767783704,"[4.0,28.0,555.0,581.0]","[264.0,395.0,380.0,517.0]","[94.89,184.78,149.32,339.7]",True,,,0.0,partial_or_oversized_region,backpack,0.12885614966988684
t4_caption_grounding,hallu_106499_COCO_train2014_000000106499,COCO_train2014_000000106499.jpg,the man next to the suitcase,relation,person,0.25447825513386013,1,0.11400822656250002,overlap,overlap,nonzero_remained_nonzero,0.010283371630463988,0.010315407912273535,3.2036281809547096e-05,"[290.0,188.0,426.0,605.0]","[290.0,187.0,425.0,605.0]","[137.76,189.35,294.17,413.27]",True,,,0.0,,,0.0
t4_caption_grounding,hallu_109117_COCO_train2014_000000109117,COCO_train2014_000000109117.jpg,the dining table in front of the pizza,relation,chair,0.008424835039264077,11,0.00043123353337236016,valid_zero,valid_zero,valid_zero_unresolved,0.0,0.0,0.0,"[164.0,257.0,502.0,415.0]","[164.0,258.0,502.0,415.0]","[0.0,143.59,206.75,144.16]",True,other_category_or_reference,dining table,0.5114299045378076,other_category_or_reference,dining table,0.5082182586209705
t4_caption_grounding,hallu_113436_COCO_train2014_000000113436,COCO_train2014_000000113436.jpg,the person sitting on the wooden table,relation,person,0.21814200467904635,1,0.030486147540983607,valid_zero,overlap,valid_zero_recovered,0.0,0.21288266531824043,0.21288266531824043,"[212.0,52.0,494.0,415.0]","[86.0,114.0,225.0,390.0]","[85.19,115.68,135.03,282.84]",True,wrong_same_category_instance,person,0.9619247995145689,,,0.0
t4_caption_grounding,hallu_129359_COCO_train2014_000000129359,COCO_train2014_000000129359.jpg,the bowl with sprouts next to the spoon,relation,spoon,0.30084781467074473,0,0.05692230013020836,valid_zero,valid_zero,valid_zero_unresolved,0.0,0.0,0.0,"[291.0,273.0,484.0,356.0]","[290.0,274.0,485.0,356.0]","[192.14,88.95,287.16,272.98]",True,other_category_or_reference,bowl,0.8940530873803051,other_category_or_reference,bowl,0.8840628962346084
t4_caption_grounding,hallu_135796_COCO_train2014_000000135796,COCO_train2014_000000135796.jpg,the bowl on the table,relation,chair,0.038023721542535624,0,0.0035066367187499997,valid_zero,valid_zero,valid_zero_unresolved,0.0,0.0,0.0,"[196.0,275.0,425.0,443.0]","[196.0,275.0,428.0,443.0]","[195.78,194.59,224.82,244.05]",True,other_category_or_reference,bowl,0.8083710609000846,other_category_or_reference,bowl,0.7995083804305677
t4_caption_grounding,hallu_136962_COCO_train2014_000000136962,COCO_train2014_000000136962.jpg,the hot dog in the bun,relation,hot dog,0.47236580370145026,2,0.11111010253906249,overlap,overlap,nonzero_remained_nonzero,0.15694009029827596,0.44562654064745544,0.2886864503491795,"[128.0,24.0,596.0,460.0]","[128.0,24.0,376.0,309.0]","[120.94,27.22,253.09,285.51]",True,,,0.0,,,0.0
t4_caption_grounding,hallu_140291_COCO_train2014_000000140291,COCO_train2014_000000140291.jpg,the person standing next to the truck,relation,person,0.4633034622647672,1,0.06980759765624998,valid_zero,overlap,valid_zero_recovered,0.0,0.4628128021408839,0.4628128021408839,"[178.0,69.0,592.0,476.0]","[40.0,105.0,168.0,467.0]","[43.7,106.92,126.55,365.76]",True,wrong_same_category_instance,person,0.8963095455138932,,,0.0
t4_caption_grounding,hallu_149921_COCO_train2014_000000149921,COCO_train2014_000000149921.jpg,the bench next to the dining table,relation,person,0.489589483901028,10,0.13152041145833335,valid_zero,valid_zero,valid_zero_unresolved,0.0,0.0,0.0,"[370.0,134.0,554.0,410.0]","[369.0,284.0,530.0,476.0]","[127.58,155.96,367.96,324.04]",True,wrong_same_category_instance,person,0.7158787428759152,other_category_or_reference,bench,0.6088917090947261
t4_caption_grounding,hallu_156757_COCO_train2014_000000156757,COCO_train2014_000000156757.jpg,the tie on the person's neck,relation,person,0.030836098376493707,4,0.0100318558951965,overlap,overlap,nonzero_remained_nonzero,0.008883851975349254,0.007876444751487813,-0.0010074072238614416,"[171.0,52.0,360.0,448.0]","[174.0,50.0,362.0,448.0]","[83.37,179.08,197.61,204.82]",True,,,0.0,,,0.0
t4_caption_grounding,hallu_161941_COCO_train2014_000000161941,COCO_train2014_000000161941.jpg,the dining table in front of the kitchen island,relation,book,0.052501192985316705,4,0.014152313590862399,false_rejection,false_rejection,false_rejection_unchanged,0.0,0.0,0.0,null,null,"[308.91,81.35,328.7,304.24]",False,,,0.0,,,0.0
t4_caption_grounding,hallu_167028_COCO_train2014_000000167028,COCO_train2014_000000167028.jpg,the dining table with various dishes,object_only,person,0.3034967725884792,10,0.2884579140625,valid_zero,valid_zero,valid_zero_unresolved,0.0,0.0,0.0,"[0.0,314.0,640.0,476.0]","[0.0,314.0,640.0,476.0]","[7.53,169.02,631.75,310.98]",True,other_category_or_reference,dining table,0.9466180350651993,other_category_or_reference,dining table,0.9466180350651993
t4_caption_grounding,hallu_173791_COCO_train2014_000000173791,COCO_train2014_000000173791.jpg,the catcher behind the batter,relation,person,0.003947140826191602,2,0.0004385395200650763,valid_zero,valid_zero,valid_zero_unresolved,0.0,0.0,0.0,"[141.0,176.0,261.0,360.0]","[140.0,176.0,259.0,360.0]","[121.48,179.62,137.05,187.93]",True,wrong_same_category_instance,person,0.8941523407638444,wrong_same_category_instance,person,0.9158351350882479
t4_caption_grounding,hallu_177440_COCO_train2014_000000177440,COCO_train2014_000000177440.jpg,the teddy bear next to the large bear,relation,person,0.2086195799577791,0,0.05567547936182671,valid_zero,valid_zero,valid_zero_unresolved,0.0,0.0,0.0,"[379.0,228.0,508.0,381.0]","[379.0,228.0,506.0,381.0]","[138.17,165.04,371.35,230.29]",True,other_category_or_reference,teddy bear,0.8416641893574313,other_category_or_reference,teddy bear,0.8287794601418387
t4_caption_grounding,hallu_183653_COCO_train2014_000000183653,COCO_train2014_000000183653.jpg,the dining table in front of the chairs,relation,person,0.304938994141446,4,0.021453643802228407,overlap,overlap,nonzero_remained_nonzero,0.001491435021892125,0.002556004294617868,0.001064569272725743,"[164.0,151.0,392.0,359.0]","[164.0,150.0,392.0,359.0]","[165.48,64.51,221.57,152.39]",True,,,0.0,,,0.0
t4_caption_grounding,hallu_203621_COCO_train2014_000000203621,COCO_train2014_000000203621.jpg,the cat on the desk,relation,cat,0.4094414480285409,1,0.2118855448154657,overlap,overlap,nonzero_remained_nonzero,0.3940410330435706,0.38409252306803393,-0.009948509975536646,"[77.0,177.0,630.0,516.0]","[78.0,179.0,640.0,516.0]","[112.58,171.31,527.42,357.31]",True,,,0.0,,,0.0
t4_caption_grounding,hallu_212070_COCO_train2014_000000212070,COCO_train2014_000000212070.jpg,the umbrella held by the person,relation,umbrella,0.014260724806676195,3,0.030940409104215444,valid_zero,valid_zero,valid_zero_unresolved,0.0,0.0,0.0,"[274.0,144.0,552.0,415.0]","[274.0,145.0,550.0,415.0]","[234.85,82.42,405.15,132.07]",True,wrong_same_category_instance,umbrella,0.9571985555922291,wrong_same_category_instance,umbrella,0.9503746896212659
t4_caption_grounding,hallu_223348_COCO_train2014_000000223348,COCO_train2014_000000223348.jpg,the person next to the donuts,relation,person,0.27729288293319826,2,0.12322540983606554,overlap,overlap,nonzero_remained_nonzero,0.2884010664744501,0.2899746339213652,0.001573567446915114,"[152.0,31.0,392.0,415.0]","[154.0,30.0,392.0,415.0]","[213.0,132.42,427.0,289.78]",True,,,0.0,,,0.0
t4_caption_grounding,hallu_226357_COCO_train2014_000000226357,COCO_train2014_000000226357.jpg,the person in front of the TV,relation,person,0.15195759958050195,1,0.02895566150700935,overlap,overlap,nonzero_remained_nonzero,0.14896579520697167,0.08855147318055426,-0.060414322026417416,"[122.0,109.0,296.0,415.0]","[0.0,14.0,156.0,415.0]","[126.88,115.34,167.16,312.25]",True,,,0.0,,,0.0
t4_caption_grounding,hallu_237831_COCO_train2014_000000237831,COCO_train2014_000000237831.jpg,the baby in the high chair,relation,person,0.08881469835447009,1,0.03670043032786884,valid_zero,valid_zero,valid_zero_unresolved,0.0,0.0,0.0,"[110.0,397.0,282.0,637.0]","[109.0,397.0,284.0,635.0]","[113.32,245.22,180.38,394.78]",True,wrong_same_category_instance,person,0.899035628657246,wrong_same_category_instance,person,0.8975031620860863
t4_caption_grounding,hallu_239616_COCO_train2014_000000239616,COCO_train2014_000000239616.jpg,the teddy bear next to the person,relation,teddy bear,0.9146276009402465,2,0.5489667187299757,overlap,overlap,nonzero_remained_nonzero,0.9178869606154294,0.9161205353077142,-0.0017664253077152026,"[20.0,21.0,408.0,596.0]","[20.0,24.0,408.0,596.0]","[19.21,21.96,393.82,570.83]",True,,,0.0,,,0.0
t4_caption_grounding,hallu_242145_COCO_train2014_000000242145,COCO_train2014_000000242145.jpg,the suitcase next to the blue drum case,relation,person,0.0431466296605302,11,0.006431343749999989,overlap,valid_zero,nonzero_regressed_to_zero,0.01033976008422211,0.0,-0.01033976008422211,"[142.0,185.0,351.0,408.0]","[345.0,186.0,427.0,360.0]","[98.16,179.05,326.83,187.69]",True,,,0.0,other_category_or_reference,suitcase,0.7631626452977741
t4_caption_grounding,hallu_246641_COCO_train2014_000000246641,COCO_train2014_000000246641.jpg,the person sitting at the table,relation,person,0.97981569984819,1,0.06814127604166667,false_rejection,false_rejection,false_rejection_unchanged,0.0,0.0,0.0,null,null,"[0.94,1.41,165.94,96.56]",False,,,0.0,,,0.0
t4_caption_grounding,hallu_248957_COCO_train2014_000000248957,COCO_train2014_000000248957.jpg,the chair behind the computer,relation,chair,0.2013801942863129,1,0.028965720052083335,overlap,overlap,nonzero_remained_nonzero,0.3036484141029236,0.30754644571049133,0.0038980316075677424,"[173.0,24.0,330.0,156.0]","[174.0,25.0,330.0,156.0]","[174.98,27.61,228.72,193.19]",True,,,0.0,,,0.0
t4_caption_grounding,hallu_252810_COCO_train2014_000000252810,COCO_train2014_000000252810.jpg,the giraffe next to the bird,relation,giraffe,0.578363596921586,1,0.2132616203161592,false_rejection,false_rejection,false_rejection_unchanged,0.0,0.0,0.0,null,null,"[86.36,67.17,288.82,355.03]",False,,,0.0,,,0.0
t4_caption_grounding,hallu_269532_COCO_train2014_000000269532,COCO_train2014_000000269532.jpg,the person next to the sheep,relation,person,0.4906325362471783,3,0.07312701171875,overlap,valid_zero,nonzero_regressed_to_zero,0.44264651204284494,0.0,-0.44264651204284494,"[179.0,54.0,288.0,263.0]","[364.0,45.0,570.0,289.0]","[191.17,45.65,361.89,221.1]",True,,,0.0,wrong_same_category_instance,person,0.8239845595120142
t4_caption_grounding,hallu_273951_COCO_train2014_000000273951,COCO_train2014_000000273951.jpg,the backpack on the person's back,relation,person,0.31022110437420725,2,0.23081512638403262,overlap,overlap,nonzero_remained_nonzero,0.11712692910306688,0.11326997470619146,-0.003856954396875417,"[432.0,139.0,640.0,415.0]","[435.0,139.0,640.0,415.0]","[122.57,130.37,514.8,291.94]",True,,,0.0,,,0.0
t4_caption_grounding,hallu_278293_COCO_train2014_000000278293,COCO_train2014_000000278293.jpg,the couch next to the suitcase,relation,potted plant,0.26322860957321714,0,0.028131217798594843,overlap,overlap,nonzero_remained_nonzero,0.016729608898887888,0.016541780125988826,-0.00018782877289906172,"[152.0,169.0,513.0,307.0]","[154.0,169.0,513.0,308.0]","[150.6,136.83,359.96,173.55]",True,,,0.0,,,0.0
t4_caption_grounding,hallu_280059_COCO_train2014_000000280059,COCO_train2014_000000280059.jpg,the horse in front of the cart,relation,horse,0.3115916265168964,1,0.09625552205023366,overlap,overlap,nonzero_remained_nonzero,0.3090930689987772,0.3064032444221585,-0.0026898245766187046,"[146.0,97.0,404.0,415.0]","[147.0,98.0,405.0,415.0]","[142.67,98.49,256.8,329.51]",True,,,0.0,,,0.0
t4_caption_grounding,hallu_282339_COCO_train2014_000000282339,COCO_train2014_000000282339.jpg,the person holding the cell phone,relation,person,0.22335198408010165,1,0.10343254296874999,overlap,overlap,nonzero_remained_nonzero,0.22380037062027722,0.22139450596449675,-0.0024058646557804653,"[42.0,122.0,368.0,476.0]","[40.0,125.0,368.0,476.0]","[272.18,71.19,367.82,403.42]",True,,,0.0,,,0.0
t4_caption_grounding,hallu_284835_COCO_train2014_000000284835,COCO_train2014_000000284835.jpg,the oven in front of the person,relation,person,0.0332008320309866,2,0.030722703820257616,overlap,overlap,nonzero_remained_nonzero,0.020990548355329396,0.02197356384164989,0.0009830154863204946,"[258.0,40.0,450.0,352.0]","[260.0,45.0,448.0,279.0]","[207.66,77.71,268.11,216.6]",True,,,0.0,,,0.0
t4_caption_grounding,hallu_285679_COCO_train2014_000000285679,COCO_train2014_000000285679.jpg,the car in front of the truck,relation,truck,0.010422552867337561,1,0.017760559865339573,valid_zero,valid_zero,valid_zero_unresolved,0.0,0.0,0.0,"[347.0,302.0,500.0,370.0]","[348.0,305.0,506.0,370.0]","[151.27,82.33,174.25,293.54]",True,other_category_or_reference,car,0.5437743993812736,other_category_or_reference,car,0.5761589836823899
t4_caption_grounding,hallu_286132_COCO_train2014_000000286132,COCO_train2014_000000286132.jpg,the person holding skis,relation,person,0.4684507210536542,1,0.09423499479166667,overlap,overlap,nonzero_remained_nonzero,0.0010260666134814598,0.001011009420799799,-1.5057192681660735e-05,"[170.0,243.0,385.0,635.0]","[170.0,245.0,386.0,634.0]","[50.64,120.87,170.98,361.43]",True,,,0.0,,,0.0
t4_caption_grounding,hallu_294353_COCO_train2014_000000294353,COCO_train2014_000000294353.jpg,the vase in front of the potted plant,relation,vase,0.09903362817638209,2,0.016850181746861932,false_rejection,false_rejection,false_rejection_unchanged,0.0,0.0,0.0,null,null,"[76.22,269.94,155.33,335.1]",False,,,0.0,,,0.0
t4_caption_grounding,hallu_309292_COCO_train2014_000000309292,COCO_train2014_000000309292.jpg,the bowl in front of the spoon,relation,cup,0.19291470393974877,2,0.026685135135135127,valid_zero,valid_zero,valid_zero_unresolved,0.0,0.0,0.0,"[157.0,172.0,311.0,308.0]","[157.0,174.0,310.0,308.0]","[10.5,132.0,156.75,162.38]",True,other_category_or_reference,bowl,0.9602449502735869,other_category_or_reference,bowl,0.9399907055109354
t4_caption_grounding,hallu_311067_COCO_train2014_000000311067,COCO_train2014_000000311067.jpg,the airplane next to the terminal,relation,airplane,0.3851702558721484,1,0.10781079334365325,false_rejection,false_rejection,false_rejection_unchanged,0.0,0.0,0.0,null,null,"[43.55,73.31,452.93,127.75]",False,,,0.0,,,0.0
t4_caption_grounding,hallu_313617_COCO_train2014_000000313617,COCO_train2014_000000313617.jpg,the dining table with the pizza on it,relation,dining table,0.9861653817720984,1,0.3590509635416667,overlap,overlap,nonzero_remained_nonzero,0.36378070783847916,0.3620681985294118,-0.001712509309067356,"[1.0,3.0,640.0,470.0]","[0.0,0.0,640.0,476.0]","[0.0,6.55,236.24,473.45]",True,,,0.0,,,0.0
t4_caption_grounding,hallu_313873_COCO_train2014_000000313873,COCO_train2014_000000313873.jpg,the person holding a cell phone,relation,person,0.45626561305105273,2,0.14888072963390148,valid_zero,valid_zero,valid_zero_unresolved,0.0,0.0,0.0,"[317.0,34.0,595.0,596.0]","[340.0,35.0,596.0,597.0]","[123.78,45.38,248.92,490.98]",True,wrong_same_category_instance,person,0.9089264559993104,wrong_same_category_instance,person,0.831374051996307
t4_caption_grounding,hallu_329239_COCO_train2014_000000329239,COCO_train2014_000000329239.jpg,the car parked behind the tennis court,relation,car,0.32290865370081334,3,0.07209295411299765,overlap,valid_zero,nonzero_regressed_to_zero,0.059546982538440464,0.0,-0.059546982538440464,"[11.0,54.0,210.0,392.0]","[425.0,67.0,580.0,210.0]","[140.23,66.42,421.48,136.47]",True,,,0.0,wrong_same_category_instance,car,0.8175047209274302
t4_caption_grounding,hallu_333225_COCO_train2014_000000333225,COCO_train2014_000000333225.jpg,the broccoli next to the carrot,relation,broccoli,0.9882066276803119,2,0.0592676924951267,overlap,overlap,nonzero_remained_nonzero,0.0010609687641398122,0.0012264050189958857,0.00016543625485607345,"[172.0,99.0,378.0,333.0]","[174.0,98.0,375.0,336.0]","[0.0,1.21,191.92,102.6]",True,,,0.0,,,0.0
t4_caption_grounding,hallu_351242_COCO_train2014_000000351242,COCO_train2014_000000351242.jpg,the hot dog on the blue plate,relation,chair,0.12840030833075472,0,0.039099312307098774,overlap,valid_zero,nonzero_regressed_to_zero,0.00019677552314031836,0.0,-0.00019677552314031836,"[209.0,288.0,634.0,455.0]","[456.0,287.0,635.0,450.0]","[129.22,149.81,210.41,299.6]",True,,,0.0,other_category_or_reference,hot dog,0.8460691482280919
t4_caption_grounding,hallu_351686_COCO_train2014_000000351686,COCO_train2014_000000351686.jpg,the banana next to the apple,relation,banana,0.7242848965600005,1,0.25854040494791664,overlap,overlap,nonzero_remained_nonzero,0.2598616552888902,0.26126619454829897,0.0014045392594087547,"[189.0,98.0,490.0,367.0]","[189.0,97.0,486.0,365.0]","[106.91,19.04,527.43,207.91]",True,,,0.0,,,0.0
t4_caption_grounding,hallu_354716_COCO_train2014_000000354716,COCO_train2014_000000354716.jpg,the chair in front of the couch,relation,chair,0.27562820774406094,2,0.005277744140625001,overlap,overlap,nonzero_remained_nonzero,0.002654463953851173,0.001812815404573444,-0.0008416485492777292,"[134.0,260.0,310.0,470.0]","[134.0,260.0,389.0,475.0]","[135.28,216.57,170.26,262.92]",True,,,0.0,,,0.0
t4_caption_grounding,hallu_359529_COCO_train2014_000000359529,COCO_train2014_000000359529.jpg,the dog on the TV screen,relation,tv,0.029762029470338236,0,0.05222265600000002,overlap,overlap,nonzero_remained_nonzero,0.027120074370335447,0.024881699075674495,-0.0022383752946609527,"[273.0,0.0,500.0,257.0]","[274.0,0.0,500.0,260.0]","[213.64,35.04,286.36,169.69]",True,,,0.0,,,0.0
t4_caption_grounding,hallu_364293_COCO_train2014_000000364293,COCO_train2014_000000364293.jpg,the person next to the dishwasher,relation,person,0.8005547102216917,1,0.2549042187500001,valid_zero,overlap,valid_zero_recovered,0.0,0.7463250194758431,0.7463250194758431,"[374.0,94.0,476.0,560.0]","[0.0,107.0,194.0,640.0]","[0.0,103.55,188.4,519.19]",True,wrong_same_category_instance,person,0.8758756913974912,,,0.0
t4_caption_grounding,hallu_365696_COCO_train2014_000000365696,COCO_train2014_000000365696.jpg,the horse next to the person,relation,horse,0.3732524321654502,1,0.08892256279205608,overlap,overlap,nonzero_remained_nonzero,0.20060348364684685,0.19916644876119113,-0.0014370348856557191,"[98.0,139.0,424.0,388.0]","[98.0,140.0,425.0,387.0]","[32.22,138.98,270.6,241.16]",True,,,0.0,,,0.0
t4_caption_grounding,hallu_374924_COCO_train2014_000000374924,COCO_train2014_000000374924.jpg,the person holding the baseball bat,relation,person,0.08677339729334221,1,0.08935288020833333,valid_zero,valid_zero,valid_zero_unresolved,0.0,0.0,0.0,"[288.0,127.0,429.0,466.0]","[289.0,127.0,429.0,465.0]","[144.54,126.82,285.58,321.44]",True,wrong_same_category_instance,person,0.9251542661079146,wrong_same_category_instance,person,0.9215618508390498
t4_caption_grounding,hallu_385037_COCO_train2014_000000385037,COCO_train2014_000000385037.jpg,the person sitting on the motorcycle,relation,person,0.6887404555688103,1,0.2794304596202003,overlap,overlap,nonzero_remained_nonzero,0.7097310128949836,0.7031114700300193,-0.006619542864964356,"[170.0,65.0,393.0,530.0]","[170.0,64.0,395.0,528.0]","[161.03,22.58,358.2,565.88]",True,,,0.0,,,0.0
t4_caption_grounding,hallu_389292_COCO_train2014_000000389292,COCO_train2014_000000389292.jpg,the dining table with plates and glasses,relation,person,0.4583517769554488,3,0.11493048155737703,overlap,overlap,nonzero_remained_nonzero,0.03328328712715598,0.03341793084226151,0.00013464371510552714,"[0.0,309.0,490.0,415.0]","[0.0,309.0,465.0,420.0]","[33.83,92.35,166.41,329.25]",True,,,0.0,,,0.0
t4_caption_grounding,hallu_390567_COCO_train2014_000000390567,COCO_train2014_000000390567.jpg,the yellow truck next to the white car,relation,,0.0,0,0.0057254746338912,overlap,valid_zero,nonzero_regressed_to_zero,0.00599974308161695,0.0,-0.00599974308161695,"[155.0,162.0,458.0,313.0]","[156.0,164.0,457.0,310.0]","[155.59,152.05,303.15,163.92]",True,,,0.0,other_category_or_reference,truck,0.9534004538447362
t4_caption_grounding,hallu_406509_COCO_train2014_000000406509,COCO_train2014_000000406509.jpg,the pizza on the table,relation,chair,0.29092564210856703,10,0.09337698219476742,overlap,overlap,nonzero_remained_nonzero,0.05932673275524579,0.001408786893098325,-0.05791794586214746,"[334.0,28.0,623.0,330.0]","[356.0,290.0,584.0,397.0]","[211.04,99.72,367.58,296.71]",True,,,0.0,,,0.0
t4_caption_grounding,hallu_421876_COCO_train2014_000000421876,COCO_train2014_000000421876.jpg,the person in front of the TV,relation,tv,0.027699670684024277,0,0.008064753906249998,overlap,overlap,nonzero_remained_nonzero,0.004959631386470373,0.013914818957690032,0.008955187571219658,"[192.0,48.0,382.0,476.0]","[190.0,48.0,385.0,476.0]","[186.61,48.54,193.08,431.46]",True,,,0.0,,,0.0
t4_caption_grounding,hallu_426149_COCO_train2014_000000426149,COCO_train2014_000000426149.jpg,the person next to the table,relation,person,0.2967103208010519,3,0.1297065429333333,overlap,overlap,nonzero_remained_nonzero,0.19758887702252578,0.20341797835917244,0.005829101336646658,"[48.0,72.0,175.0,350.0]","[50.0,74.0,176.0,348.0]","[84.73,111.66,307.89,220.64]",True,,,0.0,,,0.0
t4_caption_grounding,hallu_431902_COCO_train2014_000000431902,COCO_train2014_000000431902.jpg,the person sitting next to the table,relation,person,0.40568290243348154,3,0.0593115448943662,false_rejection,false_rejection,false_rejection_unchanged,0.0,0.0,0.0,null,null,"[44.77,112.36,149.05,267.43]",False,,,0.0,,,0.0
t4_caption_grounding,hallu_436539_COCO_train2014_000000436539,COCO_train2014_000000436539.jpg,the chair next to the dining table,relation,refrigerator,0.22472490019319213,0,0.05359986979166666,valid_zero,overlap,valid_zero_recovered,0.0,0.014391562891166552,0.014391562891166552,"[159.0,182.0,311.0,320.0]","[116.0,347.0,289.0,635.0]","[2.0,263.61,148.0,376.39]",True,other_category_or_reference,person,0.9391099941719737,,,0.0
t4_caption_grounding,hallu_459184_COCO_train2014_000000459184,COCO_train2014_000000459184.jpg,the person holding a cell phone,relation,person,0.30823066546973166,1,0.1254091801757812,overlap,overlap,nonzero_remained_nonzero,0.24041389156046603,0.23994449457991174,-0.00046939698055428747,"[120.0,135.0,550.0,598.0]","[120.0,135.0,549.0,600.0]","[204.68,114.59,343.07,485.77]",True,,,0.0,,,0.0
t4_caption_grounding,hallu_459363_COCO_train2014_000000459363,COCO_train2014_000000459363.jpg,the person next to the handbag,relation,person,0.9917795331485239,1,0.5862030814096267,overlap,overlap,nonzero_remained_nonzero,0.9508675838177223,0.9419891278881825,-0.008878455929539841,"[0.0,12.0,378.0,504.0]","[0.0,14.0,376.0,504.0]","[2.29,1.14,384.32,501.0]",True,,,0.0,,,0.0
t4_caption_grounding,hallu_464967_COCO_train2014_000000464967,COCO_train2014_000000464967.jpg,the oven in front of the person,relation,oven,0.009046619464516563,3,0.06868906738281251,false_rejection,false_rejection,false_rejection_unchanged,0.0,0.0,0.0,null,null,"[99.46,170.81,230.11,332.32]",False,,,0.0,,,0.0
t4_caption_grounding,hallu_485761_COCO_train2014_000000485761,COCO_train2014_000000485761.jpg,the white chair next to the brown chair,relation,chair,0.13419085666633843,1,0.034102695312499993,overlap,overlap,nonzero_remained_nonzero,0.1230516113875371,0.12408702513982488,0.0010354137522877727,"[184.0,128.0,422.0,464.0]","[184.0,129.0,420.0,465.0]","[181.21,132.31,232.81,335.34]",True,,,0.0,,,0.0
t4_caption_grounding,hallu_485800_COCO_train2014_000000485800,COCO_train2014_000000485800.jpg,the person standing next to the chair,relation,person,0.3642961942374434,3,0.05292692024539876,overlap,overlap,nonzero_remained_nonzero,0.1857742346498384,0.20315591082814946,0.017381676178311073,"[59.0,131.0,131.0,413.0]","[58.0,130.0,146.0,413.0]","[70.79,162.92,185.39,238.2]",True,,,0.0,,,0.0
t4_caption_grounding,hallu_487284_COCO_train2014_000000487284,COCO_train2014_000000487284.jpg,the couch next to the person,relation,person,0.2759865474252567,5,0.24854823723591554,overlap,overlap,nonzero_remained_nonzero,0.02516081324585696,0.02516081324585696,0.0,"[20.0,269.0,204.0,415.0]","[20.0,269.0,204.0,415.0]","[113.49,130.59,526.51,294.66]",True,,,0.0,,,0.0
t4_caption_grounding,hallu_496374_COCO_train2014_000000496374,COCO_train2014_000000496374.jpg,the pizza on the cooling rack,relation,pizza,0.1475444571149589,1,0.04356930978997292,valid_zero,valid_zero,valid_zero_unresolved,0.0,0.0,0.0,"[337.0,67.0,601.0,275.0]","[336.0,65.0,604.0,278.0]","[262.03,68.82,334.17,211.45]",True,wrong_same_category_instance,pizza,0.9396141061174115,wrong_same_category_instance,pizza,0.9374290231285797
t4_caption_grounding,hallu_502148_COCO_train2014_000000502148,COCO_train2014_000000502148.jpg,the bed next to the suitcase,relation,suitcase,0.21170141729480757,0,0.054408524739583325,valid_zero,overlap,valid_zero_recovered,0.0,0.002710258544540308,0.002710258544540308,"[114.0,348.0,476.0,637.0]","[109.0,346.0,476.0,635.0]","[107.62,284.13,372.38,347.26]",True,other_category_or_reference,bed,0.9513334063225214,,,0.0
t4_caption_grounding,hallu_508200_COCO_train2014_000000508200,COCO_train2014_000000508200.jpg,the bowl with chips next to the orange,relation,bowl,0.807287105107907,1,0.18839904342723002,overlap,overlap,nonzero_remained_nonzero,0.0330210679856778,0.827245507463245,0.7942244394775672,"[253.0,107.0,640.0,412.0]","[40.0,15.0,346.0,217.0]","[39.34,15.35,307.02,207.24]",True,,,0.0,,,0.0
t4_caption_grounding,hallu_512515_COCO_train2014_000000512515,COCO_train2014_000000512515.jpg,the chair next to the couch,relation,tv,0.15048535026253107,0,0.048149721098643,valid_zero,valid_zero,valid_zero_unresolved,0.0,0.0,0.0,"[0.0,229.0,285.0,476.0]","[0.0,324.0,285.0,476.0]","[26.38,160.25,243.61,228.2]",True,other_category_or_reference,chair,0.5920446295834186,other_category_or_reference,couch,0.9552688943504112
t4_caption_grounding,hallu_522062_COCO_train2014_000000522062,COCO_train2014_000000522062.jpg,the person holding a wine glass,relation,person,0.1951969038446376,2,0.07816964924924923,overlap,overlap,nonzero_remained_nonzero,0.12012903254929588,0.12037718722927312,0.0002481546799772416,"[16.0,96.0,203.0,498.0]","[16.0,97.0,204.0,500.0]","[85.99,166.61,247.01,247.44]",True,,,0.0,,,0.0
t4_caption_grounding,hallu_527863_COCO_train2014_000000527863,COCO_train2014_000000527863.jpg,the broccoli next to the potatoes,relation,broccoli,0.1863254462787846,3,0.03769630533854167,overlap,overlap,nonzero_remained_nonzero,0.06530541875336945,0.06530541875336945,0.0,"[260.0,54.0,640.0,350.0]","[260.0,54.0,640.0,350.0]","[128.59,147.21,511.41,177.46]",True,,,0.0,,,0.0
t4_caption_grounding,hallu_543695_COCO_train2014_000000543695,COCO_train2014_000000543695.jpg,the person holding a tennis racket,relation,tennis racket,0.11986815779903882,1,0.08149286301963046,overlap,valid_zero,nonzero_regressed_to_zero,0.004609651800492919,0.0,-0.004609651800492919,"[194.0,40.0,316.0,410.0]","[430.0,25.0,637.0,409.0]","[128.06,41.0,194.92,378.77]",True,,,0.0,other_category_or_reference,person,0.569012582002038
t4_caption_grounding,hallu_545351_COCO_train2014_000000545351,COCO_train2014_000000545351.jpg,the person in the yellow jacket,attribute,person,0.11935483458239143,1,0.009365321626752347,overlap,overlap,nonzero_remained_nonzero,0.001315853950761288,0.0013061045505870694,-9.7494001742185e-06,"[178.0,263.0,304.0,578.0]","[178.0,264.0,305.0,579.0]","[116.53,264.39,179.36,305.22]",True,,,0.0,,,0.0
t4_caption_grounding,hallu_559865_COCO_train2014_000000559865,COCO_train2014_000000559865.jpg,the bear next to the truck,relation,bear,0.08602634143371803,2,0.023682498301630436,overlap,overlap,nonzero_remained_nonzero,0.08486909412985227,0.08663802155628568,0.001768927426433406,"[70.0,100.0,212.0,316.0]","[70.0,98.0,214.0,316.0]","[161.27,134.6,261.05,190.5]",True,,,0.0,,,0.0
t4_caption_grounding,hallu_561406_COCO_train2014_000000561406,COCO_train2014_000000561406.jpg,the chair in front of the dining table,relation,person,0.3259025450742762,4,0.11113049479166665,overlap,overlap,nonzero_remained_nonzero,0.007008381183989444,0.005102947214824365,-0.0019054339691650787,"[33.0,374.0,299.0,476.0]","[40.0,375.0,298.0,476.0]","[43.15,94.92,163.95,377.53]",True,,,0.0,,,0.0
t4_caption_grounding,hallu_561655_COCO_train2014_000000561655,COCO_train2014_000000561655.jpg,the colorful umbrella in front of the person,relation,umbrella,0.06664355894712184,2,0.01950314329625293,overlap,overlap,nonzero_remained_nonzero,0.06487911138161899,0.06320792912881573,-0.0016711822528032577,"[252.0,150.0,562.0,415.0]","[250.0,149.0,567.0,415.0]","[254.28,156.11,304.18,262.92]",True,,,0.0,,,0.0
t4_caption_grounding,hallu_563601_COCO_train2014_000000563601,COCO_train2014_000000563601.jpg,the bowl next to the orange,relation,bowl,0.1258472606285094,2,0.04031175591960353,overlap,valid_zero,nonzero_regressed_to_zero,0.10829311945266273,0.0,-0.10829311945266273,"[4.0,182.0,420.0,442.0]","[405.0,189.0,627.0,427.0]","[218.33,191.63,402.99,255.06]",True,,,0.0,wrong_same_category_instance,bowl,0.8838221831069836
t4_caption_grounding,hallu_565476_COCO_train2014_000000565476,COCO_train2014_000000565476.jpg,the apple in front of the bananas,relation,banana,0.09070311476594935,3,0.07031839999999999,valid_zero,valid_zero,valid_zero_unresolved,0.0,0.0,0.0,"[131.0,246.0,335.0,327.0]","[130.0,246.0,335.0,327.0]","[130.19,84.23,204.47,239.01]",True,other_category_or_reference,apple,0.8731607772255717,other_category_or_reference,apple,0.875737383920357
t4_caption_grounding,hallu_573931_COCO_train2014_000000573931,COCO_train2014_000000573931.jpg,the glass of juice on the table,relation,,0.0,0,0.00012180811867230534,valid_zero,valid_zero,valid_zero_unresolved,0.0,0.0,0.0,"[336.0,320.0,573.0,601.0]","[335.0,320.0,604.0,602.0]","[302.56,291.56,305.31,308.15]",True,other_category_or_reference,cup,0.9461220040123423,other_category_or_reference,dining table,0.8470296987370662
