base_sample_id,image_filename,query,audited_tasks,query_binds_gt_target,target_category,apparent_gender,gender_evidence,gender_review_flag,colors,materials,other_attributes,actions_or_states,supported_atoms,contradicted_atoms,not_visible_atoms,disambiguating_cues,instance_confusion_risk,likely_zero_iou_cause,reason
hallu_000005_COCO_train2014_000000039527,COCO_train2014_000000039527.jpg,the teddy bear next to the person,t2_vqa_grounding|t4_caption_grounding,yes,teddy bear,not_applicable,,not_applicable,"[{""part"":""body"",""value"":""pink"",""confidence"":""high"",""evidence"":""entire visible plush body is vivid pink; fur appears uniformly colored""},{""part"":""ears"",""value"":""pink"",""confidence"":""high"",""evidence"":""ears are same pink as body, slightly lighter due to lighting but no distinct color difference""},{""part"":""snout/nose area"",""value"":""light pink or off-white"",""confidence"":""medium"",""evidence"":""small triangular patch near nose appears paler than main body, possibly stitched fabric or lighter fur""}]","[{""part"":""body"",""value"":""plush/fuzzy fabric"",""confidence"":""high"",""evidence"":""soft, long-pile texture visible; light reflects diffusely, characteristic of plush toys""},{""part"":""eyes"",""value"":""black plastic or embroidered"",""confidence"":""medium"",""evidence"":""two small dark circular features; too blurry to confirm material, but consistent with standard teddy bear eyes""}]","[{""attribute"":""size relative to person"",""confidence"":""high"",""evidence"":""occupies significant portion of head/shoulder area; appears medium-large plush toy""},{""attribute"":""positioned on person's head/upper chest"",""confidence"":""high"",""evidence"":""rests directly on person’s forehead/hairline, partially covering hair""}]","[{""value"":""lying still"",""confidence"":""high"",""evidence"":""no motion blur; static pose resting on person""}]","[{""atom"":""the teddy bear"",""type"":""object"",""verdict"":""supported"",""evidence"":""gt box contains a plush bear-shaped object with typical features (round head, ears, snout)""},{""atom"":""next to the person"",""type"":""relation"",""verdict"":""supported"",""evidence"":""pink teddy bear is in direct contact with person’s head/hair; spatially adjacent""}]",[],[],"[""pink color (distinct from brown/yellow bears)"", ""position directly on person’s head/forehead"", ""larger size compared to foreground brown bear"", ""no ribbon or accessory (unlike brown bear with orange ribbon)"", ""not being held (unlike yellow-brown bear)""]",high,same_category_instance_confusion,"The referring expression correctly describes the GT target, a pink teddy bear resting on the person's head. However, the presence of multiple other teddy bears in the scene (a brown one with a ribbon, a yellow-brown one being held) caused the baseline models to select the wrong same-category instances."
hallu_000007_COCO_train2014_000000139152,COCO_train2014_000000139152.jpg,the car behind the bird,t4_caption_grounding,yes,car,not_applicable,,not_applicable,"[{""part"":""body"",""value"":""light gray or silver"",""confidence"":""medium"",""evidence"":""blurred but consistent with light metallic tone; bokeh highlights suggest reflective surface""}]","[{""part"":""body"",""value"":""metallic paint"",""confidence"":""medium"",""evidence"":""soft specular highlights and smooth gradient across blurred surface, typical of painted metal""}]","[{""attribute"":""vehicle type: sedan-like"",""confidence"":""low"",""evidence"":""blurred silhouette shows a roofline and window shape consistent with a passenger car, possibly sedan; no clear wheels or grille""}]","[{""value"":""stationary"",""confidence"":""high"",""evidence"":""no motion blur; positioned behind bird on static car roof; background bokeh suggests camera focus on foreground, not motion""}]","[{""atom"":""car"",""type"":""object"",""verdict"":""supported"",""evidence"":""GT box contains a vehicle-shaped blurred object consistent with a car""},{""atom"":""behind the bird"",""type"":""relation"",""verdict"":""supported"",""evidence"":""bird is in sharp focus on foreground car roof; GT-boxed object is out-of-focus in background, confirming spatial relation 'behind'""}]",[],[],"[""depth blur: GT object is significantly more out-of-focus than the bird, confirming it is behind"", ""relative position: GT box is directly above and behind the bird in the image plane, matching 'behind the bird'"", ""shape: elongated horizontal form with window-like dark band, consistent with car side profile""]",high,same_category_instance_confusion,"The referring expression specifies the car behind the bird. The GT box correctly encloses the background car, while the baseline incorrectly grounds the foreground car the bird is standing on, resulting in same-category instance confusion and zero IoU."
hallu_000008_COCO_train2014_000000500224,COCO_train2014_000000500224.jpg,the catcher in the blue uniform,t4_caption_grounding,yes,person,male_presenting,"short hair visible under helmet, facial features and body proportions consistent with male-presenting child",no_automatic_flag,"[{""part"":""chest protector"",""value"":""blue"",""confidence"":""high"",""evidence"":""vibrant royal blue padded vest with vertical ridges""},{""part"":""helmet"",""value"":""black"",""confidence"":""high"",""evidence"":""glossy black catcher's helmet with face guard""},{""part"":""glove"",""value"":""tan/brown"",""confidence"":""high"",""evidence"":""worn leather catcher's mitt, light brown/tan""},{""part"":""pants"",""value"":""black"",""confidence"":""high"",""evidence"":""black baseball pants, slightly dusty""},{""part"":""shoes"",""value"":""black"",""confidence"":""high"",""evidence"":""black athletic cleats""}]","[{""part"":""chest protector"",""value"":""padded fabric/plastic"",""confidence"":""high"",""evidence"":""rigid segmented padding covered in blue fabric""},{""part"":""glove"",""value"":""leather"",""confidence"":""high"",""evidence"":""grainy texture and stitching typical of leather mitt""},{""part"":""helmet"",""value"":""plastic/composite"",""confidence"":""high"",""evidence"":""smooth glossy surface, rigid shape""}]","[{""attribute"":""wearing full catcher's gear"",""confidence"":""high"",""evidence"":""helmet, face mask, chest protector, shin guards, and mitt all present""},{""attribute"":""kneeling on dirt field"",""confidence"":""high"",""evidence"":""knees on ground, posture typical of catcher receiving pitch""}]","[{""value"":""crouching/kneeling in ready position"",""confidence"":""high"",""evidence"":""body low to ground, glove forward, eyes focused ahead""}]","[{""atom"":""the catcher"",""type"":""object"",""verdict"":""supported"",""evidence"":""Person is wearing full catcher's equipment and is in catcher's stance.""},{""atom"":""in the blue uniform"",""type"":""color"",""verdict"":""supported"",""evidence"":""Chest protector is distinctly blue, acting as the dominant visible uniform element.""},{""atom"":""person"",""type"":""object"",""verdict"":""supported"",""evidence"":""Human figure with clear head, torso, limbs.""}]",[],[],"[""blue chest protector"", ""full catcher's gear including mitt and shin guards"", ""kneeling posture specific to catcher role""]",medium,same_category_instance_confusion,"The referring expression accurately describes the GT target, a male-presenting child in full catcher's gear with a prominent blue chest protector. The baseline model failed by selecting a different child in a blue t-shirt, indicating same-category instance confusion based on the color blue."
hallu_000012_COCO_train2014_000000567301,COCO_train2014_000000567301.jpg,the couch next to the vase,t2_vqa_grounding|t4_caption_grounding,no,couch,not_applicable,,not_applicable,"[{""part"":""upholstery"",""value"":""cream or off-white"",""confidence"":""high"",""evidence"":""entire visible surface of couch is light neutral tone""},{""part"":""throw blanket"",""value"":""white"",""confidence"":""high"",""evidence"":""light-colored knitted blanket draped over seat""},{""part"":""pillows"",""value"":""cream or off-white"",""confidence"":""high"",""evidence"":""cushions match couch color""}]","[{""part"":""upholstery"",""value"":""leather or faux leather"",""confidence"":""medium"",""evidence"":""smooth surface with subtle sheen and creasing""},{""part"":""throw blanket"",""value"":""knitted fabric"",""confidence"":""high"",""evidence"":""visible knit texture and fringed hem""}]","[{""attribute"":""has remote control on seat"",""confidence"":""high"",""evidence"":""black rectangular object with buttons lying on blanket""},{""attribute"":""three segmented back cushions"",""confidence"":""high"",""evidence"":""clear vertical seams dividing backrest""}]","[{""value"":""woman standing in front"",""confidence"":""high"",""evidence"":""woman in green shirt stands directly in front of couch""}]","[{""atom"":""the couch"",""type"":""object"",""verdict"":""supported"",""evidence"":""green box tightly encloses a cream-colored multi-cushion couch""}]","[{""atom"":""next to the vase"",""type"":""relation"",""verdict"":""contradicted"",""evidence"":""no vase is visible adjacent to the GT couch; nearest vase-like object is near the distractor couch on the right""}]",[],"[""positioned against left wall"", ""three-segment backrest"", ""cream/off-white leather-like upholstery"", ""white knitted throw blanket with fringe"", ""remote control on seat""]",high,same_category_instance_confusion,"The GT target is a cream-colored couch on the left, but the referring expression specifies 'next to the vase'. Visual evidence shows no vase near the GT couch, while a floral arrangement is near the distractor couch on the right. The query likely refers to the right couch, causing models to predict the wrong same-category instance."
hallu_000055_COCO_train2014_000000555211,COCO_train2014_000000555211.jpg,the couch next to the coffee table,t2_vqa_grounding,yes,couch,not_applicable,,not_applicable,"[{""part"":""frame"",""value"":""light beige or off-white"",""confidence"":""high"",""evidence"":""light-colored wooden or painted frame visible on arms and base""},{""part"":""seat cushion"",""value"":""light beige or cream"",""confidence"":""high"",""evidence"":""uniform light neutral fabric covering the long seat""},{""part"":""backrest cushion"",""value"":""light beige or cream"",""confidence"":""high"",""evidence"":""same fabric as seat, continuous surface""},{""part"":""throw pillows"",""value"":""white, beige, purple, olive green"",""confidence"":""high"",""evidence"":""four visible pillows: two white/cream, one beige, one dark purple, one olive green""}]","[{""part"":""frame"",""value"":""painted wood or laminate"",""confidence"":""medium"",""evidence"":""smooth, uniform finish with no visible grain; consistent with painted wood or laminate""},{""part"":""upholstery"",""value"":""fabric"",""confidence"":""high"",""evidence"":""soft texture, slight creasing, matte finish typical of textile upholstery""}]","[{""attribute"":""shape"",""confidence"":""high"",""evidence"":""long rectangular chaise lounge style, low back, rolled arms""},{""attribute"":""size"",""confidence"":""high"",""evidence"":""extends nearly full width of window bay; appears longer than standard sofa""}]","[{""value"":""stationary"",""confidence"":""high"",""evidence"":""no motion blur; pillows arranged neatly on surface""}]","[{""atom"":""the couch"",""type"":""object"",""verdict"":""supported"",""evidence"":""Target is a long upholstered couch.""},{""atom"":""next to the coffee table"",""type"":""relation"",""verdict"":""supported"",""evidence"":""The coffee table shares a boundary with the left side of the targeted couch; they are adjacent horizontally.""}]",[],[],"[""chaise lounge or daybed style"", ""light beige upholstery with specific pillow colors"", ""positioned directly under central window, left of coffee table"", ""distinct from foreground white couch""]",high,same_category_instance_confusion,"The referring expression correctly identifies the target couch via its relation to the coffee table. The baseline model failed due to same-category instance confusion, selecting a different white couch in the foreground instead of the target light beige couch next to the coffee table."
hallu_000060_COCO_train2014_000000519685,COCO_train2014_000000519685.jpg,the person sitting on the couch,t4_caption_grounding,yes,person,male_presenting,"short dark hair, facial features and build consistent with male presentation",no_automatic_flag,"[{""part"":""shirt"",""value"":""black"",""confidence"":""high"",""evidence"":""solid black short-sleeve t-shirt""},{""part"":""shorts"",""value"":""white"",""confidence"":""high"",""evidence"":""light-colored (appears white) shorts""},{""part"":""socks"",""value"":""white"",""confidence"":""high"",""evidence"":""white ankle socks""}]","[{""part"":""shirt"",""value"":""cotton-like fabric"",""confidence"":""medium"",""evidence"":""matte texture, slight wrinkling typical of cotton t-shirt""},{""part"":""shorts"",""value"":""cotton or synthetic blend"",""confidence"":""medium"",""evidence"":""smooth surface, slight sheen on thigh area suggests possible synthetic blend""}]","[{""attribute"":""posture: sitting reclined"",""confidence"":""high"",""evidence"":""body angled back, legs extended forward, one arm resting on armrest, other near face""}]","[{""value"":""sitting on couch"",""confidence"":""high"",""evidence"":""buttocks and thighs in contact with couch seat, back against backrest""},{""value"":""looking toward camera or nearby"",""confidence"":""medium"",""evidence"":""head turned slightly left, eyes appear directed toward viewer or adjacent person""}]","[{""atom"":""the person"",""type"":""object"",""verdict"":""supported"",""evidence"":""one clearly visible person inside GT box""},{""atom"":""sitting"",""type"":""action_state"",""verdict"":""supported"",""evidence"":""body posture shows seated position with weight on couch""},{""atom"":""on the couch"",""type"":""relation"",""verdict"":""supported"",""evidence"":""direct physical contact between person and couch surface""}]",[],[],"[""only person seated on the couch while others are standing"", ""wearing black shirt and white shorts"", ""reclined posture with hand near face"", ""positioned on left side of scene""]",high,same_category_instance_confusion,"The referring expression accurately describes the GT target, a male-presenting person sitting on a couch. The zero IoU baseline failed by grounding two other people (standing women) in the scene, indicating same-category instance confusion."
hallu_000074_COCO_train2014_000000190469,COCO_train2014_000000190469.jpg,the person behind the vegetables,t2_vqa_grounding|t4_caption_grounding,yes,person,unclear,"only back and shoulder visible; no facial, hair, or clothing gender cues discernible due to low light and blur",unclear,"[{""part"":""upper garment"",""value"":""light-colored (off-white or pale beige)"",""confidence"":""medium"",""evidence"":""diffuse illumination shows a light tone against dark background; exact hue ambiguous due to low lighting""}]","[{""part"":""upper garment"",""value"":""fabric (likely woven)"",""confidence"":""low"",""evidence"":""soft texture and drape suggest fabric, but resolution too low for fiber-level confirmation""}]","[{""attribute"":""posture: standing upright"",""confidence"":""high"",""evidence"":""vertical orientation of torso and shoulders visible above vegetable display""},{""attribute"":""position: behind vegetables"",""confidence"":""high"",""evidence"":""green celery and red tomatoes in foreground partially occlude lower body; person’s torso appears directly behind them""}]","[{""value"":""standing still"",""confidence"":""medium"",""evidence"":""no motion blur; static pose relative to foreground produce""}]","[{""atom"":""the person"",""type"":""object"",""verdict"":""supported"",""evidence"":""Target box encloses a human torso/back, distinct from background and foreground produce.""},{""atom"":""behind the vegetables"",""type"":""relation"",""verdict"":""supported"",""evidence"":""Vegetables (celery, tomatoes) are in front plane; person’s body is occluded by them, confirming rear position.""}]",[],[],"[""occlusion by foreground celery and tomatoes"", ""vertical torso alignment behind produce gap"", ""light-colored garment contrasting with dark background"", ""distinct shoulder contour visible above vegetable line""]",high,same_category_instance_confusion,"The referring expression accurately describes the ground-truth target, a person standing behind vegetables. The baseline models failed due to same-category instance confusion, incorrectly grounding a different person on the left side of the image."
hallu_000094_COCO_train2014_000000483992,COCO_train2014_000000483992.jpg,the dining table with pizza on it,t4_caption_grounding,yes,dining table,not_applicable,,not_applicable,"[{""part"":""table surface"",""value"":""white"",""confidence"":""high"",""evidence"":""smooth white tabletop visible beneath pizza tray""},{""part"":""tray"",""value"":""silver metallic"",""confidence"":""high"",""evidence"":""reflective metal pizza tray resting on table""},{""part"":""pizza"",""value"":""green, white, brown"",""confidence"":""high"",""evidence"":""slices with visible toppings on tray""}]","[{""part"":""table surface"",""value"":""laminate or painted wood"",""confidence"":""medium"",""evidence"":""smooth, non-reflective white surface with slight seam visible""},{""part"":""tray"",""value"":""metal"",""confidence"":""high"",""evidence"":""shiny, reflective, rigid circular tray with raised rim""}]","[{""attribute"":""holds pizza on metal tray"",""confidence"":""high"",""evidence"":""pizza slices clearly resting on metal tray placed on table surface""},{""attribute"":""rectangular table edge visible"",""confidence"":""high"",""evidence"":""straight white edge and corner of table in crop""}]","[{""value"":""supporting food"",""confidence"":""high"",""evidence"":""pizza on tray resting on table""}]","[{""atom"":""dining table"",""type"":""object"",""verdict"":""supported"",""evidence"":""white rectangular table surface with food service items""},{""atom"":""pizza"",""type"":""object"",""verdict"":""supported"",""evidence"":""multiple slices with cheese, basil, crust visible on tray""},{""atom"":""with pizza on it"",""type"":""relation"",""verdict"":""supported"",""evidence"":""pizza slices on metal tray resting directly on table surface within GT box""}]",[],[],"[""white tabletop directly under pizza tray"", ""metal tray legs visible intersecting table surface"", ""proximity to seated diners confirms functional use as dining table""]",low,wrong_category,"The referring expression accurately describes the GT target, a white dining table supporting a pizza on a metal tray. The baseline model failed by localizing to the upper-left background and a person, completely missing the table and pizza."
hallu_000099_COCO_train2014_000000010130,COCO_train2014_000000010130.jpg,the person next to the cell phone,t4_caption_grounding,yes,person,female_presenting,"long dark hair, wearing a light-colored long-sleeve top, visible facial features consistent with female presentation",no_automatic_flag,"[{""part"":""hair"",""value"":""black"",""confidence"":""high"",""evidence"":""long, straight, uniformly dark hair""},{""part"":""top"",""value"":""white or off-white"",""confidence"":""high"",""evidence"":""light-colored long-sleeve shirt, appears white under indoor lighting""},{""part"":""wristband"",""value"":""black"",""confidence"":""high"",""evidence"":""thin black band on left wrist""}]","[{""part"":""top"",""value"":""fabric"",""confidence"":""medium"",""evidence"":""soft drape and creasing typical of woven fabric""}]","[{""attribute"":""wearing glasses"",""confidence"":""high"",""evidence"":""thin-framed eyeglasses visible on face""}]","[{""value"":""holding phone to ear"",""confidence"":""high"",""evidence"":""right hand holding a dark rectangular object against right ear""}]","[{""atom"":""the person"",""type"":""object"",""verdict"":""supported"",""evidence"":""box encloses a single visible person""},{""atom"":""next to"",""type"":""relation"",""verdict"":""supported"",""evidence"":""the person is holding the cell phone against their ear, satisfying spatial adjacency""},{""atom"":""the cell phone"",""type"":""object"",""verdict"":""supported"",""evidence"":""dark rectangular device held in hand, consistent with smartphone""}]",[],[],"[""person holding phone to right ear"", ""long black hair"", ""white long-sleeve top""]",high,same_category_instance_confusion,"The baseline model localized a different person (staff member) on the left side of the image, resulting in a zero IoU with the ground truth target who is the customer holding the cell phone."
hallu_000114_COCO_train2014_000000462080,COCO_train2014_000000462080.jpg,the orange next to the apple,t4_caption_grounding,yes,orange,not_applicable,,not_applicable,"[{""part"":""peel"",""value"":""orange"",""confidence"":""high"",""evidence"":""vibrant orange peel with characteristic dimpled texture, uniformly colored""}]","[{""part"":""peel"",""value"":""citrus peel (textured, slightly glossy)"",""confidence"":""high"",""evidence"":""distinctive pitted surface and subtle specular highlights indicating waxy, textured skin""}]","[{""attribute"":""round shape"",""confidence"":""high"",""evidence"":""circular cross-section visible in crop; full sphere implied by curvature""},{""attribute"":""no stem or leaf visible"",""confidence"":""high"",""evidence"":""top of fruit not visible in crop; only side/curved surface shown""}]","[{""value"":""stationary, resting among other fruits"",""confidence"":""high"",""evidence"":""no motion blur; positioned adjacent to apple and other oranges in still-life arrangement""}]","[{""atom"":""the orange"",""type"":""object"",""verdict"":""supported"",""evidence"":""GT box tightly encloses a clearly identifiable orange""},{""atom"":""next to the apple"",""type"":""relation"",""verdict"":""supported"",""evidence"":""GT orange shares a visible edge with a red apple on its left; spatial adjacency confirmed""},{""atom"":""orange color"",""type"":""color"",""verdict"":""supported"",""evidence"":""peel is unambiguously orange""},{""atom"":""exactly one orange"",""type"":""count"",""verdict"":""supported"",""evidence"":""box contains only one complete fruit; no partial overlaps with other oranges inside box bounds""}]",[],[],"[""immediate adjacency to red apple on left"", ""smaller size relative to other oranges in scene"", ""positioned lower-right among fruit cluster""]",high,wrong_category,"The baseline model incorrectly localized the red apple instead of the target orange, resulting in a category error and zero IoU despite the clear relational cue."
hallu_000122_COCO_train2014_000000097411,COCO_train2014_000000097411.jpg,the pizza slice next to the person,t2_vqa_grounding|t4_caption_grounding,yes,pizza slice,not_applicable,,not_applicable,"[{""part"":""crust"",""value"":""golden brown"",""confidence"":""high"",""evidence"":""visible baked crust edge, uniformly golden brown""},{""part"":""topping base"",""value"":""red"",""confidence"":""high"",""evidence"":""tomato sauce layer visible under cheese and toppings""},{""part"":""cheese"",""value"":""white to pale yellow"",""confidence"":""high"",""evidence"":""melted cheese patches visible between toppings""},{""part"":""olives"",""value"":""black"",""confidence"":""high"",""evidence"":""circular black sliced olives scattered on surface""},{""part"":""pepperoni"",""value"":""reddish-brown"",""confidence"":""high"",""evidence"":""round cured meat slices with curled edges""}]","[{""part"":""crust"",""value"":""baked dough"",""confidence"":""high"",""evidence"":""porous, slightly blistered texture typical of pizza crust""},{""part"":""toppings"",""value"":""cooked ingredients"",""confidence"":""high"",""evidence"":""melted cheese, cooked pepperoni, and sliced olives visually identifiable""}]","[{""attribute"":""slice shape"",""confidence"":""high"",""evidence"":""triangular wedge with straight cut edges and curved crust edge""}]","[{""value"":""stationary, uneaten"",""confidence"":""high"",""evidence"":""intact slice, no bite marks or displacement; placed flat in box""}]","[{""atom"":""the pizza slice"",""type"":""object"",""verdict"":""supported"",""evidence"":""GT box precisely encloses one triangular pizza slice with visible toppings""},{""atom"":""next to"",""type"":""relation"",""verdict"":""supported"",""evidence"":""the GT slice is on the right side of the box, positioned immediately adjacent to the person's leg on the right""},{""atom"":""the person"",""type"":""object"",""verdict"":""supported"",""evidence"":""lower leg in blue jeans and foot in white sock visible on right side of image""}]",[],[],"[""rightmost slice in the box"", ""slice positioned closest to the person's leg on the right""]",high,same_category_instance_confusion,"The referring expression specifies the pizza slice next to the person. The person's leg is on the right side of the image. The GT box covers the rightmost pizza slice, which is spatially closer to the person than the other slice on the left. The baselines incorrectly grounded the left slice, resulting in same-category instance confusion."
hallu_000127_COCO_train2014_000000399138,COCO_train2014_000000399138.jpg,the person sitting next to the sandwich,t4_caption_grounding,yes,person,female_presenting,"visible long hair tied back, facial features and presentation consistent with female gender expression",no_automatic_flag,"[{""part"":""jacket"",""value"":""blue with white hood lining"",""confidence"":""high"",""evidence"":""bright blue outer shell, white inner hood visible at neckline""},{""part"":""belt or waistband"",""value"":""orange"",""confidence"":""high"",""evidence"":""horizontal orange band across waist under jacket""},{""part"":""jeans"",""value"":""light blue denim"",""confidence"":""high"",""evidence"":""classic denim texture and color on legs""},{""part"":""shirt underneath"",""value"":""dark (black or navy)"",""confidence"":""medium"",""evidence"":""visible at V-neck opening under jacket""}]","[{""part"":""jacket"",""value"":""synthetic fabric (likely nylon/polyester)"",""confidence"":""high"",""evidence"":""shiny surface, creasing pattern typical of windbreaker material""},{""part"":""jeans"",""value"":""denim"",""confidence"":""high"",""evidence"":""diagonal twill weave visible in close-up""}]","[{""attribute"":""holding food item (sandwich)"",""confidence"":""high"",""evidence"":""right hand holds a partially eaten sandwich; bread and filling visible""},{""attribute"":""sitting on folding chair"",""confidence"":""high"",""evidence"":""metal frame and fabric seat of chair visible beneath""},{""attribute"":""smiling, looking toward camera"",""confidence"":""high"",""evidence"":""facial expression clearly visible""}]","[{""value"":""sitting"",""confidence"":""high"",""evidence"":""posture with bent knees, back supported by chair""},{""value"":""holding a sandwich"",""confidence"":""high"",""evidence"":""sandwich held in right hand, near mouth""}]","[{""atom"":""the person"",""type"":""object"",""verdict"":""supported"",""evidence"":""GT box encloses exactly one person, clearly visible""},{""atom"":""sitting"",""type"":""action_state"",""verdict"":""supported"",""evidence"":""posture and chair confirm sitting""},{""atom"":""person"",""type"":""object"",""verdict"":""supported"",""evidence"":""human figure with face, limbs, clothing""},{""atom"":""one person"",""type"":""count"",""verdict"":""supported"",""evidence"":""GT box contains only one individual""}]","[{""atom"":""next to the sandwich"",""type"":""relation"",""verdict"":""contradicted"",""evidence"":""the sandwich is held by the person, not placed adjacent to her as a separate object; 'next to' implies spatial adjacency without contact/containment""}]",[],"[""blue jacket with white hood lining and orange waistband"", ""holding sandwich in right hand"", ""sitting on leftmost folding chair in group of four"", ""long dark hair tied back, smiling at camera""]",medium,same_category_instance_confusion,"The GT target is a female-presenting person sitting on a folding chair and holding a sandwich. The referring expression 'sitting next to the sandwich' contains a slight relational inaccuracy, as she is holding the sandwich rather than sitting adjacent to it on a surface. The baseline model confused the target with other same-category instances (two other women sitting nearby), likely due to the presence of multiple people in a similar picnic context."
hallu_000156_COCO_train2014_000000105219,COCO_train2014_000000105219.jpg,the person next to the teddy bear,t2_vqa_grounding|t4_caption_grounding,no,person,male_presenting,"visible short dark hair, facial features, and stubble; wearing open-collared shirt with visible chest hair",no_automatic_flag,"[{""part"":""shirt"",""value"":""light blue with red/orange grid pattern"",""confidence"":""high"",""evidence"":""clear plaid pattern of light blue base with intersecting red/orange lines""},{""part"":""pants"",""value"":""dark gray or olive green"",""confidence"":""medium"",""evidence"":""lower portion visible; color appears muted dark, possibly gray or green under indoor lighting""},{""part"":""hair"",""value"":""black"",""confidence"":""high"",""evidence"":""dense dark hair, no graying visible""}]","[{""part"":""shirt"",""value"":""cotton or cotton blend"",""confidence"":""medium"",""evidence"":""wrinkled texture and drape suggest woven fabric typical of casual shirts""}]","[{""attribute"":""smiling broadly"",""confidence"":""high"",""evidence"":""mouth open, teeth visible, cheeks raised""},{""attribute"":""looking toward camera"",""confidence"":""high"",""evidence"":""eyes directed forward, aligned with camera perspective""}]","[{""value"":""sitting, arm around another person"",""confidence"":""high"",""evidence"":""left arm extended across center person’s shoulder/back; posture relaxed and seated""}]","[{""atom"":""the person"",""type"":""object"",""verdict"":""supported"",""evidence"":""Target is a clearly visible adult human.""}]","[{""atom"":""next to the teddy bear"",""type"":""relation"",""verdict"":""contradicted"",""evidence"":""The target person is on the far left, while the teddy bear is on the far right. They are separated by at least one other person, so the target is not next to the bear.""}]",[],"[""Leftmost adult male, wearing light blue plaid shirt, smiling, arm around central person"", ""Only person whose left side is against image edge and right side borders central person""]",high,annotation_or_gt_issue,"The ground truth target is the leftmost person, but the referring expression specifies the person next to the teddy bear. The teddy bear is held by the rightmost person, making the GT target the furthest person from the bear. The spatial relation in the query contradicts the GT target's actual position, indicating a likely annotation or ground truth mismatch."
hallu_000157_COCO_train2014_000000086017,COCO_train2014_000000086017.jpg,the person next to the wine glasses,t2_vqa_grounding,yes,person,unclear,only a hand and forearm visible; no facial or bodily features to determine gender presentation,unclear,"[{""part"":""hand/fingers"",""value"":""light skin tone"",""confidence"":""high"",""evidence"":""visible hand with natural skin color""},{""part"":""wristband"",""value"":""silver/grey metallic"",""confidence"":""high"",""evidence"":""shiny circular band on wrist, reflective""},{""part"":""sleeve"",""value"":""black"",""confidence"":""high"",""evidence"":""dark fabric covering forearm in green box""}]","[{""part"":""wristband"",""value"":""metal"",""confidence"":""high"",""evidence"":""reflective, rigid, circular shape consistent with metal bracelet or watch""},{""part"":""sleeve"",""value"":""fabric"",""confidence"":""high"",""evidence"":""soft texture, folds, matte appearance typical of clothing""}]","[{""attribute"":""wearing ring"",""confidence"":""high"",""evidence"":""gold-colored ring on ring finger of visible hand""}]","[{""value"":""resting hand on table near wine glasses"",""confidence"":""high"",""evidence"":""hand placed flat on table surface, adjacent to wine glass stems""}]","[{""atom"":""the person"",""type"":""object"",""verdict"":""supported"",""evidence"":""green box contains visible hand and forearm of a person""},{""atom"":""next to the wine glasses"",""type"":""relation"",""verdict"":""supported"",""evidence"":""hand is directly adjacent (left side) to the cluster of wine glasses; distance < 2 cm in image""},{""atom"":""wine glasses"",""type"":""object"",""verdict"":""supported"",""evidence"":""multiple clear glass wine glasses with red wine visible, positioned right of green box""}]",[],[],"[""hand with silver wristband and gold ring resting on table"", ""black sleeve fabric visible just above hand"", ""immediate adjacency to leftmost wine glass stem""]",medium,same_category_instance_confusion,"The baseline model localized a different person's arm on the far left of the image near a water glass, confusing it with the target person's arm which is directly next to the central cluster of wine glasses."
hallu_000161_COCO_train2014_000000414499,COCO_train2014_000000414499.jpg,the snowboard next to the person,t2_vqa_grounding|t4_caption_grounding,yes,snowboard,not_applicable,,not_applicable,"[{""part"":""main body"",""value"":""pale yellow / cream"",""confidence"":""high"",""evidence"":""uniform light yellow background visible across entire cropped target""},{""part"":""graphics"",""value"":""dark gray or black line art"",""confidence"":""high"",""evidence"":""stylized monogram-like design in dark lines on yellow surface, clearly visible""}]","[{""part"":""surface"",""value"":""smooth rigid board"",""confidence"":""medium"",""evidence"":""flat, non-textured, reflective sheen consistent with snowboard top sheet""}]","[{""attribute"":""vertical orientation"",""confidence"":""high"",""evidence"":""board is perpendicular to ground plane, embedded in snow at bottom edge""},{""attribute"":""held by person"",""confidence"":""high"",""evidence"":""black gloved hand gripping top edge of board in crop""}]","[{""value"":""stationary, upright in snow"",""confidence"":""high"",""evidence"":""no motion blur; base embedded in snowpack; held still""}]","[{""atom"":""snowboard"",""type"":""object"",""verdict"":""supported"",""evidence"":""GT box precisely encloses a snowboard upright in snow""},{""atom"":""next to"",""type"":""relation"",""verdict"":""supported"",""evidence"":""snowboard is immediately adjacent to the rightmost person""},{""atom"":""person"",""type"":""object"",""verdict"":""supported"",""evidence"":""rightmost person fully visible beside the snowboard; gloved hand confirms contact""}]",[],[],"[""pale yellow/cream base color"", ""dark stylized monogram graphics"", ""positioned next to rightmost person"", ""gloved hand gripping top edge""]",high,same_category_instance_confusion,"The referring expression is ambiguous due to multiple snowboards and people in the scene. Baselines incorrectly selected the leftmost snowboard instead of the GT yellow snowboard next to the rightmost person, resulting in same-category instance confusion."
hallu_000166_COCO_train2014_000000250380,COCO_train2014_000000250380.jpg,the person in front of the dog,t2_vqa_grounding|t4_caption_grounding,yes,person,unclear,"long hair, glasses, red t-shirt, khaki shorts; no definitive gender markers visible",unclear,"[{""part"":""t-shirt"",""value"":""red"",""confidence"":""high"",""evidence"":""solid bright red short-sleeve shirt with small white logo""},{""part"":""shorts"",""value"":""khaki"",""confidence"":""high"",""evidence"":""light brown/tan cargo-style shorts""},{""part"":""hair"",""value"":""brown"",""confidence"":""high"",""evidence"":""medium-length wavy brown hair""}]","[{""part"":""t-shirt"",""value"":""cotton-like fabric"",""confidence"":""medium"",""evidence"":""soft drape and slight wrinkling typical of cotton jersey""},{""part"":""shorts"",""value"":""canvas or twill"",""confidence"":""medium"",""evidence"":""structured appearance with visible stitching and pockets""}]","[{""attribute"":""wearing glasses"",""confidence"":""high"",""evidence"":""clear rectangular-framed eyeglasses on face""}]","[{""value"":""bending forward, reaching toward dog"",""confidence"":""high"",""evidence"":""torso leaned forward, arms extended downward toward black dog holding green object""}]","[{""atom"":""the person"",""type"":""object"",""verdict"":""supported"",""evidence"":""target box encloses one person clearly""},{""atom"":""in front of"",""type"":""relation"",""verdict"":""supported"",""evidence"":""person’s body blocks view of dog’s rear; spatial ordering confirms person is closer to camera than dog""},{""atom"":""the dog"",""type"":""object"",""verdict"":""supported"",""evidence"":""black dog visible directly behind person, within scene""}]",[],[],"[""person wearing red shirt and khaki shorts"", ""person bending forward with arms extended toward dog"", ""person positioned such that dog is directly behind their lower torso/legs"", ""glasses worn by person""]",high,same_category_instance_confusion,"The referring expression accurately describes the target person in front of the dog, but baseline models incorrectly selected another person in the scene, resulting in same-category instance confusion."
hallu_000179_COCO_train2014_000000470501,COCO_train2014_000000470501.jpg,the baseball bat held by the person,t2_vqa_grounding|t4_caption_grounding,yes,baseball bat,not_applicable,Target is an inanimate object; the person holding it is male-presenting.,not_applicable,"[{""part"":""bat barrel"",""value"":""light brown / natural wood"",""confidence"":""high"",""evidence"":""unpainted wooden surface with visible grain""},{""part"":""bat handle"",""value"":""light brown / natural wood"",""confidence"":""high"",""evidence"":""same wood tone as barrel, no tape or wrap visible""}]","[{""part"":""bat"",""value"":""wood"",""confidence"":""high"",""evidence"":""grain pattern, texture, and color consistent with solid wood bat""}]","[{""attribute"":""held vertically, resting against thigh"",""confidence"":""high"",""evidence"":""bat aligned along inner thigh of person in blue shirt, hand gripping near middle""},{""attribute"":""no tape or grip wrap on handle"",""confidence"":""high"",""evidence"":""bare wood visible along entire length of handle""}]","[{""value"":""being held"",""confidence"":""high"",""evidence"":""hand gripping bat firmly, fingers wrapped around shaft""}]","[{""atom"":""baseball bat"",""type"":""object"",""verdict"":""supported"",""evidence"":""box tightly frames a wooden bat""},{""atom"":""held by"",""type"":""relation"",""verdict"":""supported"",""evidence"":""hand visibly gripping bat; arm and torso of same person included in region""},{""atom"":""the person"",""type"":""object"",""verdict"":""supported"",""evidence"":""upper body and arm of person visible holding bat""}]",[],[],"[""wooden bat with no tape, held vertically against thigh"", ""held by person in blue shirt and red cap"", ""positioned on right side of scene""]",high,same_category_instance_confusion,"The query accurately describes the GT baseball bat held by the person in the blue shirt. Baseline models failed due to same-category instance confusion, incorrectly selecting the other baseball bat held by a person in a red shirt on the left side of the image."
hallu_000183_COCO_train2014_000000370145,COCO_train2014_000000370145.jpg,the person in front of the counter,t2_vqa_grounding|t4_caption_grounding,yes,person,male_presenting,"short dark hair, receding hairline, facial features and build consistent with male presentation",no_automatic_flag,"[{""part"":""shirt (outer)"",""value"":""white with multicolored cartoon/illustration print"",""confidence"":""high"",""evidence"":""clearly visible patterned short-sleeve button-up shirt""},{""part"":""shirt (inner)"",""value"":""white"",""confidence"":""high"",""evidence"":""plain white t-shirt visible at neckline and chest""},{""part"":""pants"",""value"":""dark"",""confidence"":""medium"",""evidence"":""lower torso visible behind counter; dark fabric, partially occluded""}]","[{""part"":""shirt (outer)"",""value"":""cotton or cotton blend"",""confidence"":""medium"",""evidence"":""drape and creasing suggest soft woven fabric""},{""part"":""glasses"",""value"":""plastic frame, glass or plastic lenses"",""confidence"":""high"",""evidence"":""thin dark-rimmed eyeglasses clearly visible""}]","[{""attribute"":""wearing glasses"",""confidence"":""high"",""evidence"":""thin-framed eyeglasses on face""},{""attribute"":""balding / receding hairline"",""confidence"":""high"",""evidence"":""visible scalp at front and top of head""},{""attribute"":""leaning forward over counter"",""confidence"":""high"",""evidence"":""torso angled downward toward counter surface""}]","[{""value"":""pouring from a bottle into a container"",""confidence"":""high"",""evidence"":""right hand gripping bottle neck, bottle tilted downward over a clear pitcher-like container on counter""}]","[{""atom"":""the person"",""type"":""object"",""verdict"":""supported"",""evidence"":""one clearly visible person inside GT box""},{""atom"":""in front of the counter"",""type"":""relation"",""verdict"":""supported"",""evidence"":""person’s torso and arms are positioned between viewer and counter surface; counter is directly ahead and below""}]",[],[],"[""wearing patterned short-sleeve button-up over white tee"", ""glasses with thin dark frames"", ""balding/receding hairline"", ""actively pouring from bottle into pitcher"", ""positioned leftmost among visible people""]",high,same_category_instance_confusion,"The query correctly describes the GT target, who is visibly positioned in front of the counter and pouring a drink. Baselines failed by selecting a different person also near the counter, resulting in zero IoU due to same-category instance confusion."
hallu_000215_COCO_train2014_000000106438,COCO_train2014_000000106438.jpg,the cell phone in the person's hand,t4_caption_grounding,yes,cell phone,not_applicable,target is an inanimate object,not_applicable,"[{""part"":""outer casing"",""value"":""orange"",""confidence"":""high"",""evidence"":""vibrant orange plastic casing surrounding the device""},{""part"":""keyboard"",""value"":""orange"",""confidence"":""high"",""evidence"":""same orange plastic as casing, molded keys with white lettering""},{""part"":""screen bezel"",""value"":""black"",""confidence"":""high"",""evidence"":""black frame around the display""},{""part"":""screen content"",""value"":""blue background with white text"",""confidence"":""high"",""evidence"":""display shows 'NEW TXT MESSAGE' header and message body on blue UI""}]","[{""part"":""casing and keyboard"",""value"":""plastic"",""confidence"":""high"",""evidence"":""molded, matte-finish plastic with visible seams and texture""},{""part"":""screen"",""value"":""glass or plastic laminate"",""confidence"":""medium"",""evidence"":""reflective surface with slight glare; typical for small LCD screens""}]","[{""attribute"":""form factor: flip phone with physical QWERTY keyboard"",""confidence"":""high"",""evidence"":""hinged design, open to reveal full keyboard below screen""},{""attribute"":""brand logo: LG"",""confidence"":""high"",""evidence"":""white 'LG' logo visible on upper right of screen bezel""},{""attribute"":""screen shows active text messaging interface"",""confidence"":""high"",""evidence"":""UI elements: 'NEW TXT MESSAGE', recipient 'Mrs. Thomas', message 'I love you', buttons 'SEND', 'Options'""}]","[{""value"":""being held in hand"",""confidence"":""high"",""evidence"":""fingers gripping sides of device; thumb visible near keyboard""},{""value"":""powered on and displaying message"",""confidence"":""high"",""evidence"":""illuminated screen with active UI""}]","[{""atom"":""the cell phone"",""type"":""object"",""verdict"":""supported"",""evidence"":""orange flip phone with LG branding, screen on, physical keyboard matches cell phone""},{""atom"":""in the person's hand"",""type"":""relation"",""verdict"":""supported"",""evidence"":""device gripped by human fingers and thumb; partial hand visible""}]",[],[],"[""orange color (vs purple distractor)"", ""positioned on the right side of the image (distractor is on the left)"", ""LG logo on upper right bezel"", ""specific screen content: 'Mrs. Thomas', 'I love you'""]",high,same_category_instance_confusion,"The referring expression 'the cell phone in the person's hand' is visually ambiguous as there are two cell phones held in hands (an orange one and a purple one). The baseline model incorrectly grounded the purple distractor phone on the left instead of the orange GT target on the right, leading to a zero IoU due to same-category instance confusion."
hallu_000228_COCO_train2014_000000113244,COCO_train2014_000000113244.jpg,the cake on the plate,t2_vqa_grounding|t4_caption_grounding,yes,cake,not_applicable,,not_applicable,"[{""part"":""cake body"",""value"":""red"",""confidence"":""high"",""evidence"":""vivid red porous interior visible where cut""},{""part"":""top layer"",""value"":""white"",""confidence"":""high"",""evidence"":""thick white granular/icy layer covering top""},{""part"":""candle wrapper"",""value"":""blue and white striped"",""confidence"":""high"",""evidence"":""striped paper around candle base visible""},{""part"":""plate"",""value"":""white with thin dark rim"",""confidence"":""high"",""evidence"":""ceramic plate with dark edge visible beneath cake""}]","[{""part"":""cake body"",""value"":""porous icy or frozen dessert"",""confidence"":""high"",""evidence"":""crystalline, granular texture; liquid pooling at base suggests melting""},{""part"":""top layer"",""value"":""ice or crushed frozen material"",""confidence"":""high"",""evidence"":""translucent, irregular crystalline chunks on top""},{""part"":""plate"",""value"":""ceramic"",""confidence"":""medium"",""evidence"":""glossy reflective surface and rim shape typical of ceramic dishware""}]","[{""attribute"":""has lit candle"",""confidence"":""high"",""evidence"":""flame clearly visible atop candle; wick glowing""},{""attribute"":""cut/sliced"",""confidence"":""high"",""evidence"":""clean vertical cut exposing interior; two distinct lobes separated""},{""attribute"":""melting"",""confidence"":""high"",""evidence"":""pool of red liquid at base of cake on plate""}]","[{""value"":""being lit (candle burning)"",""confidence"":""high"",""evidence"":""active flame on candle""},{""value"":""partially consumed or served"",""confidence"":""high"",""evidence"":""clear slice removed, revealing interior structure""}]","[{""atom"":""the cake"",""type"":""object"",""verdict"":""supported"",""evidence"":""target is a cake""},{""atom"":""on the plate"",""type"":""relation"",""verdict"":""supported"",""evidence"":""cake fully rests on white plate; no gap between base and plate""}]",[],[],"[""only target cake has a blue-and-white striped candle wrapper"", ""only target cake shows a clear vertical cut with separation and red liquid pooling"", ""target cake is in bottom-left panel of composite image""]",high,same_category_instance_confusion,"The referring expression is highly ambiguous given four similar cakes on plates. Baselines selected a different cake instance in the top-right panel, missing the GT target in the bottom-left which is distinguished by its cut state, pooling red liquid, and blue-and-white striped candle wrapper."
hallu_000239_COCO_train2014_000000541496,COCO_train2014_000000541496.jpg,the suitcase next to the backpack,t4_caption_grounding,yes,suitcase,not_applicable,,not_applicable,"[{""part"":""main body"",""value"":""black"",""confidence"":""high"",""evidence"":""uniform dark matte surface, no visible pattern""},{""part"":""handle"",""value"":""black"",""confidence"":""high"",""evidence"":""integrated vertical handle matches body color""},{""part"":""wheels"",""value"":""dark gray or black"",""confidence"":""medium"",""evidence"":""small circular elements at base; low resolution but consistent with black suitcase""}]","[{""part"":""main body"",""value"":""hard-shell plastic or polycarbonate"",""confidence"":""high"",""evidence"":""smooth, rigid surface with slight sheen and sharp edges; no fabric texture""},{""part"":""handle"",""value"":""plastic"",""confidence"":""high"",""evidence"":""molded as part of shell, same finish as body""}]","[{""attribute"":""rectangular upright hard-shell suitcase"",""confidence"":""high"",""evidence"":""vertical orientation, defined corners, rigid structure visible in crop""},{""attribute"":""zippers not visible on front face"",""confidence"":""high"",""evidence"":""front panel is smooth and uninterrupted in the cropped view""}]","[{""value"":""stationary, upright on floor"",""confidence"":""high"",""evidence"":""standing vertically on wheels, no motion blur, aligned with floor plane""}]","[{""atom"":""suitcase"",""type"":""object"",""verdict"":""supported"",""evidence"":""Target is a black hard-shell suitcase""},{""atom"":""next to the backpack"",""type"":""relation"",""verdict"":""supported"",""evidence"":""GT suitcase is on floor directly left of the seat where a black backpack rests; spatial proximity satisfies 'next to'""}]",[],[],"[""leftmost black upright suitcase on floor"", ""immediately adjacent to the seat holding the black backpack"", ""distinct from the second black suitcase to its right""]",high,same_category_instance_confusion,"The referring expression correctly identifies the GT suitcase through its spatial relation to the backpack. The baseline likely failed due to the presence of multiple suitcases in the scene, confusing the target with another suitcase instance."
hallu_000261_COCO_train2014_000000036046,COCO_train2014_000000036046.jpg,the chair next to the person,t2_vqa_grounding|t4_caption_grounding,yes,chair,not_applicable,,not_applicable,"[{""part"":""seat back upper trim"",""value"":""blue"",""confidence"":""high"",""evidence"":""thin blue horizontal strip visible at top of backrest in crop""},{""part"":""seat back main panel"",""value"":""dark gray or black"",""confidence"":""high"",""evidence"":""large vertical panel, very dark, appears matte""},{""part"":""side frame / armrest support"",""value"":""light gray or off-white"",""confidence"":""medium"",""evidence"":""vertical light-colored structural element on right side of backrest, visible in full image and crop""}]","[{""part"":""seat back panel"",""value"":""plastic or molded composite"",""confidence"":""medium"",""evidence"":""smooth, non-textured surface with slight sheen; rigid appearance""},{""part"":""trim"",""value"":""fabric or vinyl"",""confidence"":""low"",""evidence"":""blue strip appears slightly softer texture than panel, but resolution too low to confirm""}]","[{""attribute"":""design: integrated headrest and backrest"",""confidence"":""high"",""evidence"":""single continuous form from seat base up to top edge; no seam between headrest and back""},{""attribute"":""presence of side pocket or storage compartment"",""confidence"":""high"",""evidence"":""rectangular recessed panel with two vertical indentations on right side of backrest (viewer’s right), consistent with magazine/amenity pocket""}]","[{""value"":""unoccupied"",""confidence"":""high"",""evidence"":""no person or object seated; clear view of seat cushion and backrest interior""}]","[{""atom"":""the chair"",""type"":""object"",""verdict"":""supported"",""evidence"":""green box encloses a clearly identifiable passenger seat""},{""atom"":""next to"",""type"":""relation"",""verdict"":""supported"",""evidence"":""person silhouette is directly to the right of the green-boxed chair in full image""},{""atom"":""the person"",""type"":""object"",""verdict"":""supported"",""evidence"":""a silhouetted person is visible sitting in an adjacent seat immediately to the right""}]",[],[],"[""chair has light-colored vertical side frame and blue top trim"", ""chair is unoccupied and directly left of a seated person"", ""chair includes recessed side pocket with two vertical indentations"", ""chair is positioned against window, not aisle""]",high,same_category_instance_confusion,"The baselines incorrectly grounded the chair occupied by the person instead of the empty chair next to the person, demonstrating same-category instance confusion driven by relational ambiguity."
hallu_000267_COCO_train2014_000000404812,COCO_train2014_000000404812.jpg,the person sitting on the couch,t2_vqa_grounding,uncertain,person,male_presenting,"short-cropped hair, facial structure, and visible neck/shoulder presentation consistent with male presentation; no ambiguous or conflicting cues",no_automatic_flag,"[{""part"":""hoodie"",""value"":""light gray with orange inner hood lining and yellow/orange graphic on sleeve"",""confidence"":""high"",""evidence"":""clearly visible in crop and full image""},{""part"":""pants"",""value"":""dark (black or very dark gray)"",""confidence"":""high"",""evidence"":""visible under hoodie hem, consistent with black leather couch color contrast""},{""part"":""glasses"",""value"":""black frames"",""confidence"":""high"",""evidence"":""thin black frames clearly visible on face""}]","[{""part"":""hoodie"",""value"":""cotton or cotton-blend fabric"",""confidence"":""medium"",""evidence"":""soft drape and texture typical of sweatshirt material; no sheen suggesting synthetic blend""}]","[{""attribute"":""holding white game controller"",""confidence"":""high"",""evidence"":""white plastic controller held in both hands, clearly visible""},{""attribute"":""sitting sideways on couch, facing right"",""confidence"":""high"",""evidence"":""body orientation and head turn toward window/right side of frame""}]","[{""value"":""sitting"",""confidence"":""high"",""evidence"":""hips on couch, legs bent, torso upright""},{""value"":""looking upward and to the right"",""confidence"":""high"",""evidence"":""head tilted up, eyes directed toward upper-right window area""},{""value"":""holding a game controller"",""confidence"":""high"",""evidence"":""both hands gripping white controller""}]","[{""atom"":""person"",""type"":""object"",""verdict"":""supported"",""evidence"":""human figure with head, torso, arms, legs visible""},{""atom"":""sitting"",""type"":""action_state"",""verdict"":""supported"",""evidence"":""posture shows weight supported by couch, knees bent, back upright""},{""atom"":""on the couch"",""type"":""relation"",""verdict"":""supported"",""evidence"":""contact between buttocks/thighs and couch surface confirmed visually""}]",[],[],"[""wearing light gray hoodie with orange hood lining"", ""holding white game controller"", ""sitting sideways, looking up/right toward window"", ""positioned to the right of the dog and left person""]",high,same_category_instance_confusion,The referring expression 'the person sitting on the couch' is visually ambiguous as there are two people sitting on the same couch. The baseline model localized the other person (an older man in a patterned shirt on the left) instead of the GT target (a younger man in a gray hoodie holding a game controller on the right).
hallu_000277_COCO_train2014_000000153591,COCO_train2014_000000153591.jpg,the wine glass in front of the person,t2_vqa_grounding|t4_caption_grounding,yes,wine glass,not_applicable,,not_applicable,"[{""part"":""liquid"",""value"":""amber/golden"",""confidence"":""high"",""evidence"":""clearly visible liquid in lower half of glass, reflecting warm light""},{""part"":""glass"",""value"":""transparent/clear"",""confidence"":""high"",""evidence"":""see-through material with visible etched logo and refraction""},{""part"":""etched logo"",""value"":""grayish-white"",""confidence"":""medium"",""evidence"":""faint text with star and arc, visible on upper bowl""}]","[{""part"":""glass body"",""value"":""glass"",""confidence"":""high"",""evidence"":""transparency, specular highlights, refraction of background""}]","[{""attribute"":""held by hand"",""confidence"":""high"",""evidence"":""fingers gripping stem visible at bottom of green box""},{""attribute"":""contains liquid"",""confidence"":""high"",""evidence"":""liquid fills lower portion of bowl, meniscus visible""}]","[{""value"":""being held"",""confidence"":""high"",""evidence"":""hand gripping stem, static pose""}]","[{""atom"":""the wine glass"",""type"":""object"",""verdict"":""supported"",""evidence"":""clearly visible stemmed wine glass with liquid""},{""atom"":""in front of the person"",""type"":""relation"",""verdict"":""supported"",""evidence"":""blurred human-shaped form in background, consistent with being behind the glass in depth""}]",[],[],"[""etched logo on bowl"", ""amber-colored liquid filling lower third"", ""hand gripping stem visible at bottom"", ""sharp focus vs. blurred background person""]",medium,same_category_instance_confusion,"The referring expression accurately describes the GT target, a sharply focused wine glass held in front of a blurred person. The baselines failed by localizing a disjoint region on the left containing the background person or a blurry distractor, missing the clear GT wine glass."
hallu_000303_COCO_train2014_000000024706,COCO_train2014_000000024706.jpg,the person holding a tennis racket,t2_vqa_grounding|t4_caption_grounding,yes,person,female_presenting,"visible long hair tied back, feminine facial features, and athletic attire",stereotype_sensitive_cue,"[{""part"":""shirt"",""value"":""white"",""confidence"":""high"",""evidence"":""solid white short-sleeve t-shirt""},{""part"":""shorts"",""value"":""black"",""confidence"":""high"",""evidence"":""black athletic shorts with white trim""},{""part"":""shoes"",""value"":""white with black accents"",""confidence"":""high"",""evidence"":""white sneakers with black stripes""},{""part"":""tennis racket"",""value"":""yellow frame, black grip, white strings"",""confidence"":""high"",""evidence"":""racket held in right hand""}]","[{""part"":""shirt"",""value"":""synthetic sport fabric"",""confidence"":""medium"",""evidence"":""smooth texture, slight sheen""},{""part"":""shorts"",""value"":""synthetic athletic fabric"",""confidence"":""medium"",""evidence"":""tight fit, slight stretch appearance""}]","[{""attribute"":""mid-motion pose"",""confidence"":""high"",""evidence"":""both feet off ground, knees bent, body upright""}]","[{""value"":""holding a tennis racket"",""confidence"":""high"",""evidence"":""racket firmly gripped in right hand""},{""value"":""jumping"",""confidence"":""high"",""evidence"":""feet clearly not touching ground""}]","[{""atom"":""the person"",""type"":""object"",""verdict"":""supported"",""evidence"":""box encloses exactly one person""},{""atom"":""holding"",""type"":""action_state"",""verdict"":""supported"",""evidence"":""right hand gripping racket handle""},{""atom"":""a tennis racket"",""type"":""object"",""verdict"":""supported"",""evidence"":""standard tennis racket shape visible""}]",[],[],"[""standing and jumping posture with both feet off ground"", ""racket held vertically in right hand above head level"", ""positioned behind the crouching player""]",high,same_category_instance_confusion,"The referring expression applies to both the GT target (jumping, holding racket aloft) and a foreground distractor (crouching, holding racket near ground). The baselines incorrectly selected the distractor, leading to zero IoU due to same-category instance confusion."
hallu_000310_COCO_train2014_000000372790,COCO_train2014_000000372790.jpg,the umbrella held by the person,t2_vqa_grounding|t4_caption_grounding,yes,umbrella,not_applicable,,not_applicable,"[{""part"":""canopy"",""value"":""blue and white striped"",""confidence"":""high"",""evidence"":""clear alternating vertical stripes of blue and white across the entire visible canopy""},{""part"":""shaft and handle"",""value"":""silver metallic shaft, dark handle"",""confidence"":""high"",""evidence"":""shaft reflects light with metallic sheen; handle appears dark and cylindrical, gripped by hand""}]","[{""part"":""canopy fabric"",""value"":""synthetic textile"",""confidence"":""medium"",""evidence"":""smooth surface with slight sheen and taut tension typical of modern umbrella fabric""},{""part"":""shaft"",""value"":""metal"",""confidence"":""high"",""evidence"":""reflective, rigid, cylindrical structure consistent with aluminum or steel""}]","[{""attribute"":""open state"",""confidence"":""high"",""evidence"":""canopy fully extended, ribs visible, forming a dome shape""},{""attribute"":""held in right hand"",""confidence"":""high"",""evidence"":""hand gripping handle from below, thumb on top, fingers wrapped around""}]","[{""value"":""being held aloft"",""confidence"":""high"",""evidence"":""umbrella positioned above person’s head/shoulder, shaft angled upward, hand supporting it""}]","[{""atom"":""the umbrella"",""type"":""object"",""verdict"":""supported"",""evidence"":""green box precisely encloses a blue-and-white striped open umbrella""},{""atom"":""held by"",""type"":""relation"",""verdict"":""supported"",""evidence"":""person’s right hand is gripping the handle; arm and torso are contiguous with the hand inside the green box""},{""atom"":""the person"",""type"":""object"",""verdict"":""supported"",""evidence"":""visible torso, head, arm, and hand of a person within the green region’s lower portion""}]",[],[],"[""blue-and-white vertical striped pattern"", ""held by person in tan jacket (left side)"", ""positioned left of Eiffel Tower"", ""not pink"", ""shaft is silver, not black or red""]",high,same_category_instance_confusion,"The referring expression is visually ambiguous as there are multiple people holding umbrellas in the scene. The baselines incorrectly grounded the pink umbrella held by a woman on the right, while the GT target is the blue-and-white striped umbrella held by a person on the left."
hallu_000321_COCO_train2014_000000573724,COCO_train2014_000000573724.jpg,the chair next to the table,t2_vqa_grounding,yes,chair,not_applicable,,not_applicable,"[{""part"":""upholstery"",""value"":""light beige or off-white"",""confidence"":""high"",""evidence"":""fabric appears uniformly light neutral tone under indoor lighting""},{""part"":""pillow"",""value"":""beige with subtle texture/pattern"",""confidence"":""high"",""evidence"":""square pillow on seat matches upholstery tone, slightly darker with visible weave""},{""part"":""legs and frame"",""value"":""light wood"",""confidence"":""high"",""evidence"":""visible wooden legs and armrests show natural grain and pale tan color""}]","[{""part"":""upholstery"",""value"":""textured fabric"",""confidence"":""high"",""evidence"":""surface shows soft pile and slight sheen; close-up crop reveals raised looped texture""},{""part"":""legs/frame"",""value"":""wood"",""confidence"":""high"",""evidence"":""grain visible on legs and armrests; smooth finish consistent with painted/stained wood""},{""part"":""pillow cover"",""value"":""woven fabric"",""confidence"":""high"",""evidence"":""visible weave pattern and slight sheen on pillow surface""}]","[{""attribute"":""armchair style with rolled arms and skirted base"",""confidence"":""high"",""evidence"":""curved armrests, continuous upholstered skirt hiding legs partially, classic armchair silhouette""},{""attribute"":""single cushion seat"",""confidence"":""high"",""evidence"":""one thick seat cushion visible; no separation lines for multiple cushions""}]","[{""value"":""stationary, unoccupied"",""confidence"":""high"",""evidence"":""no person or object on seat; chair upright and stable""}]","[{""atom"":""chair"",""type"":""object"",""verdict"":""supported"",""evidence"":""target is a clearly identifiable upholstered armchair""},{""atom"":""next to"",""type"":""relation"",""verdict"":""supported"",""evidence"":""chair is immediately adjacent to a small round white table to its right""},{""atom"":""the table"",""type"":""object"",""verdict"":""supported"",""evidence"":""small round white table is visible immediately to the right of the chair, serving as the relational anchor""}]",[],[],"[""upholstered armchair with rolled arms and skirted base"", ""light beige textured fabric"", ""positioned immediately left of small round white side table"", ""has a square decorative pillow on seat""]",high,same_category_instance_confusion,"The referring expression correctly binds to the GT target, an upholstered armchair adjacent to a small round side table. The baseline model failed due to same-category instance confusion, selecting a different wooden chair near a larger desk in the background."
hallu_000335_COCO_train2014_000000500400,COCO_train2014_000000500400.jpg,the pizza in front of the person,t2_vqa_grounding|t4_caption_grounding,yes,pizza,not_applicable,,not_applicable,"[{""part"":""crust"",""value"":""light beige to golden brown"",""confidence"":""high"",""evidence"":""outer rim of pizza shows baked dough color, slightly darker at edges""},{""part"":""sauce"",""value"":""red"",""confidence"":""high"",""evidence"":""visible tomato-based sauce beneath cheese""},{""part"":""cheese"",""value"":""off-white to pale yellow with browned spots"",""confidence"":""high"",""evidence"":""melted cheese covering most surface, with some toasted areas""}]","[{""part"":""crust"",""value"":""baked dough"",""confidence"":""high"",""evidence"":""porous, slightly puffy texture typical of leavened pizza crust""},{""part"":""topping layer"",""value"":""melted cheese and sauce"",""confidence"":""high"",""evidence"":""glossy, uneven surface consistent with melted dairy and tomato paste""}]","[{""attribute"":""round shape"",""confidence"":""high"",""evidence"":""circular perimeter visible in full crop""},{""attribute"":""served on white ceramic plate"",""confidence"":""high"",""evidence"":""white rim and glossy surface under pizza edge""}]","[{""value"":""stationary, served on table"",""confidence"":""high"",""evidence"":""resting flat on plate, no motion blur, tablecloth visible underneath""}]","[{""atom"":""the pizza"",""type"":""object"",""verdict"":""supported"",""evidence"":""one clearly visible pizza in foreground, fully enclosed by green box""},{""atom"":""in front of the person"",""type"":""relation"",""verdict"":""supported"",""evidence"":""person is seated behind the pizza along depth axis; pizza occludes lower part of person’s torso in full view""},{""atom"":""there is exactly one pizza in the green box"",""type"":""count"",""verdict"":""supported"",""evidence"":""only one pizza fully within green rectangle""},{""atom"":""the person is behind the pizza"",""type"":""relation"",""verdict"":""supported"",""evidence"":""person’s body appears in background, spatially behind the pizza plane""}]",[],[],"[""foreground pizza is larger and closer to camera"", ""foreground pizza rests on white plate with fork/knife beside it"", ""background pizza is smaller in apparent size and positioned behind the foreground pizza"", ""green box excludes the person and background pizza""]",high,same_category_instance_confusion,"The query uniquely identifies the foreground pizza relative to the person and a second background pizza. Baseline models failed by grounding the background pizza (same-category confusion) or the person (reference confusion), while the GT box correctly isolates the target foreground pizza."
hallu_000344_COCO_train2014_000000233485,COCO_train2014_000000233485.jpg,the laptop on the bed,t2_vqa_grounding|t4_caption_grounding,no,tablet,not_applicable,,not_applicable,"[{""part"":""screen"",""value"":""black"",""confidence"":""high"",""evidence"":""screen is off and uniformly black""},{""part"":""bezel"",""value"":""black"",""confidence"":""high"",""evidence"":""thin bezel surrounding screen is black""},{""part"":""case/edge"",""value"":""silver or light gray"",""confidence"":""medium"",""evidence"":""reflective metallic edge visible on left and bottom sides, consistent with aluminum casing""}]","[{""part"":""screen surface"",""value"":""glass"",""confidence"":""high"",""evidence"":""smooth, reflective surface with slight glare; typical of tablet glass""},{""part"":""frame/case"",""value"":""metal"",""confidence"":""medium"",""evidence"":""shiny, rigid edge with metallic sheen; no texture suggesting plastic""}]","[{""attribute"":""device orientation"",""confidence"":""high"",""evidence"":""landscape orientation (width > height)""},{""attribute"":""screen status"",""confidence"":""high"",""evidence"":""screen is off/dark, no backlight or content visible""},{""attribute"":""presence of stand or holder"",""confidence"":""high"",""evidence"":""black clip-like attachment visible on left side, holding device at angle""}]","[{""value"":""resting on fabric surface"",""confidence"":""high"",""evidence"":""placed flat on white wrinkled cloth (bedsheet)""}]","[{""atom"":""on the bed"",""type"":""relation"",""verdict"":""supported"",""evidence"":""device rests directly on white wrinkled fabric that spans the full image background, consistent with a bedsheet""}]","[{""atom"":""the laptop"",""type"":""object"",""verdict"":""contradicted"",""evidence"":""target is a tablet: no keyboard, no clamshell design, proportions match iPad-style tablet""}]",[],"[""black screen with silver metallic edge"", ""clip-style holder attached to left side"", ""landscape orientation, no keyboard"", ""positioned near pen and other small electronics on white fabric""]",medium,wrong_category,"The referring expression asks for a 'laptop', but the visual evidence confirms the GT target is a tablet with no keyboard or clamshell hinge. While the spatial relation 'on the bed' is supported, the object identity is contradicted, likely causing models to search for an actual laptop or confuse it with other electronic devices in the scene."
hallu_000345_COCO_train2014_000000033896,COCO_train2014_000000033896.jpg,the person next to the dining table,t4_caption_grounding,yes,person,female_presenting,"long dark hair visible, body shape and posture consistent with typical female presentation; no conflicting visual cues",stereotype_sensitive_cue,"[{""part"":""dress/top"",""value"":""white"",""confidence"":""high"",""evidence"":""shiny white fabric covering torso and arms""},{""part"":""gloves"",""value"":""black"",""confidence"":""high"",""evidence"":""black gloves on both hands, clearly visible""},{""part"":""leggings/stockings"",""value"":""black"",""confidence"":""high"",""evidence"":""black opaque leg coverings from thigh down""},{""part"":""hair"",""value"":""dark brown/black"",""confidence"":""high"",""evidence"":""long dark hair falling over back and shoulders""}]","[{""part"":""dress/top"",""value"":""satin or shiny synthetic"",""confidence"":""high"",""evidence"":""strong specular highlights and smooth surface sheen""},{""part"":""gloves"",""value"":""leather or faux leather"",""confidence"":""medium"",""evidence"":""smooth matte black surface with slight creasing at knuckles""},{""part"":""leggings/stockings"",""value"":""opaque fabric"",""confidence"":""high"",""evidence"":""uniform matte black coverage without transparency""}]","[{""attribute"":""bending forward at waist"",""confidence"":""high"",""evidence"":""torso nearly parallel to table surface, head lowered toward table""},{""attribute"":""hands on table edge"",""confidence"":""high"",""evidence"":""both gloved hands placed on white tablecloth near edge""},{""attribute"":""wearing short dress/smock"",""confidence"":""high"",""evidence"":""garment ends mid-thigh, revealing legs""}]","[{""value"":""leaning over dining table"",""confidence"":""high"",""evidence"":""body positioned closely over table, head near surface, posture suggests inspection or interaction""}]","[{""atom"":""the person"",""type"":""object"",""verdict"":""supported"",""evidence"":""one clearly visible person in green box""},{""atom"":""next to"",""type"":""relation"",""verdict"":""supported"",""evidence"":""person’s body contacts and leans over table edge; zero separation""},{""atom"":""the dining table"",""type"":""object"",""verdict"":""supported"",""evidence"":""rectangular table covered with white cloth, with blender on top — consistent with dining setup""}]",[],[],"[""person has dark hair (vs. distractor's reddish-blonde hair)"", ""person is on left side of table (distractor is on right)"", ""green box tightly fits only the left person""]",high,same_category_instance_confusion,"The query correctly describes the GT target, a female-presenting person in a white dress leaning over the table. However, the expression is highly ambiguous as there is a second person in an identical outfit and pose on the other side of the same table. The baseline model failed due to same-category instance confusion, selecting the right-side person instead of the left-side GT target."
hallu_000375_COCO_train2014_000000246539,COCO_train2014_000000246539.jpg,the person's foot next to the apple,t2_vqa_grounding,yes,person,unclear,,unclear,"[{""part"":""skin"",""value"":""medium brown"",""confidence"":""high"",""evidence"":""uniform skin tone visible on foot and ankle""}]","[{""part"":""skin"",""value"":""human skin"",""confidence"":""high"",""evidence"":""natural texture, pores, slight sheen, anatomical structure of foot""}]","[{""attribute"":""barefoot"",""confidence"":""high"",""evidence"":""no footwear; toes and sole directly contacting surface""},{""attribute"":""foot resting flat on surface"",""confidence"":""high"",""evidence"":""sole fully in contact with light wood surface; no elevation or arching""}]","[{""value"":""stationary"",""confidence"":""high"",""evidence"":""no motion blur; static pose""}]","[{""atom"":""the person's foot"",""type"":""object"",""verdict"":""supported"",""evidence"":""GT box tightly encloses a human foot with visible toes, instep, and ankle""},{""atom"":""next to"",""type"":""relation"",""verdict"":""supported"",""evidence"":""foot is to the left of the fruit bowl containing apples, satisfying a loose next to relation despite a small gap""},{""atom"":""the apple"",""type"":""object"",""verdict"":""supported"",""evidence"":""multiple red apples visible inside green bowl near the foot""}]",[],[],"[""lower-left quadrant foot"", ""foot is bare and resting flat"", ""closest foot to the fruit bowl""]",high,same_category_instance_confusion,"The baseline model localized the other foot of the same person, which is higher up in the image. Both are bare feet, leading to same-category instance confusion. The GT target is the specific foot in the lower-left quadrant, which is spatially closer to the bowl of apples."
hallu_000403_COCO_train2014_000000004578,COCO_train2014_000000004578.jpg,the dining table next to the window,t2_vqa_grounding|t4_caption_grounding,yes,dining table,not_applicable,,not_applicable,"[{""part"":""tablecloth"",""value"":""white"",""confidence"":""high"",""evidence"":""solid white fabric covering the table surface, visible in full and crop""},{""part"":""table legs"",""value"":""light brown wood"",""confidence"":""high"",""evidence"":""exposed wooden legs under tablecloth, visible in crop""}]","[{""part"":""tablecloth"",""value"":""fabric"",""confidence"":""high"",""evidence"":""draped textile with soft folds and slight sheen""},{""part"":""table legs"",""value"":""wood"",""confidence"":""high"",""evidence"":""grain and texture visible on legs in crop""}]","[{""attribute"":""rectangular shape"",""confidence"":""medium"",""evidence"":""visible top edge and two legs suggest rectangular form; full extent not visible""},{""attribute"":""covered with tablecloth"",""confidence"":""high"",""evidence"":""entire visible surface is covered by white cloth""}]",[],"[{""atom"":""the dining table"",""type"":""object"",""verdict"":""supported"",""evidence"":""green box encloses a table with white tablecloth and wooden legs""},{""atom"":""next to the window"",""type"":""relation"",""verdict"":""supported"",""evidence"":""green box shares a vertical boundary with the left window frame; tablecloth hangs near window sill""}]",[],[],"[""immediate adjacency to the left window (not the right window)"", ""only table with a chair fully visible on its left side within the green box"", ""positioned in front of the hutch, whereas other tables are more central/right""]",high,same_category_instance_confusion,"The referring expression correctly identifies the ground truth dining table located directly adjacent to the left window. Baseline models failed due to the presence of two other dining tables in the scene, leading to same-category instance confusion."
hallu_000418_COCO_train2014_000000431704,COCO_train2014_000000431704.jpg,the dining table with a bowl and donuts,t4_caption_grounding,yes,dining table,not_applicable,,not_applicable,"[{""part"":""tabletop surface"",""value"":""dark brown"",""confidence"":""high"",""evidence"":""weathered wood with visible grain and darker staining""},{""part"":""table edge/support"",""value"":""light brown / natural wood"",""confidence"":""medium"",""evidence"":""exposed underside and leg appear lighter, possibly unfinished wood""}]","[{""part"":""tabletop"",""value"":""wood"",""confidence"":""high"",""evidence"":""clear wood grain, texture, and plank construction visible""},{""part"":""table legs/support"",""value"":""wood"",""confidence"":""high"",""evidence"":""same grain pattern and construction style as tabletop""}]","[{""attribute"":""surface condition: worn/used"",""confidence"":""high"",""evidence"":""scratches, uneven finish, and visible wear on top surface""},{""attribute"":""construction: rustic/plank-based"",""confidence"":""high"",""evidence"":""visible seam between planks and simple joinery""}]",[],"[{""atom"":""the dining table"",""type"":""object"",""verdict"":""supported"",""evidence"":""GT box encloses a wooden table surface with objects resting on it""},{""atom"":""with a bowl"",""type"":""relation"",""verdict"":""supported"",""evidence"":""white bowl rests on the table within the GT box""}]",[],"[{""atom"":""and donuts"",""type"":""relation"",""verdict"":""not_visible"",""evidence"":""donuts are on a red tray located above and outside the GT box; not inside the grounded region""}]","[""presence of white bowl and open yellow-labeled can on wooden surface"", ""rough-hewn wooden plank texture unique to this table section""]",low,wrong_category,"The GT box correctly localizes the front portion of the dining table containing the bowl, but excludes the donuts which are on a tray further back on the same table. The baseline model failed by predicting a region on the thatched wall, completely missing the table."
hallu_000434_COCO_train2014_000000324332,COCO_train2014_000000324332.jpg,the bus next to the people,t2_vqa_grounding|t4_caption_grounding,yes,bus,not_applicable,,not_applicable,"[{""part"":""front lower body"",""value"":""green"",""confidence"":""high"",""evidence"":""distinct green paint on lower front bumper/panel""},{""part"":""front upper body"",""value"":""white"",""confidence"":""high"",""evidence"":""white panel above green section""},{""part"":""side mirror housing"",""value"":""black"",""confidence"":""high"",""evidence"":""black casing around side mirror""},{""part"":""window frame / trim"",""value"":""black"",""confidence"":""high"",""evidence"":""black vertical trim along window edge""}]","[{""part"":""body panels"",""value"":""painted metal"",""confidence"":""medium"",""evidence"":""smooth, reflective surface consistent with painted bus exterior""},{""part"":""windshield"",""value"":""glass"",""confidence"":""high"",""evidence"":""transparent with reflections and distortion typical of vehicle windshield""}]","[{""attribute"":""open passenger door"",""confidence"":""high"",""evidence"":""door is ajar, revealing interior steps and threshold""},{""attribute"":""side-view mirror attached"",""confidence"":""high"",""evidence"":""large rectangular mirror mounted on black arm""}]","[{""value"":""stationary (parked)"",""confidence"":""high"",""evidence"":""bus is aligned with curb/platform, people standing beside it without motion blur""}]","[{""atom"":""the bus"",""type"":""object"",""verdict"":""supported"",""evidence"":""Green-and-white bus clearly visible in GT box; matches category hint.""},{""atom"":""next to the people"",""type"":""relation"",""verdict"":""supported"",""evidence"":""People (including man in white shirt) are directly beside and interacting with the GT bus's open door.""}]",[],[],"[""green lower front panel (vs orange bus on left)"", ""open passenger door with person standing in it"", ""black side-view mirror housing visible on left side of bus"", ""positioned on far right of scene, adjacent to people""]",high,same_category_instance_confusion,"The referring expression correctly describes the GT green-and-white bus, which has people standing near its open door. However, the expression is highly ambiguous because another bus (orange-and-white) on the left also has people next to it. The baselines failed by selecting the wrong bus instance due to this same-category instance confusion."
hallu_000438_COCO_train2014_000000074078,COCO_train2014_000000074078.jpg,the couch next to the fireplace,t2_vqa_grounding,yes,couch,not_applicable,,not_applicable,"[{""part"":""upholstery"",""value"":""plaid pattern with green, brown, red, and beige"",""confidence"":""high"",""evidence"":""clear plaid textile pattern visible across the entire couch surface""},{""part"":""pillow"",""value"":""dark maroon"",""confidence"":""high"",""evidence"":""solid dark maroon pillow resting on the couch backrest""},{""part"":""blanket"",""value"":""yellow, black, white plaid"",""confidence"":""high"",""evidence"":""folded plaid blanket draped over the seat cushion""}]","[{""part"":""upholstery"",""value"":""fabric"",""confidence"":""high"",""evidence"":""visible weave texture and soft folds consistent with upholstered fabric""},{""part"":""pillow"",""value"":""fabric"",""confidence"":""high"",""evidence"":""same textile appearance as couch upholstery""}]","[{""attribute"":""armrests present"",""confidence"":""high"",""evidence"":""two visible armrests, one on left and one on right side of couch""},{""attribute"":""multiple cushions"",""confidence"":""high"",""evidence"":""distinct back and seat cushions visible""},{""attribute"":""occupied by dog and blanket"",""confidence"":""high"",""evidence"":""black dog lying on seat; plaid blanket draped over it""}]","[{""value"":""being sat/lay on by a dog"",""confidence"":""high"",""evidence"":""black dog lying on the seat cushion, partially covered by blanket""},{""value"":""stationary"",""confidence"":""high"",""evidence"":""no motion blur; fixed position relative to fireplace and floor""}]","[{""atom"":""couch"",""type"":""object"",""verdict"":""supported"",""evidence"":""GT box encloses a clearly identifiable plaid-upholstered couch""},{""atom"":""next to the fireplace"",""type"":""relation"",""verdict"":""supported"",""evidence"":""fireplace is immediately to the right of the couch; their bounding boxes touch""}]",[],[],"[""plaid green-brown-red-beige upholstery"", ""black dog lying on seat"", ""maroon pillow on backrest"", ""immediate adjacency to brick fireplace on right""]",high,same_category_instance_confusion,"The referring expression accurately describes the GT target, a plaid couch next to a fireplace. The baseline model failed by predicting a different piece of seating furniture (an armchair) located elsewhere in the room, demonstrating same-category instance confusion among multiple distractors."
hallu_000462_COCO_train2014_000000241342,COCO_train2014_000000241342.jpg,the person in front of the skateboard,t2_vqa_grounding,no,person,unclear,"only lower body visible: red-and-white striped pants, red shoes, red-and-white striped socks; no facial or upper-body cues",unclear,"[{""part"":""pants"",""value"":""red and white vertical stripes"",""confidence"":""high"",""evidence"":""clear alternating red and white bands running vertically""},{""part"":""socks"",""value"":""red and white horizontal stripes"",""confidence"":""high"",""evidence"":""distinct red and white bands around ankle/calf""},{""part"":""shoes"",""value"":""red"",""confidence"":""high"",""evidence"":""solid reddish-brown leather-like shoes""}]","[{""part"":""pants"",""value"":""fabric"",""confidence"":""medium"",""evidence"":""soft drape and slight wrinkling typical of woven fabric""},{""part"":""shoes"",""value"":""leather or synthetic leather"",""confidence"":""medium"",""evidence"":""smooth surface with subtle sheen and stitching details""}]","[{""attribute"":""pants are baggy/clown-style"",""confidence"":""high"",""evidence"":""excess fabric gathered at ankles, wide leg silhouette""}]","[{""value"":""standing"",""confidence"":""high"",""evidence"":""feet flat on ground, upright posture implied by leg alignment""}]","[{""atom"":""the person"",""type"":""object"",""verdict"":""supported"",""evidence"":""green box encloses a human lower body""}]","[{""atom"":""in front of the skateboard"",""type"":""relation"",""verdict"":""contradicted"",""evidence"":""skateboard is held by a different person to the left; no skateboard is behind the green-boxed person""}]",[],"[""red-and-white vertically striped baggy pants"", ""matching red-and-white horizontally striped socks"", ""red lace-up shoes"", ""position to the right of the skateboard-holding person""]",high,same_category_instance_confusion,"The referring expression 'the person in front of the skateboard' is spatially inaccurate for the GT target, as the skateboard is held by a different person to the left. The baseline model grounded the person actually interacting with the skateboard, leading to same-category instance confusion driven by the misleading relational cue in the query."
hallu_000481_COCO_train2014_000000389188,COCO_train2014_000000389188.jpg,the tennis racket in the person's hand,t2_vqa_grounding|t4_caption_grounding,uncertain,tennis racket,male_presenting,"visible short hair, facial features, and attire (white polo + shorts) consistent with male presentation of the person holding the racket",stereotype_sensitive_cue,"[{""part"":""frame"",""value"":""black"",""confidence"":""high"",""evidence"":""entire frame appears uniformly black in the crop""},{""part"":""grip"",""value"":""white"",""confidence"":""high"",""evidence"":""handle wrapped in white tape, clearly visible""},{""part"":""strings"",""value"":""white"",""confidence"":""high"",""evidence"":""string bed is white/light-colored, contrasting with black frame""}]","[{""part"":""frame"",""value"":""composite/metal"",""confidence"":""medium"",""evidence"":""smooth, non-wooden surface; typical modern racket construction""},{""part"":""grip"",""value"":""foam/tape"",""confidence"":""high"",""evidence"":""textured white wrap consistent with overgrip tape""},{""part"":""strings"",""value"":""synthetic gut or polyester"",""confidence"":""medium"",""evidence"":""uniform white strings, no visible natural fiber texture""}]","[{""attribute"":""held in right hand"",""confidence"":""high"",""evidence"":""racket held by person’s right hand, thumb on top of grip, fingers wrapped around""},{""attribute"":""head oriented vertically"",""confidence"":""high"",""evidence"":""racket head upright, parallel to body axis""}]","[{""value"":""being held stationary"",""confidence"":""high"",""evidence"":""no motion blur; person standing still, racket not in swing""}]","[{""atom"":""the tennis racket"",""type"":""object"",""verdict"":""supported"",""evidence"":""green box tightly encloses a tennis racket held by a person""},{""atom"":""in the person's hand"",""type"":""relation"",""verdict"":""supported"",""evidence"":""racket grip fully grasped by right hand; fingers and thumb visible around handle""},{""atom"":""person"",""type"":""object"",""verdict"":""supported"",""evidence"":""upper torso and arm of a person visible holding the racket""}]",[],[],"[""racket held by person on left (viewer’s left) side of net"", ""person holding GT racket has dark curly hair and wears black wristband on left wrist"", ""GT racket is slightly more vertical and closer to camera than distractor""]",high,same_category_instance_confusion,"The referring expression is visually ambiguous because two people are holding tennis rackets on opposite sides of the net. The baselines selected the distractor racket held by the person on the right, causing zero IoU due to same-category instance confusion."
hallu_000484_COCO_train2014_000000159768,COCO_train2014_000000159768.jpg,the person next to the dining table,t4_caption_grounding,yes,person,female_presenting,"visible long hair, facial features, and clothing style consistent with female presentation",stereotype_sensitive_cue,"[{""part"":""top"",""value"":""green and dark blue horizontal stripes"",""confidence"":""high"",""evidence"":""clear striped pattern on upper garment""},{""part"":""hair"",""value"":""dark brown/black"",""confidence"":""high"",""evidence"":""long dark hair visible over shoulders""},{""part"":""lanyard"",""value"":""black with white text"",""confidence"":""medium"",""evidence"":""thin black strap with faint white markings around neck""}]","[{""part"":""top"",""value"":""knit fabric"",""confidence"":""medium"",""evidence"":""soft drape and visible texture of striped garment""},{""part"":""lanyard"",""value"":""synthetic strap"",""confidence"":""medium"",""evidence"":""smooth, non-reflective flat strap""}]","[{""attribute"":""seated at dining table"",""confidence"":""high"",""evidence"":""upper torso visible above white tablecloth; plate and glass in front""},{""attribute"":""wearing lanyard"",""confidence"":""high"",""evidence"":""black strap with white text visible around neck""}]","[{""value"":""sitting"",""confidence"":""high"",""evidence"":""posture with shoulders level, head upright, no indication of standing or moving""},{""value"":""looking slightly downward"",""confidence"":""high"",""evidence"":""gaze direction toward lower right, not directly at camera""}]","[{""atom"":""the person"",""type"":""object"",""verdict"":""supported"",""evidence"":""green box encloses a single visible person""},{""atom"":""next to the dining table"",""type"":""relation"",""verdict"":""supported"",""evidence"":""person is seated at and physically adjacent to the white dining table; plate and glass are on the table directly before them""}]",[],[],"[""striped green-and-blue top"", ""black lanyard with white text"", ""seated to the right of the other person at the table"", ""plate with fried food and carrots directly in front""]",high,same_category_instance_confusion,"The query 'the person next to the dining table' applies equally to both individuals seated at the table. The baseline model grounded the other person (wearing a red shirt on the left), causing a zero IoU due to same-category instance confusion."
hallu_000497_COCO_train2014_000000428446,COCO_train2014_000000428446.jpg,the dining table with a green placemat,t4_caption_grounding,yes,dining table,not_applicable,,not_applicable,"[{""part"":""placemat"",""value"":""green"",""confidence"":""high"",""evidence"":""solid green woven placemat visible in full within green GT box""},{""part"":""table surface"",""value"":""light brown wood"",""confidence"":""high"",""evidence"":""wood grain visible beneath and around placemat""}]","[{""part"":""placemat"",""value"":""woven fabric"",""confidence"":""high"",""evidence"":""visible vertical ribbed texture consistent with woven textile""},{""part"":""table"",""value"":""wood"",""confidence"":""high"",""evidence"":""clear wood grain pattern on surface""}]","[{""attribute"":""placemat has scalloped edge"",""confidence"":""high"",""evidence"":""bottom edge of placemat shows evenly spaced curved indentations""},{""attribute"":""placemat is rectangular"",""confidence"":""high"",""evidence"":""top and bottom edges are straight and parallel; left/right sides partially visible but consistent with rectangle""}]","[{""value"":""stationary"",""confidence"":""high"",""evidence"":""no motion blur; static scene""}]","[{""atom"":""dining table"",""type"":""object"",""verdict"":""supported"",""evidence"":""wooden surface with placemat matches typical dining table appearance""},{""atom"":""green"",""type"":""color"",""verdict"":""supported"",""evidence"":""placemat is uniformly green in hue and saturation""},{""atom"":""placemat"",""type"":""object"",""verdict"":""supported"",""evidence"":""solid green woven placemat visible in full within green GT box""},{""atom"":""with"",""type"":""relation"",""verdict"":""supported"",""evidence"":""placemat is directly on top of the table surface inside GT box""}]",[],[],"[""green woven placemat with scalloped bottom edge"", ""placemat lies on light wood table without any food or dish on it"", ""GT box contains only table surface and placemat, no food""]",high,same_category_instance_confusion,"The query refers to a dining table with a green placemat, but there are multiple green placemats on the same table. The baseline model grounded a different green placemat that had food and cutlery on it, confusing it with the GT target which is an empty green placemat."
hallu_000518_COCO_train2014_000000263623,COCO_train2014_000000263623.jpg,the cat next to the plate,t2_vqa_grounding|t4_caption_grounding,no,cat,unclear,,unclear,"[{""part"":""body"",""value"":""black and white"",""confidence"":""high"",""evidence"":""distinct black patches on back and head, white chest and paws visible under table""}]","[{""part"":""fur"",""value"":""soft/furry"",""confidence"":""high"",""evidence"":""texture visible in low-light crop; typical cat fur appearance""}]","[{""attribute"":""position: lying down"",""confidence"":""high"",""evidence"":""body stretched horizontally under furniture, limbs relaxed""},{""attribute"":""location: under table or furniture"",""confidence"":""high"",""evidence"":""dark horizontal edge above cat suggests underside of table; cat partially obscured by plate in foreground""}]","[{""value"":""resting"",""confidence"":""high"",""evidence"":""relaxed posture, no motion blur, eyes partially closed or squinting""}]","[{""atom"":""the cat"",""type"":""object"",""verdict"":""supported"",""evidence"":""green box encloses a black-and-white cat lying under furniture""},{""atom"":""the plate"",""type"":""object"",""verdict"":""supported"",""evidence"":""white circular plate clearly visible in foreground""}]","[{""atom"":""next to"",""type"":""relation"",""verdict"":""contradicted"",""evidence"":""cat is under the table while plate is on lap; spatial relation is vertical/depth-separated, not lateral adjacency""}]",[],"[""black-and-white fur pattern"", ""location under dark furniture edge"", ""partial occlusion by plate rim""]",high,same_category_instance_confusion,"The GT box contains a black-and-white cat lying under a table, which is vertically separated from the plate on the lap, contradicting the 'next to' relation. The baselines confused the GT target with a second tabby cat in the foreground, which is likely the one actually adjacent to the plate."
hallu_000552_COCO_train2014_000000289425,COCO_train2014_000000289425.jpg,the baseball player in front of the glove,t2_vqa_grounding|t4_caption_grounding,yes,person,male_presenting,"visible short hair under helmet, athletic build, typical male baseball uniform",stereotype_sensitive_cue,"[{""part"":""jersey"",""value"":""white with blue lettering and trim"",""confidence"":""high"",""evidence"":""back of jersey shows 'CRAWFORD' and '25' in blue; sleeve cuffs and waistband are blue""},{""part"":""pants"",""value"":""white"",""confidence"":""high"",""evidence"":""full-length white baseball pants""},{""part"":""helmet"",""value"":""blue"",""confidence"":""high"",""evidence"":""shiny blue batting helmet""}]","[{""part"":""helmet"",""value"":""hard plastic or composite"",""confidence"":""high"",""evidence"":""glossy surface with specular highlights""}]","[{""attribute"":""name and number on back"",""confidence"":""high"",""evidence"":""clearly legible 'CRAWFORD' above '25' in blue block letters""}]","[{""value"":""walking on dirt infield"",""confidence"":""high"",""evidence"":""mid-stride posture, feet on brown dirt, body in motion""}]","[{""atom"":""the baseball player"",""type"":""object"",""verdict"":""supported"",""evidence"":""person wearing full baseball uniform (helmet, jersey, pants) on a baseball field""},{""atom"":""in front of"",""type"":""relation"",""verdict"":""supported"",""evidence"":""target is spatially closer to the viewer than the reference object""},{""atom"":""the glove"",""type"":""object"",""verdict"":""supported"",""evidence"":""a tan glove is visible in the scene, held by another player behind the target""}]",[],[],"[""back-facing view with 'CRAWFORD 25' in blue on white jersey"", ""position closer to camera than the glove-holder"", ""not holding a glove""]",high,same_category_instance_confusion,"The referring expression accurately describes the GT target as the baseball player positioned closer to the camera than the glove. The baselines failed by selecting the other baseball player who is actually holding the glove, indicating same-category instance confusion driven by the reference object."
hallu_000554_COCO_train2014_000000111142,COCO_train2014_000000111142.jpg,the person next to the pizza,t4_caption_grounding,yes,person,female_presenting,"short dark hair, visible facial features including nose ring and subtle makeup",no_automatic_flag,"[{""part"":""hair"",""value"":""dark brown/black"",""confidence"":""high"",""evidence"":""short, dark hair visible""},{""part"":""shirt"",""value"":""light gray or off-white"",""confidence"":""medium"",""evidence"":""light-colored fabric covering shoulder and upper arm""},{""part"":""ring"",""value"":""silver"",""confidence"":""high"",""evidence"":""metallic ring on left ring finger""},{""part"":""bracelet"",""value"":""gold-toned"",""confidence"":""high"",""evidence"":""multiple linked metallic bands on left wrist""},{""part"":""nose ring"",""value"":""silver"",""confidence"":""high"",""evidence"":""small metallic stud piercing left nostril""}]","[{""part"":""ring"",""value"":""metal"",""confidence"":""high"",""evidence"":""reflective, rigid, smooth surface""},{""part"":""bracelet"",""value"":""metal"",""confidence"":""high"",""evidence"":""linked chain structure, specular highlights""},{""part"":""shirt"",""value"":""fabric"",""confidence"":""medium"",""evidence"":""soft drape, slight texture visible near collar""}]","[{""attribute"":""looking down at pizza"",""confidence"":""high"",""evidence"":""gaze direction clearly downward toward pizza edge""},{""attribute"":""left hand resting near pizza"",""confidence"":""high"",""evidence"":""hand visible just above pizza crust""}]","[{""value"":""leaning forward"",""confidence"":""high"",""evidence"":""head and torso angled toward table/pizza""},{""value"":""observing pizza"",""confidence"":""high"",""evidence"":""eyes directed at pizza""}]","[{""atom"":""the person"",""type"":""object"",""verdict"":""supported"",""evidence"":""GT box encloses a person""},{""atom"":""next to"",""type"":""relation"",""verdict"":""supported"",""evidence"":""person is immediately adjacent to the pizza with hand near crust""},{""atom"":""the pizza"",""type"":""object"",""verdict"":""supported"",""evidence"":""pizza is visible in the lower-left portion of the frame""}]",[],[],"[""position on the right side of the pizza"", ""left hand resting very close to the pizza crust"", ""female-presenting appearance with nose ring and bracelets""]",high,same_category_instance_confusion,"The referring expression 'the person next to the pizza' is ambiguous because there are two people next to the pizza. The baseline model incorrectly grounded the male-presenting person on the left, while the GT target is the female-presenting person on the right whose hand is closer to the pizza crust."
hallu_000588_COCO_train2014_000000025353,COCO_train2014_000000025353.jpg,the person standing next to the snowboard,t4_caption_grounding,yes,person,male_presenting,"visible facial hair (stubble), short hair, and masculine facial structure",no_automatic_flag,"[{""part"":""jacket"",""value"":""black"",""confidence"":""high"",""evidence"":""uniform dark tone across entire jacket in grayscale; no lighter patches""},{""part"":""pants"",""value"":""black"",""confidence"":""high"",""evidence"":""same dark tone as jacket, consistent with black snow pants""},{""part"":""gloves"",""value"":""black"",""confidence"":""high"",""evidence"":""dark hand coverings held in hands, matching jacket/pants""},{""part"":""boots"",""value"":""dark (likely black)"",""confidence"":""medium"",""evidence"":""very dark footwear partially visible at bottom; indistinguishable from pants in grayscale""}]","[{""part"":""jacket"",""value"":""synthetic winter outerwear"",""confidence"":""medium"",""evidence"":""lack of visible fabric texture, slight sheen on shoulders, typical ski/snowboard jacket silhouette""},{""part"":""pants"",""value"":""synthetic snow pants"",""confidence"":""medium"",""evidence"":""tight fit around legs, smooth surface, no creasing typical of cotton/wool""}]","[{""attribute"":""wearing goggles on head"",""confidence"":""high"",""evidence"":""dark band across forehead with visible lens outline above eyebrows""},{""attribute"":""holding small dark object in right hand"",""confidence"":""high"",""evidence"":""rectangular dark item gripped in right hand, possibly camera or phone""}]","[{""value"":""standing"",""confidence"":""high"",""evidence"":""full-body upright posture, feet on ground, no motion blur""},{""value"":""looking toward camera"",""confidence"":""high"",""evidence"":""eyes directed forward, slight smile, head facing viewer""}]","[{""atom"":""the person"",""type"":""object"",""verdict"":""supported"",""evidence"":""GT box encloses a single visible person""},{""atom"":""standing"",""type"":""action_state"",""verdict"":""supported"",""evidence"":""upright posture, feet on ground""},{""atom"":""next to the snowboard"",""type"":""relation"",""verdict"":""supported"",""evidence"":""snowboard edge and binding are immediately adjacent to person’s right side""},{""atom"":""one person"",""type"":""count"",""verdict"":""supported"",""evidence"":""only one person inside GT box""}]",[],[],"[""standing posture (vs. sitting distractor)"", ""position relative to snowboard: standing beside it (not straddling)"", ""black outfit vs. light-gray jacket of distractor"", ""goggles worn on head (distractor has goggles on eyes)""]",high,same_category_instance_confusion,"The baseline model selected a different person in the scene who is sitting on a snowboard, confusing two same-category instances that both satisfy the general context of being near a snowboard, but only the GT target is explicitly standing next to it."
hallu_000596_COCO_train2014_000000546261,COCO_train2014_000000546261.jpg,the bicycle next to the person,t2_vqa_grounding|t4_caption_grounding,yes,bicycle,not_applicable,,not_applicable,"[{""part"":""front wheel rim"",""value"":""silver/metallic"",""confidence"":""high"",""evidence"":""reflective metallic rim visible in crop""},{""part"":""tire"",""value"":""black"",""confidence"":""high"",""evidence"":""black tire with tread pattern partially visible""},{""part"":""fork/brake assembly"",""value"":""blue"",""confidence"":""high"",""evidence"":""blue painted metal fork visible left of wheel""},{""part"":""spokes"",""value"":""silver"",""confidence"":""high"",""evidence"":""thin silver wires radiating from hub""},{""part"":""hub"",""value"":""silver with black center"",""confidence"":""medium"",""evidence"":""circular hub with dark center, likely disc brake rotor""}]","[{""part"":""rim"",""value"":""metal"",""confidence"":""high"",""evidence"":""shiny reflective surface consistent with aluminum alloy""},{""part"":""tire"",""value"":""rubber"",""confidence"":""high"",""evidence"":""matte black flexible appearance typical of bike tires""},{""part"":""fork"",""value"":""painted metal"",""confidence"":""high"",""evidence"":""solid blue surface with slight sheen, rigid structure""}]","[{""attribute"":""partial view: only front wheel and fork visible"",""confidence"":""high"",""evidence"":""crop shows only wheel, spokes, hub, and part of blue fork; no frame, seat, or pedals visible""},{""attribute"":""disc brake present"",""confidence"":""medium"",""evidence"":""dark circular disc behind hub, consistent with disc brake rotor""}]","[{""value"":""stationary / parked"",""confidence"":""high"",""evidence"":""wheel upright against wall, no motion blur, person seated beside it""}]","[{""atom"":""the bicycle"",""type"":""object"",""verdict"":""supported"",""evidence"":""green box precisely covers front wheel and fork of a bicycle""},{""atom"":""next to the person"",""type"":""relation"",""verdict"":""supported"",""evidence"":""bicycle wheel is adjacent to seated man; dog lies in immediate contact zone but does not break adjacency""},{""atom"":""person"",""type"":""object"",""verdict"":""supported"",""evidence"":""man in brown shirt and blue cap clearly visible beside bicycle""},{""atom"":""only one bicycle in GT region"",""type"":""count"",""verdict"":""supported"",""evidence"":""GT crop shows exactly one wheel/fork assembly; no other bike parts in box""},{""atom"":""bicycle is upright/parked"",""type"":""action_state"",""verdict"":""supported"",""evidence"":""no motion blur, wheel vertical, supported by wall and possibly kickstand (not visible)""}]",[],[],"[""blue-painted fork distinguishes this bicycle from other bikes possibly present"", ""front wheel only (no rear wheel visible) confirms partial view"", ""proximity to man’s left side and black dog identifies correct instance among potential distractors""]",medium,same_category_instance_confusion,"The referring expression accurately describes the target bicycle, which is partially visible (front wheel and blue fork) and located next to a seated person. Baseline models failed by either selecting a different bicycle instance or grounding the reference person instead of the target bicycle."
hallu_000602_COCO_train2014_000000492408,COCO_train2014_000000492408.jpg,the umbrella held by the person,t2_vqa_grounding|t4_caption_grounding,yes,umbrella,not_applicable,,not_applicable,"[{""part"":""canopy"",""value"":""dark gray/black"",""confidence"":""high"",""evidence"":""uniform dark canopy with slight sheen; appears wet""},{""part"":""shaft/rib structure"",""value"":""black"",""confidence"":""high"",""evidence"":""thin black ribs and central shaft visible through canopy""}]","[{""part"":""canopy"",""value"":""waterproof fabric"",""confidence"":""medium"",""evidence"":""smooth surface with water droplets beading, slight translucency in bright areas""},{""part"":""frame"",""value"":""metal"",""confidence"":""medium"",""evidence"":""thin, rigid, reflective ribs and shaft consistent with metal construction""}]","[{""attribute"":""wet surface"",""confidence"":""high"",""evidence"":""visible water droplets scattered across canopy""},{""attribute"":""open"",""confidence"":""high"",""evidence"":""full canopy spread, ribs extended""}]","[{""value"":""being held aloft"",""confidence"":""high"",""evidence"":""hands gripping shaft visible at bottom edge of green box in full image""}]","[{""atom"":""the umbrella"",""type"":""object"",""verdict"":""supported"",""evidence"":""green box tightly encloses a single open umbrella""},{""atom"":""held by the person"",""type"":""relation"",""verdict"":""supported"",""evidence"":""in full image, hands gripping shaft are visible just below green box; orange box (person) directly under green box confirms holding relation""}]",[],[],"[""positioned to the right of the other umbrella"", ""held by the person whose back is visible below it""]",high,same_category_instance_confusion,"The referring expression correctly identifies the target umbrella, which is held by a person. Baselines failed by either selecting the other umbrella in the scene (same-category instance confusion) or the person holding it (target-reference role swap)."
hallu_000613_COCO_train2014_000000567678,COCO_train2014_000000567678.jpg,the chair in front of the table,t4_caption_grounding,yes,chair,not_applicable,,not_applicable,"[{""part"":""seat and backrest"",""value"":""white or light gray"",""confidence"":""high"",""evidence"":""light-colored fabric or plastic seat/back visible in crop; appears off-white under dim lighting""},{""part"":""frame and legs"",""value"":""silver metallic"",""confidence"":""high"",""evidence"":""reflective metal tubing forming frame and legs, visible in green box crop""},{""part"":""armrest/edge trim"",""value"":""black"",""confidence"":""high"",""evidence"":""thin black strip along top edge of backrest/seat junction, clearly visible in green box""}]","[{""part"":""frame and legs"",""value"":""metal (tubular)"",""confidence"":""high"",""evidence"":""shiny, cylindrical, reflective structure consistent with chrome or aluminum tubing""},{""part"":""seat and backrest"",""value"":""plastic or molded fabric"",""confidence"":""medium"",""evidence"":""smooth, slightly curved surface without visible weave; could be hard plastic or padded fabric—resolution too low to definitively distinguish""}]","[{""attribute"":""folding chair design"",""confidence"":""high"",""evidence"":""X-shaped leg joint visible beneath seat, characteristic of folding chairs""},{""attribute"":""positioned under table edge"",""confidence"":""high"",""evidence"":""top of chair back is partially obscured by wooden table edge; chair is clearly placed beneath the tabletop""}]","[{""value"":""stationary"",""confidence"":""high"",""evidence"":""no motion blur; fixed position relative to table""}]","[{""atom"":""the chair"",""type"":""object"",""verdict"":""supported"",""evidence"":""green box encloses a chair matching structural features""},{""atom"":""in front of the table"",""type"":""relation"",""verdict"":""supported"",""evidence"":""chair’s back is occluded by table edge, indicating it sits beneath and in front of the table""}]",[],[],"[""black trim along top edge of backrest"", ""silver tubular X-frame legs visible beneath seat"", ""position directly under front edge of wooden table""]",high,same_category_instance_confusion,"The referring expression correctly identifies the target chair, which is a white and silver folding chair with black trim positioned in front of and partially under the table. The baseline model failed due to same-category instance confusion, selecting a different dark wooden chair on the left side of the image."
hallu_000618_COCO_train2014_000000380661,COCO_train2014_000000380661.jpg,the chair next to the dining table,t2_vqa_grounding|t4_caption_grounding,yes,chair,not_applicable,,not_applicable,"[{""part"":""seat/backrest"",""value"":""brown"",""confidence"":""high"",""evidence"":""woven texture with consistent brown/tan hue""}]","[{""part"":""seat/backrest"",""value"":""wicker/rattan"",""confidence"":""high"",""evidence"":""interlaced woven pattern typical of natural fiber furniture""}]","[{""attribute"":""armrest visible"",""confidence"":""high"",""evidence"":""curved wooden or wicker armrest on left side in crop""}]",[],"[{""atom"":""the chair"",""type"":""object"",""verdict"":""supported"",""evidence"":""green box tightly encloses a wicker chair""},{""atom"":""next to the dining table"",""type"":""relation"",""verdict"":""supported"",""evidence"":""chair’s right side directly contacts the table surface; no gap""}]",[],[],"[""wicker texture and brown color"", ""occupied by person in maroon robe with white lower garment"", ""immediate adjacency to table on right side"", ""leftmost chair in row of at least two similar chairs""]",high,same_category_instance_confusion,"The referring expression correctly describes the GT target, a wicker chair immediately to the left of the dining table. However, because there are multiple visually identical wicker chairs next to the table, the baselines confused the GT target with another instance on the right side of the table, resulting in zero IoU."
hallu_000621_COCO_train2014_000000152003,COCO_train2014_000000152003.jpg,the carrot next to the rice,t2_vqa_grounding,yes,carrot,not_applicable,,not_applicable,"[{""part"":""main body"",""value"":""orange"",""confidence"":""high"",""evidence"":""vibrant orange flesh visible in crop and full image""}]","[{""part"":""surface"",""value"":""cooked vegetable, moist"",""confidence"":""high"",""evidence"":""glossy sheen, soft texture, embedded in sauce; no raw fibrous appearance""}]","[{""attribute"":""cut into chunk"",""confidence"":""high"",""evidence"":""irregular rectangular block shape with flat cut surfaces""},{""attribute"":""partially submerged in curry/sauce"",""confidence"":""high"",""evidence"":""wet surface, adjacent to yellow-orange sauce and other stewed vegetables""}]","[{""value"":""served as part of a dish"",""confidence"":""high"",""evidence"":""placed in white bowl alongside rice and other ingredients""}]","[{""atom"":""the carrot"",""type"":""object"",""verdict"":""supported"",""evidence"":""green box encloses an orange vegetable chunk consistent with cooked carrot""},{""atom"":""next to the rice"",""type"":""relation"",""verdict"":""supported"",""evidence"":""green box touches the right side of the white rice mound; spatial adjacency confirmed""},{""atom"":""carrot"",""type"":""object"",""verdict"":""supported"",""evidence"":""color, shape, and context (stewed root vegetable in curry) match carrot""},{""atom"":""there is exactly one carrot in the green box"",""type"":""count"",""verdict"":""supported"",""evidence"":""single contiguous orange chunk within green bounds""}]",[],[],"[""adjacent to left side of rice mound"", ""lower-left quadrant of dish relative to rice"", ""distinct from other orange chunks by position and lack of red chili overlay""]",high,same_category_instance_confusion,"The referring expression correctly binds to the GT target, an orange carrot chunk directly adjacent to the rice. The baseline model failed due to same-category instance confusion, selecting a different carrot chunk on the right side of the dish that is farther from the rice and covered by red chilies."
hallu_000625_COCO_train2014_000000408266,COCO_train2014_000000408266.jpg,the chair next to the dining table,t4_caption_grounding,yes,chair,not_applicable,,not_applicable,"[{""part"":""seat and backrest"",""value"":""dark gray"",""confidence"":""high"",""evidence"":""uniform matte dark gray plastic appearance in crop""},{""part"":""frame/legs"",""value"":""black"",""confidence"":""medium"",""evidence"":""darker than seat, visible as thin structural elements; partially occluded but consistent with black metal/plastic""}]","[{""part"":""seat and backrest"",""value"":""plastic"",""confidence"":""high"",""evidence"":""smooth, molded monolithic form with slight sheen typical of injection-molded plastic folding chairs""},{""part"":""frame"",""value"":""metal or reinforced plastic"",""confidence"":""medium"",""evidence"":""thin tubular structure; no rust or texture visible, likely painted metal or rigid polymer""}]","[{""attribute"":""folding chair design"",""confidence"":""high"",""evidence"":""X-shaped leg support visible in background chairs; target chair shows same angular geometry and joint placement""},{""attribute"":""stackable"",""confidence"":""medium"",""evidence"":""profile matches standard stackable outdoor folding chairs; adjacent chairs are stacked""}]","[{""value"":""occupied (child sitting on it)"",""confidence"":""high"",""evidence"":""child’s torso and arm rest on the seat/back; chair is compressed slightly under load""}]","[{""atom"":""the chair"",""type"":""object"",""verdict"":""supported"",""evidence"":""green box tightly encloses a single folding chair, visually confirmed in crop""},{""atom"":""next to the dining table"",""type"":""relation"",""verdict"":""supported"",""evidence"":""chair’s front edge abuts the wooden table surface; no gap visible""},{""atom"":""dining table"",""type"":""object"",""verdict"":""supported"",""evidence"":""large wooden table surface visible at bottom of GT crop and in full image; people eating at it""},{""atom"":""chair is a single instance"",""type"":""count"",""verdict"":""supported"",""evidence"":""GT box isolates one chair; adjacent chairs are outside box""}]",[],[],"[""child seated on it (unique among visible chairs)"", ""immediate contact with wooden table edge"", ""position in foreground vs. other chairs further back/right"", ""partial occlusion by child’s body and food tray""]",medium,wrong_category,"The GT box correctly isolates a dark gray folding chair occupied by a child, positioned directly next to a wooden dining table. The baseline failed by selecting a region with people and background elements instead of the target chair."
hallu_000656_COCO_train2014_000000015885,COCO_train2014_000000015885.jpg,the person on the horse,t2_vqa_grounding|t4_caption_grounding,yes,person,male_presenting,"visible short hair, facial features, and uniform consistent with male presentation",stereotype_sensitive_cue,"[{""part"":""uniform shirt"",""value"":""light blue"",""confidence"":""high"",""evidence"":""clearly visible light blue short-sleeve shirt with epaulets and badge""},{""part"":""tie"",""value"":""black"",""confidence"":""high"",""evidence"":""solid black necktie centered on chest""},{""part"":""hat"",""value"":""dark"",""confidence"":""high"",""evidence"":""dark wide-brimmed hat with metallic badge""},{""part"":""pants"",""value"":""dark"",""confidence"":""medium"",""evidence"":""dark trousers visible under saddle""},{""part"":""horse"",""value"":""dark brown"",""confidence"":""high"",""evidence"":""horse body and head are uniformly dark brown""}]","[{""part"":""shirt"",""value"":""cotton or polyester blend"",""confidence"":""medium"",""evidence"":""smooth texture with slight sheen typical of uniform fabric""},{""part"":""hat"",""value"":""felt or stiff fabric"",""confidence"":""medium"",""evidence"":""rigid shape, matte finish""},{""part"":""horse tack"",""value"":""leather"",""confidence"":""high"",""evidence"":""dark, smooth, slightly reflective straps with metal buckles""}]","[{""attribute"":""wearing police uniform"",""confidence"":""high"",""evidence"":""visible badge on chest, shoulder patches, hat badge""},{""attribute"":""sunglasses hanging from shirt"",""confidence"":""high"",""evidence"":""dark sunglasses clipped to front of shirt near tie""}]","[{""value"":""sitting upright on horse"",""confidence"":""high"",""evidence"":""erect posture, hands resting on thigh/saddle""},{""value"":""stationary"",""confidence"":""high"",""evidence"":""horse hooves planted, no motion blur""}]","[{""atom"":""person"",""type"":""object"",""verdict"":""supported"",""evidence"":""GT box tightly encloses a single person on horseback""},{""atom"":""on the horse"",""type"":""relation"",""verdict"":""supported"",""evidence"":""person is physically seated atop the horse, with saddle and stirrups confirming mounting""}]",[],[],"[""light blue uniform shirt"", ""sunglasses clipped to shirt front"", ""position to the right of the other mounted officer""]",high,same_category_instance_confusion,"The query 'the person on the horse' is visually ambiguous due to the presence of a second mounted officer. Baselines incorrectly selected the left officer, whereas the GT correctly bounds the right officer distinguished by a light blue uniform."
hallu_000659_COCO_train2014_000000251466,COCO_train2014_000000251466.jpg,the horse next to the person,t2_vqa_grounding|t4_caption_grounding,yes,horse,not_applicable,,not_applicable,"[{""part"":""body"",""value"":""light brown/tan"",""confidence"":""high"",""evidence"":""uniform light brown coat visible across torso and neck""},{""part"":""mane"",""value"":""blond/light tan"",""confidence"":""high"",""evidence"":""long, flowing light-colored mane contrasting with body""},{""part"":""halter/bridle straps"",""value"":""black"",""confidence"":""high"",""evidence"":""black leather straps forming headgear""},{""part"":""noseband detail"",""value"":""red patterned fabric"",""confidence"":""high"",""evidence"":""red-and-white checkered or striped fabric band around muzzle""},{""part"":""hooves"",""value"":""light gray/white"",""confidence"":""medium"",""evidence"":""lower legs and hooves appear pale, possibly white or light gray; partially shadowed""}]","[{""part"":""halter/bridle"",""value"":""leather"",""confidence"":""high"",""evidence"":""smooth, slightly reflective dark straps with metal buckles and hardware""},{""part"":""saddle"",""value"":""leather"",""confidence"":""high"",""evidence"":""dark brown/black saddle with visible stitching and texture consistent with leather""},{""part"":""fabric noseband"",""value"":""woven textile"",""confidence"":""high"",""evidence"":""visible weave pattern and flexibility in red patterned band""}]","[{""attribute"":""size"",""confidence"":""medium"",""evidence"":""appears smaller than typical adult horse; possibly a pony or small horse—proportionally shorter legs and compact build relative to rider""},{""attribute"":""head position"",""confidence"":""high"",""evidence"":""head lowered, muzzle near ground, suggesting grazing or sniffing""}]","[{""value"":""standing with head down"",""confidence"":""high"",""evidence"":""four legs planted, body upright, head bent downward toward pavement""}]","[{""atom"":""the horse"",""type"":""object"",""verdict"":""supported"",""evidence"":""green box tightly encloses a single horse with rider""},{""atom"":""next to the person"",""type"":""relation"",""verdict"":""supported"",""evidence"":""person (rider) is physically mounted on and in direct contact with the horse; no gap between rider and horse""},{""atom"":""only one horse in GT box"",""type"":""count"",""verdict"":""supported"",""evidence"":""single animal fully contained in green rectangle""}]",[],[],"[""light brown coat with blond mane (vs. white horse in orange box)"", ""red-patterned noseband"", ""rider wearing yellow jacket and black helmet with checkered band"", ""horse positioned on left side, head lowered toward ground""]",high,same_category_instance_confusion,"The referring expression 'the horse next to the person' is visually ambiguous because there are two horses in the scene, both with riders. The baselines incorrectly selected the white horse on the right instead of the light brown horse on the left specified by the GT box, resulting in a clear same-category instance confusion."
hallu_000666_COCO_train2014_000000316671,COCO_train2014_000000316671.jpg,the wine glass on the table,t2_vqa_grounding|t4_caption_grounding,yes,wine glass,not_applicable,,not_applicable,"[{""part"":""liquid"",""value"":""deep red"",""confidence"":""high"",""evidence"":""dark red wine fills ~1/3 of bowl""},{""part"":""glass"",""value"":""clear transparent"",""confidence"":""high"",""evidence"":""transparent stem and bowl, reflecting background""},{""part"":""rim"",""value"":""clear"",""confidence"":""high"",""evidence"":""no tint or coating visible""}]","[{""part"":""bowl and stem"",""value"":""glass"",""confidence"":""high"",""evidence"":""transparent, smooth, reflective surface with refraction of background""}]","[{""attribute"":""filled with liquid"",""confidence"":""high"",""evidence"":""red liquid visible inside bowl, meniscus present""},{""attribute"":""standing upright on table"",""confidence"":""high"",""evidence"":""base flat on wooden surface, vertical orientation""}]","[{""value"":""stationary"",""confidence"":""high"",""evidence"":""no motion blur; stable placement on table""}]","[{""atom"":""the wine glass"",""type"":""object"",""verdict"":""supported"",""evidence"":""green box precisely encloses a clear wine glass containing red wine""},{""atom"":""on the table"",""type"":""relation"",""verdict"":""supported"",""evidence"":""glass base rests directly on wooden table surface""}]",[],[],"[""leftmost wine glass on table"", ""not being held by anyone"", ""immediately left of white floral cup"", ""positioned in foreground, not behind person""]",high,same_category_instance_confusion,"The referring expression correctly identifies the GT target resting on the table. The baselines failed by selecting a distractor wine glass held by a person, resulting in zero IoU due to same-category instance confusion."
hallu_000667_COCO_train2014_000000320472,COCO_train2014_000000320472.jpg,the television in front of the picture,t2_vqa_grounding|t4_caption_grounding,yes,tv,not_applicable,,not_applicable,"[{""part"":""screen"",""value"":""multicolor"",""confidence"":""high"",""evidence"":""screen displays a colorful outdoor scene""},{""part"":""frame/bezel"",""value"":""black"",""confidence"":""high"",""evidence"":""thin black border surrounding screen visible""},{""part"":""antenna"",""value"":""silver/metallic"",""confidence"":""high"",""evidence"":""two thin metallic rods extending upward""}]","[{""part"":""screen"",""value"":""glass/plastic"",""confidence"":""medium"",""evidence"":""reflective surface with visible glare""},{""part"":""antenna"",""value"":""metal"",""confidence"":""high"",""evidence"":""shiny, rigid rods with specular highlights""}]","[{""attribute"":""has external antenna"",""confidence"":""high"",""evidence"":""two V-shaped metal rods attached to front lower edge""},{""attribute"":""flat-panel display"",""confidence"":""high"",""evidence"":""thin profile, rectangular shape""}]","[{""value"":""powered on"",""confidence"":""high"",""evidence"":""screen is illuminated and displaying a clear image""}]","[{""atom"":""the television"",""type"":""object"",""verdict"":""supported"",""evidence"":""target is a powered-on flat-screen TV""},{""atom"":""in front of the picture"",""type"":""relation"",""verdict"":""supported"",""evidence"":""TV occludes lower part of framed picture behind it""}]",[],[],"[""external V-shaped metal antenna attached to front lower edge"", ""screen displays a colorful outdoor scene"", ""positioned directly in front of and occluding a framed picture on wall""]",high,same_category_instance_confusion,"The query accurately describes the upper TV occluding a framed picture. Baselines selected a different TV below the target, causing same-category instance confusion and zero IoU."
hallu_000682_COCO_train2014_000000155107,COCO_train2014_000000155107.jpg,the laptop next to the keyboard,t2_vqa_grounding|t4_caption_grounding,yes,laptop,not_applicable,,not_applicable,"[{""part"":""laptop body"",""value"":""white"",""confidence"":""high"",""evidence"":""entire visible chassis is white plastic/metal""},{""part"":""keyboard keys"",""value"":""white"",""confidence"":""high"",""evidence"":""keys are uniformly white, matching body""},{""part"":""screen bezel"",""value"":""white"",""confidence"":""high"",""evidence"":""thin bezel around screen matches body color""}]","[{""part"":""laptop body"",""value"":""plastic or aluminum"",""confidence"":""medium"",""evidence"":""smooth matte/semi-gloss finish; no clear texture to distinguish plastic vs metal""},{""part"":""keyboard"",""value"":""plastic"",""confidence"":""high"",""evidence"":""keys have uniform molded appearance typical of plastic""}]","[{""attribute"":""screen is on and displaying a windowed UI"",""confidence"":""high"",""evidence"":""visible GUI with title bar, menu, and content panels""},{""attribute"":""laptop is open at ~100-110 degree angle"",""confidence"":""high"",""evidence"":""screen tilted back relative to keyboard plane""}]","[{""value"":""in use / powered on"",""confidence"":""high"",""evidence"":""screen illuminated with active interface""}]","[{""atom"":""the laptop"",""type"":""object"",""verdict"":""supported"",""evidence"":""target is a white open laptop with active screen""},{""atom"":""next to the keyboard"",""type"":""relation"",""verdict"":""supported"",""evidence"":""white external keyboard is directly to the left of the laptop, with no intervening objects""}]",[],[],"[""white color distinguishes it from silver laptop on left"", ""positioned immediately right of white external keyboard"", ""screen displays a windowed application""]",high,same_category_instance_confusion,"The referring expression correctly identifies the target laptop by its relation to the external keyboard. Baselines failed by selecting the other laptop (silver) in the scene, demonstrating same-category instance confusion."
hallu_000683_COCO_train2014_000000296790,COCO_train2014_000000296790.jpg,the dining table with pizza and utensils,t2_vqa_grounding|t4_caption_grounding,yes,dining table,not_applicable,,not_applicable,"[{""part"":""table surface"",""value"":""light brown wood"",""confidence"":""high"",""evidence"":""visible wooden grain and warm tone""},{""part"":""table edge/rim"",""value"":""dark brown"",""confidence"":""high"",""evidence"":""contrasting darker band around perimeter""}]","[{""part"":""table top"",""value"":""wood"",""confidence"":""high"",""evidence"":""visible wood grain texture and finish""},{""part"":""table legs"",""value"":""wood"",""confidence"":""high"",""evidence"":""matching grain and color to tabletop, visible in crop""}]","[{""attribute"":""round shape"",""confidence"":""high"",""evidence"":""circular rim visible in both full and cropped views""},{""attribute"":""height (bar-height)"",""confidence"":""high"",""evidence"":""table is elevated above floor, with tall stool legs underneath""}]","[{""value"":""holding food items"",""confidence"":""high"",""evidence"":""pizza on cardboard tray and slice on plate resting on surface""}]","[{""atom"":""dining table"",""type"":""object"",""verdict"":""supported"",""evidence"":""round wooden table at bar height, used for serving food""},{""atom"":""with pizza"",""type"":""relation"",""verdict"":""supported"",""evidence"":""whole pizza on cardboard tray and one slice on plate, both resting on table surface""},{""atom"":""and utensils"",""type"":""relation"",""verdict"":""supported"",""evidence"":""metal pizza server/spatula lying on the pizza inside GT box""}]",[],[],"[""only table with both a whole pizza on cardboard AND a separate plate with one slice"", ""only table with visible metal pizza server resting on pizza"", ""positioned leftmost in foreground, with stool legs clearly visible beneath""]",high,same_category_instance_confusion,"The referring expression accurately describes the GT target, a round wooden dining table holding a pizza and a metal utensil. Baseline models failed by grounding other dining tables in the scene that also contained pizza but lacked the specific combination of items present on the GT table."
hallu_000711_COCO_train2014_000000056594,COCO_train2014_000000056594.jpg,the umbrella held by the person,t4_caption_grounding,yes,umbrella,not_applicable,,not_applicable,"[{""part"":""canopy"",""value"":""purple"",""confidence"":""high"",""evidence"":""solid purple fabric visible in crop""},{""part"":""handle"",""value"":""light purple"",""confidence"":""high"",""evidence"":""matching light purple plastic or coated handle held by person""}]","[{""part"":""canopy"",""value"":""fabric"",""confidence"":""high"",""evidence"":""soft folds and drape of material, typical of umbrella canopy""},{""part"":""handle"",""value"":""plastic"",""confidence"":""medium"",""evidence"":""smooth, slightly glossy surface with molded shape; no wood grain or metal sheen""}]","[{""attribute"":""closed/folded"",""confidence"":""high"",""evidence"":""umbrella is tightly folded and held vertically; ribs are compressed, no canopy spread""},{""attribute"":""being held"",""confidence"":""high"",""evidence"":""person's hands gripping handle and shaft; monkey also touching it""}]","[{""value"":""held by person"",""confidence"":""high"",""evidence"":""both hands of woman in green box are gripping the umbrella shaft/handle""},{""value"":""being touched by monkey"",""confidence"":""high"",""evidence"":""monkey’s hand is grasping the purple canopy near the top""}]","[{""atom"":""umbrella"",""type"":""object"",""verdict"":""supported"",""evidence"":""target is a purple folded umbrella""},{""atom"":""held by"",""type"":""relation"",""verdict"":""supported"",""evidence"":""person's hands are clearly gripping the umbrella shaft""},{""atom"":""person"",""type"":""object"",""verdict"":""supported"",""evidence"":""woman with dark curly hair is visible holding the umbrella""}]",[],[],"[""purple color"", ""folded state"", ""monkey clinging to it"", ""position on right side of image""]",high,same_category_instance_confusion,"The referring expression 'the umbrella held by the person' is visually supported by the GT target, which is a purple folded umbrella held by a woman. However, the expression is ambiguous as there is a distractor umbrella (green-and-white polka-dot, open) also held by a person on the left. The baseline model confused the GT target with this same-category distractor instance."
hallu_000721_COCO_train2014_000000300620,COCO_train2014_000000300620.jpg,the laptop on the table,t2_vqa_grounding,uncertain,laptop,not_applicable,,not_applicable,"[{""part"":""laptop chassis"",""value"":""dark gray/black"",""confidence"":""high"",""evidence"":""matte dark casing visible on lid and base""},{""part"":""screen bezel"",""value"":""black"",""confidence"":""high"",""evidence"":""thin black border around display""},{""part"":""keyboard"",""value"":""black keys, silver/gray frame"",""confidence"":""medium"",""evidence"":""keys appear black; surrounding palm rest is lighter gray/silver""},{""part"":""screen content"",""value"":""blue/white UI with text and tables"",""confidence"":""high"",""evidence"":""visible window with light background and dark text, typical of spreadsheet or document app""}]","[{""part"":""laptop chassis"",""value"":""plastic or metal composite"",""confidence"":""medium"",""evidence"":""matte finish, no strong reflections; typical of consumer laptop""},{""part"":""screen"",""value"":""glass"",""confidence"":""high"",""evidence"":""reflective surface with glare, characteristic of LCD glass cover""}]","[{""attribute"":""open at ~110-degree angle"",""confidence"":""high"",""evidence"":""lid tilted back, hinge visible, screen not flat nor fully vertical""},{""attribute"":""display is powered on"",""confidence"":""high"",""evidence"":""illuminated screen showing active UI""},{""attribute"":""webcam visible above screen"",""confidence"":""high"",""evidence"":""small circular lens centered in top bezel""}]","[{""value"":""idle (no hands touching)"",""confidence"":""high"",""evidence"":""no hands on keyboard/touchpad in GT crop; person’s hands are on other devices""}]","[{""atom"":""the laptop"",""type"":""object"",""verdict"":""supported"",""evidence"":""GT box encloses a clearly identifiable laptop with screen, keyboard, and chassis""},{""atom"":""on the table"",""type"":""relation"",""verdict"":""supported"",""evidence"":""laptop base contacts dark flat surface consistent with a table; no support from hands or stand""}]","[{""atom"":""the (uniqueness)"",""type"":""count"",""verdict"":""contradicted"",""evidence"":""multiple laptops are present on the same table, making the definite article ambiguous without further modifiers""}]",[],"[""screen displays a blue/white UI with tabular data"", ""webcam centered in top bezel"", ""position between person and another laptop"", ""angle of open lid differs from other laptops""]",high,same_category_instance_confusion,"The referring expression correctly describes the GT target's category and spatial relation, but fails to uniquely identify it among multiple laptops on the same table. The baseline model localized a different laptop on the left, resulting in zero IoU due to same-category instance confusion driven by the ambiguous definite article."
hallu_000732_COCO_train2014_000000127620,COCO_train2014_000000127620.jpg,the couch next to the person,t4_caption_grounding,yes,couch,not_applicable,,not_applicable,"[{""part"":""upholstery"",""value"":""dark brown or black"",""confidence"":""high"",""evidence"":""uniform dark matte surface; appears black under low light but likely dark brown leather""},{""part"":""throw blanket"",""value"":""cream/white with fringe"",""confidence"":""high"",""evidence"":""light-colored woven blanket with tassels draped over left armrest""}]","[{""part"":""upholstery"",""value"":""leather or faux leather"",""confidence"":""high"",""evidence"":""smooth, slightly reflective surface with visible seam stitching typical of leather upholstery""},{""part"":""throw blanket"",""value"":""woven fabric"",""confidence"":""high"",""evidence"":""textured weave and fringe visible""}]","[{""attribute"":""two-seater sofa with armrests"",""confidence"":""high"",""evidence"":""visible backrest, two seat cushions, and left/right armrests in crop""},{""attribute"":""low-profile ottoman in front"",""confidence"":""high"",""evidence"":""dark rectangular upholstered piece directly in front of couch, partially visible""}]","[{""value"":""stationary, occupied by blanket only"",""confidence"":""high"",""evidence"":""no motion blur; blanket rests undisturbed""}]","[{""atom"":""the couch"",""type"":""object"",""verdict"":""supported"",""evidence"":""green box precisely encloses a dark leather-like couch""},{""atom"":""next to"",""type"":""relation"",""verdict"":""supported"",""evidence"":""person (child) is clearly left of the couch; horizontal adjacency confirmed in full image""},{""atom"":""the person"",""type"":""object"",""verdict"":""supported"",""evidence"":""child in pajamas holding two umbrellas, fully visible left of couch""}]",[],[],"[""dark leather-like two-seater couch with cream throw blanket"", ""positioned immediately right of child holding umbrellas"", ""adjacent to glass sliding door with interior lighting reflection"", ""has matching dark ottoman in front""]",medium,wrong_category,The referring expression correctly identifies the GT couch based on its category and spatial relation to the person. The baseline model failed by predicting a completely different object category (a media console/cabinet) instead of the couch.
hallu_000733_COCO_train2014_000000257163,COCO_train2014_000000257163.jpg,the person next to the dog,t4_caption_grounding,yes,person,male_presenting,"visible torso and arms; wearing dark jacket with rolled sleeves, hands in pockets; no visible gendered clothing beyond typical outerwear; presentation aligns with common male-presenting attire in this context",evidence_insufficient_or_self_contradictory,"[{""part"":""jacket"",""value"":""dark (black or very dark navy)"",""confidence"":""high"",""evidence"":""solid dark upper garment covering torso and arms""},{""part"":""jeans"",""value"":""medium-blue denim"",""confidence"":""high"",""evidence"":""classic blue denim texture and color on lower body""},{""part"":""inner sleeve/undershirt"",""value"":""black"",""confidence"":""high"",""evidence"":""black ribbed cuff visible at wrist""}]","[{""part"":""jacket"",""value"":""fabric (likely cotton/poly blend, possibly insulated)"",""confidence"":""medium"",""evidence"":""matte texture, slight bulk, no sheen; appears thick but not leather or synthetic glossy""},{""part"":""jeans"",""value"":""denim"",""confidence"":""high"",""evidence"":""characteristic twill weave and texture visible on thigh and knee""}]","[{""attribute"":""dirt/spatter on clothing"",""confidence"":""high"",""evidence"":""white/light specks scattered across jeans and jacket front, consistent with mud/splatter""},{""attribute"":""hands in pockets"",""confidence"":""high"",""evidence"":""both hands inserted into front pockets of jeans""}]","[{""value"":""standing"",""confidence"":""high"",""evidence"":""upright posture, feet planted on surface""},{""value"":""adjacent to dog"",""confidence"":""high"",""evidence"":""dog’s head and shoulder visible immediately to right of person’s lower body in full image""}]","[{""atom"":""the person"",""type"":""object"",""verdict"":""supported"",""evidence"":""GT box encloses a clearly visible human figure""},{""atom"":""next to the dog"",""type"":""relation"",""verdict"":""supported"",""evidence"":""dog’s head is directly adjacent to the right side of the person’s lower body, confirming spatial proximity""},{""atom"":""the dog"",""type"":""object"",""verdict"":""supported"",""evidence"":""dog’s head and upper neck are visible immediately adjacent to the person""}]",[],[],"[""dirt-covered blue jeans"", ""dark jacket with black ribbed cuffs"", ""hands in front pockets"", ""position immediately left of dog’s head"", ""standing behind transparent barrier""]",high,same_category_instance_confusion,"The baseline model incorrectly grounded a second person wearing an orange top instead of the target person in a dark jacket. Both are people in the scene, leading to same-category instance confusion, but only the target person is positioned directly next to the dog."
hallu_000743_COCO_train2014_000000033841,COCO_train2014_000000033841.jpg,the truck next to the trailer,t2_vqa_grounding|t4_caption_grounding,no,trailer,not_applicable,,not_applicable,"[{""part"":""trailer frame and bed"",""value"":""black"",""confidence"":""high"",""evidence"":""metal frame and wooden deck visible; frame is dark, consistent with black painted metal""},{""part"":""wheels"",""value"":""silver rims, black tires"",""confidence"":""high"",""evidence"":""white/silver alloy rims with black rubber tires clearly visible""},{""part"":""attached cargo container"",""value"":""white with blue and yellow stripes"",""confidence"":""high"",""evidence"":""large white box-like structure mounted on trailer; vertical blue stripe with 'GALILEO' in blue text, yellow stripe beside it""}]","[{""part"":""trailer frame"",""value"":""metal"",""confidence"":""high"",""evidence"":""shiny, rigid structural beams typical of steel trailer frames""},{""part"":""deck surface"",""value"":""wood"",""confidence"":""high"",""evidence"":""visible planks with wood grain texture""},{""part"":""cargo container"",""value"":""fiberglass or composite panel"",""confidence"":""medium"",""evidence"":""smooth, non-metallic surface with printed graphics; no rivets or seams typical of metal""}]","[{""attribute"":""dual-axle"",""confidence"":""high"",""evidence"":""two sets of wheels side-by-side, each with two tires""},{""attribute"":""hitch visible at left end"",""confidence"":""high"",""evidence"":""tow hitch assembly with coupler and safety chains visible on left edge of crop""},{""attribute"":""loaded with container"",""confidence"":""high"",""evidence"":""large rectangular container secured on top of flatbed""}]","[{""value"":""stationary"",""confidence"":""high"",""evidence"":""no motion blur; parked on asphalt next to curb and sign""}]",[],"[{""atom"":""the truck"",""type"":""object"",""verdict"":""contradicted"",""evidence"":""The GT box contains a trailer, not a truck. A truck is present but is outside the GT box.""},{""atom"":""next to the trailer"",""type"":""relation"",""verdict"":""contradicted"",""evidence"":""The GT box is the trailer itself, not the object next to it.""}]",[],"[""dual-axle flatbed with wooden deck"", ""hitch assembly visible on left"", ""large white cargo container mounted on top"", ""no cab or engine compartment""]",high,target_reference_role_swap,"The referring expression asks for 'the truck', but the GT box encloses the 'trailer'. The baselines correctly localized the truck, leading to zero IoU due to a target-reference role swap in the GT annotation where the reference object was boxed instead of the target."
hallu_000748_COCO_train2014_000000285064,COCO_train2014_000000285064.jpg,the person holding the remote,t2_vqa_grounding|t4_caption_grounding,yes,person,female_presenting,"visible long hair pulled back, facial features, and clothing style consistent with female presentation",stereotype_sensitive_cue,"[{""part"":""shirt"",""value"":""white"",""confidence"":""high"",""evidence"":""solid white short-sleeved t-shirt""},{""part"":""pants"",""value"":""pink"",""confidence"":""high"",""evidence"":""visible pink waistband/upper pants""},{""part"":""remote"",""value"":""white"",""confidence"":""high"",""evidence"":""two white Wii remotes held in hands""}]","[{""part"":""shirt"",""value"":""cotton-like fabric"",""confidence"":""medium"",""evidence"":""soft drape and texture typical of cotton t-shirt""},{""part"":""remotes"",""value"":""plastic"",""confidence"":""high"",""evidence"":""smooth, matte white surface with molded contours typical of Wii remotes""}]","[{""attribute"":""wearing watch on left wrist"",""confidence"":""high"",""evidence"":""dark band visible on left wrist""},{""attribute"":""holding two controllers"",""confidence"":""high"",""evidence"":""one remote in each hand, connected by white wrist strap""}]","[{""value"":""holding remote(s)"",""confidence"":""high"",""evidence"":""both hands gripping white Wii remotes; arms raised mid-motion""},{""value"":""smiling / engaged expression"",""confidence"":""high"",""evidence"":""mouth open in smile, eyes focused forward""}]","[{""atom"":""the person"",""type"":""object"",""verdict"":""supported"",""evidence"":""single person fully enclosed in green GT box""},{""atom"":""holding"",""type"":""action_state"",""verdict"":""supported"",""evidence"":""both hands gripping white Wii remotes""},{""atom"":""the remote"",""type"":""object"",""verdict"":""supported"",""evidence"":""white Wii remotes clearly visible in hands""}]","[{""atom"":""the remote (singular)"",""type"":""count"",""verdict"":""contradicted"",""evidence"":""target is holding two remotes, not one; singular phrasing better matches the distractor""}]",[],"[""holds two white Wii remotes instead of one"", ""wears white t-shirt and pink pants"", ""positioned on right side of image, near red wall""]",high,same_category_instance_confusion,"The GT target is a person holding two white remotes, while the baselines incorrectly grounded to a different person holding a single remote. The singular 'remote' in the query likely caused the models to prefer the distractor holding exactly one remote over the GT target holding two."
hallu_000751_COCO_train2014_000000374248,COCO_train2014_000000374248.jpg,the red umbrella next to the backpack,t2_vqa_grounding,yes,umbrella,not_applicable,,not_applicable,"[{""part"":""canopy"",""value"":""red with white and yellow Coca-Cola branding"",""confidence"":""high"",""evidence"":""distinct red fabric with white swooshes and yellow accents forming the Coca-Cola logo""}]","[{""part"":""canopy"",""value"":""fabric"",""confidence"":""medium"",""evidence"":""wrinkled, flexible appearance typical of beach umbrella fabric""},{""part"":""pole"",""value"":""metal or plastic"",""confidence"":""low"",""evidence"":""thin, smooth, light-colored vertical pole; material not clearly resolvable""}]","[{""attribute"":""branded with Coca-Cola logo"",""confidence"":""high"",""evidence"":""clear Coca-Cola script and ribbon logo repeated across canopy panels""},{""attribute"":""open and deployed"",""confidence"":""high"",""evidence"":""fully extended canopy, casting shadow on sand below""}]","[{""value"":""standing upright in sand"",""confidence"":""high"",""evidence"":""vertical pole inserted into sand; stable position""}]","[{""atom"":""red"",""type"":""color"",""verdict"":""supported"",""evidence"":""canopy is predominantly red with white and yellow branding""},{""atom"":""umbrella"",""type"":""object"",""verdict"":""supported"",""evidence"":""canonical beach umbrella shape with radial canopy and central pole""},{""atom"":""next to"",""type"":""relation"",""verdict"":""supported"",""evidence"":""black backpack lies on towel immediately to the right of umbrella pole base""},{""atom"":""backpack"",""type"":""object"",""verdict"":""supported"",""evidence"":""black bag with straps lying flat on towel consistent with backpack shape""}]",[],[],"[""proximity to black backpack on white towel"", ""Coca-Cola branding pattern""]",high,same_category_instance_confusion,"The query specifies a red umbrella next to a backpack. While there are two red umbrellas in the scene, only the GT target is adjacent to the black backpack. The baseline model incorrectly grounded the other red umbrella, leading to same-category instance confusion."
hallu_000765_COCO_train2014_000000473870,COCO_train2014_000000473870.jpg,the person in front of the skis,t2_vqa_grounding|t4_caption_grounding,yes,person,unclear,face partially obscured by goggles and hat; no visible secondary sex characteristics,unclear,"[{""part"":""jacket"",""value"":""dark blue"",""confidence"":""high"",""evidence"":""solid dark blue outer layer, visible despite snowfall""},{""part"":""pants"",""value"":""light blue denim"",""confidence"":""high"",""evidence"":""faded blue jeans with visible seams and texture""},{""part"":""hat"",""value"":""olive green or gray"",""confidence"":""medium"",""evidence"":""knit beanie with muted tone, possibly olive green under snow glare""},{""part"":""goggles"",""value"":""dark lens with light frame"",""confidence"":""high"",""evidence"":""dark-tinted lenses, light-colored frame visible around eyes""}]","[{""part"":""jacket"",""value"":""synthetic insulated fabric"",""confidence"":""medium"",""evidence"":""puffy appearance, smooth surface typical of ski jackets""},{""part"":""pants"",""value"":""denim"",""confidence"":""high"",""evidence"":""distinctive weave, fading, and seam structure of jeans""},{""part"":""hat"",""value"":""knit wool or acrylic"",""confidence"":""medium"",""evidence"":""textured ribbed knit pattern visible on crown""}]","[{""attribute"":""holding ski pole in right hand"",""confidence"":""high"",""evidence"":""black pole with yellow grip and basket held vertically near right side""},{""attribute"":""snow falling"",""confidence"":""high"",""evidence"":""white specks throughout image, especially against darker clothing""}]","[{""value"":""standing still"",""confidence"":""high"",""evidence"":""upright posture, feet planted, no motion blur""}]","[{""atom"":""the person"",""type"":""object"",""verdict"":""supported"",""evidence"":""GT box encloses a single visible person""},{""atom"":""in front of"",""type"":""relation"",""verdict"":""supported"",""evidence"":""skis lie on snow behind the person's lower legs; person occludes part of skis""},{""atom"":""the skis"",""type"":""object"",""verdict"":""supported"",""evidence"":""two long narrow objects with bindings, consistent with skis, visible behind person""}]",[],[],"[""dark blue puffy jacket"", ""light blue denim pants"", ""standing with skis behind them on the snow"", ""positioned left of other skiers""]",high,same_category_instance_confusion,"The query accurately describes the target person's spatial relation to the skis behind them. The baselines failed by selecting a different person in a red jacket who is standing on their skis, resulting in same-category instance confusion."
hallu_000781_COCO_train2014_000000490541,COCO_train2014_000000490541.jpg,the tennis racket in the child's hand,t2_vqa_grounding|t4_caption_grounding,yes,tennis racket,not_applicable,target is an inanimate object,not_applicable,"[{""part"":""frame"",""value"":""maroon/dark red with yellow accents"",""confidence"":""high"",""evidence"":""green box encloses a racket with maroon-colored oval head and yellow trim along throat and shaft""},{""part"":""strings"",""value"":""white"",""confidence"":""high"",""evidence"":""grid of white strings visible across head""},{""part"":""grip"",""value"":""dark (likely black or dark brown)"",""confidence"":""medium"",""evidence"":""lower portion held by hand appears dark; texture suggests overgrip""}]","[{""part"":""frame"",""value"":""composite (likely graphite/fiberglass)"",""confidence"":""medium"",""evidence"":""smooth, rigid appearance with painted finish; typical of modern rackets""},{""part"":""strings"",""value"":""synthetic gut or polyester"",""confidence"":""medium"",""evidence"":""uniform white synthetic-looking strings, no natural fiber texture""}]","[{""attribute"":""brand logo visible on strings"",""confidence"":""high"",""evidence"":""dark W-shaped logo centered on string bed""},{""attribute"":""racket held upright, angled slightly"",""confidence"":""high"",""evidence"":""orientation in green box shows head above hand, tilted ~15° from vertical""}]","[{""value"":""being held by a child"",""confidence"":""high"",""evidence"":""hand gripping handle visible at bottom of green box; child's arm and torso visible in full image""}]","[{""atom"":""tennis racket"",""type"":""object"",""verdict"":""supported"",""evidence"":""green box precisely encloses a tennis racket""},{""atom"":""in the child's hand"",""type"":""relation"",""verdict"":""supported"",""evidence"":""hand gripping handle is visible at bottom of green box; child’s arm connects to hand""}]",[],[],"[""maroon frame with yellow trim"", ""W-shaped logo on strings"", ""held by taller child in white shirt"", ""position: center-right of image, higher in frame than the other racket""]",high,same_category_instance_confusion,"The baselines incorrectly localized a different tennis racket held by another child on the left, failing to distinguish the target maroon and yellow racket held by the child in the center-right."
hallu_000787_COCO_train2014_000000163713,COCO_train2014_000000163713.jpg,the person sitting next to the dining table,t2_vqa_grounding,yes,person,male_presenting,"visible short hair, facial hair (stubble/goatee), masculine facial features and build",no_automatic_flag,"[{""part"":""shirt"",""value"":""beige/tan with black leafy pattern"",""confidence"":""high"",""evidence"":""patterned short-sleeve button-up shirt visible across torso""},{""part"":""pants"",""value"":""blue denim"",""confidence"":""high"",""evidence"":""classic blue jeans visible on legs""},{""part"":""cup"",""value"":""red"",""confidence"":""high"",""evidence"":""bright red plastic cup in front of person""}]","[{""part"":""shirt"",""value"":""cotton or cotton blend"",""confidence"":""medium"",""evidence"":""wrinkled texture and drape typical of woven fabric; no sheen suggesting synthetic""},{""part"":""cup"",""value"":""plastic"",""confidence"":""high"",""evidence"":""smooth, slightly reflective surface with molded rim and base typical of disposable plastic cup""},{""part"":""table"",""value"":""painted wood"",""confidence"":""high"",""evidence"":""wood grain visible under chipped red paint on tabletop edge""}]","[{""attribute"":""wearing sunglasses hanging from shirt collar"",""confidence"":""high"",""evidence"":""dark-lensed sunglasses with black frame clipped to shirt placket""},{""attribute"":""holding utensil (fork)"",""confidence"":""high"",""evidence"":""metal fork in right hand, tines near food on plate""}]","[{""value"":""sitting"",""confidence"":""high"",""evidence"":""body posture with hips on bench, back upright, legs under table""},{""value"":""eating"",""confidence"":""high"",""evidence"":""fork held over plate with food, head tilted down toward plate""}]","[{""atom"":""the person"",""type"":""object"",""verdict"":""supported"",""evidence"":""single clearly visible person inside target box""},{""atom"":""sitting"",""type"":""action_state"",""verdict"":""supported"",""evidence"":""posture shows seated position on bench""},{""atom"":""next to the dining table"",""type"":""relation"",""verdict"":""supported"",""evidence"":""person is physically adjacent and interacting with the picnic table; hands on table surface""},{""atom"":""dining table"",""type"":""object"",""verdict"":""supported"",""evidence"":""red-painted wooden picnic table with plates, cups, and food functionally serves as a dining table""}]",[],[],"[""leftmost person at table"", ""wearing patterned beige shirt with sunglasses on collar"", ""using red cup and fork, seated at red picnic table"", ""positioned directly beside brick pillar on right""]",high,same_category_instance_confusion,"The referring expression is highly ambiguous as there are multiple people sitting at the same dining table. The baseline model selected a different person at the same table, confirming that the generic description fails to uniquely identify the leftmost ground-truth target without additional visual cues."
hallu_000798_COCO_train2014_000000515815,COCO_train2014_000000515815.jpg,the person lying on the couch,t2_vqa_grounding|t4_caption_grounding,yes,person,unclear,face mostly obscured by hand and shadow; no visible secondary sex characteristics; clothing is gender-neutral,unclear,"[{""part"":""top"",""value"":""light blue"",""confidence"":""high"",""evidence"":""solid light blue long-sleeve shirt, clearly visible on torso and arms""},{""part"":""pants"",""value"":""dark blue"",""confidence"":""high"",""evidence"":""solid dark blue trousers covering legs""},{""part"":""feet"",""value"":""bare skin tone"",""confidence"":""high"",""evidence"":""bare feet visible at right end of couch, no shoes/socks""}]","[{""part"":""top"",""value"":""fabric"",""confidence"":""medium"",""evidence"":""soft drape and slight wrinkling consistent with woven fabric; no sheen""},{""part"":""pants"",""value"":""fabric"",""confidence"":""medium"",""evidence"":""matte appearance, creasing along legs, no reflection""}]","[{""attribute"":""lying supine on couch"",""confidence"":""high"",""evidence"":""body fully horizontal, head on left side of frame, feet extended to right, back against couch cushion""},{""attribute"":""arms bent, hands near face/head"",""confidence"":""high"",""evidence"":""left arm visible bent with hand near head; right arm partially visible in shadow also bent""}]","[{""value"":""resting or sleeping"",""confidence"":""medium"",""evidence"":""static posture, eyes not visible but head supported, no motion cues; consistent with lying down at rest""}]","[{""atom"":""the person"",""type"":""object"",""verdict"":""supported"",""evidence"":""one clearly visible person inside GT box""},{""atom"":""lying"",""type"":""action_state"",""verdict"":""supported"",""evidence"":""body fully horizontal on couch, no support under torso/legs""},{""atom"":""on the couch"",""type"":""relation"",""verdict"":""supported"",""evidence"":""person's body contacts and rests upon dark upholstered couch surface""}]",[],[],"[""position on left-side couch (vs. right-side couch)"", ""wearing light blue top and dark blue pants (vs. striped shirt and darker pants)"", ""bare feet visible"", ""proximity to left table lamp and slippers on floor""]",high,same_category_instance_confusion,"The referring expression accurately describes the GT target, but is highly ambiguous because a second person is also lying on a separate couch in the same scene. The baselines incorrectly grounded the other person, resulting in zero IoU due to same-category instance confusion."
hallu_000799_COCO_train2014_000000325966,COCO_train2014_000000325966.jpg,the laptop in front of the person,t2_vqa_grounding|t4_caption_grounding,uncertain,laptop,not_applicable,,not_applicable,"[{""part"":""lid"",""value"":""dark gray or black"",""confidence"":""high"",""evidence"":""uniform matte dark surface, no reflections indicating color shift""},{""part"":""bottom edge / hinge area"",""value"":""silver or light gray metal"",""confidence"":""medium"",""evidence"":""thin horizontal strip visible at bottom of lid with metallic sheen""}]","[{""part"":""lid"",""value"":""matte plastic or metal"",""confidence"":""high"",""evidence"":""non-reflective, uniform texture; no glossy highlights""},{""part"":""bottom edge"",""value"":""metal"",""confidence"":""medium"",""evidence"":""specular highlight and linear edge consistent with brushed metal""}]","[{""attribute"":""brand logo visible on lid"",""confidence"":""high"",""evidence"":""small silver 'DELL' logo centered near bottom edge of lid""},{""attribute"":""laptop is closed"",""confidence"":""high"",""evidence"":""no screen visible; single continuous surface with hinge seam at bottom""}]","[{""value"":""resting on lap"",""confidence"":""high"",""evidence"":""positioned horizontally on person's lap, partially occluded by person's torso and jacket""}]","[{""atom"":""the laptop"",""type"":""object"",""verdict"":""supported"",""evidence"":""green box isolates a closed laptop on left person’s lap""},{""atom"":""in front of"",""type"":""relation"",""verdict"":""supported"",""evidence"":""laptop lies horizontally on lap of woman, directly in front of her torso""},{""atom"":""the person"",""type"":""object"",""verdict"":""supported"",""evidence"":""woman visible behind and above green box; her jacket and torso frame the laptop""}]",[],[],"[""position on left person’s lap (woman)"", ""closed lid with visible DELL logo near bottom"", ""darker matte finish compared to the brighter/orange-framed laptop on right"", ""partially occluded by woman’s black jacket sleeve on left side""]",high,visually_ambiguous_reference,"The referring expression 'the laptop in front of the person' is visually ambiguous because there are two people and two laptops in the image. The baselines selected the other laptop in front of the man, resulting in zero IoU with the GT laptop in front of the woman."
hallu_000820_COCO_train2014_000000503472,COCO_train2014_000000503472.jpg,the dining table in front of the couch,t2_vqa_grounding|t4_caption_grounding,yes,coffee table,not_applicable,,not_applicable,"[{""part"":""tabletop"",""value"":""yellow"",""confidence"":""high"",""evidence"":""bright yellow circular tabletop, clearly visible in crop""},{""part"":""legs"",""value"":""light brown wood"",""confidence"":""medium"",""evidence"":""wooden legs visible beneath tabletop in full image; color consistent with hardwood floor""}]","[{""part"":""tabletop"",""value"":""painted wood or laminate"",""confidence"":""medium"",""evidence"":""smooth, uniform yellow surface with slight sheen; no visible grain""},{""part"":""legs"",""value"":""wood"",""confidence"":""high"",""evidence"":""visible wood grain and texture on legs in full image""}]","[{""attribute"":""circular shape"",""confidence"":""high"",""evidence"":""top view shows clear circular edge; side view confirms round profile""},{""attribute"":""low height"",""confidence"":""high"",""evidence"":""sits below seat level of adjacent couch""},{""attribute"":""cluttered with papers and books"",""confidence"":""high"",""evidence"":""multiple documents, a book spine, and a small round metallic object on surface""}]","[{""value"":""stationary"",""confidence"":""high"",""evidence"":""no motion blur; fixed placement relative to couch and floor""}]","[{""atom"":""in front of the couch"",""type"":""relation"",""verdict"":""supported"",""evidence"":""table is positioned between camera and couch; couch backrest is directly behind it""}]","[{""atom"":""dining table"",""type"":""object"",""verdict"":""contradicted"",""evidence"":""target is a low circular coffee table, not a dining table which would be taller and typically set with chairs""}]",[],"[""yellow circular tabletop"", ""low height relative to couch"", ""positioned directly in front of couch""]",high,same_category_instance_confusion,"The referring expression mislabels the target as a 'dining table', but visual evidence confirms it is a low, yellow circular coffee table. The spatial relation 'in front of the couch' correctly and uniquely identifies the GT target. Baselines failed by selecting a different table instance (a dark round table) elsewhere in the room, demonstrating same-category instance confusion."
hallu_000821_COCO_train2014_000000033764,COCO_train2014_000000033764.jpg,the person next to the frisbee,t2_vqa_grounding|t4_caption_grounding,yes,person,female_presenting,"visible long hair tied back, athletic build, wearing black short-sleeve top and black leggings",no_automatic_flag,"[{""part"":""top"",""value"":""black"",""confidence"":""high"",""evidence"":""solid black short-sleeve shirt""},{""part"":""bottoms"",""value"":""black"",""confidence"":""high"",""evidence"":""black full-length leggings""},{""part"":""shoes"",""value"":""blue with orange/red sole"",""confidence"":""high"",""evidence"":""bright blue upper, orange/red heel accent visible""},{""part"":""socks"",""value"":""white"",""confidence"":""high"",""evidence"":""white ankle sock visible above shoe""}]","[{""part"":""clothing"",""value"":""synthetic athletic fabric"",""confidence"":""medium"",""evidence"":""tight-fitting, smooth texture typical of sportswear""},{""part"":""shoes"",""value"":""rubber/synthetic sole, textile upper"",""confidence"":""medium"",""evidence"":""structured sole with visible tread pattern; upper appears woven or mesh-like""}]","[{""attribute"":""hair tied back in ponytail/bun"",""confidence"":""high"",""evidence"":""long brown hair gathered at nape of neck, visible bun/ponytail shape""}]","[{""value"":""running or lunging toward left side of frame"",""confidence"":""high"",""evidence"":""body angled forward, arms positioned for balance/momentum, legs in stride""}]","[{""atom"":""the person"",""type"":""object"",""verdict"":""supported"",""evidence"":""GT box encloses a single visible person in motion""},{""atom"":""next to"",""type"":""relation"",""verdict"":""supported"",""evidence"":""person is spatially adjacent to the frisbee held by another person""},{""atom"":""the frisbee"",""type"":""object"",""verdict"":""supported"",""evidence"":""frisbee is visible and held by a central figure""}]",[],[],"[""only person on far right wearing black full-body athletic outfit"", ""only person with blue shoes and white socks"", ""only person with hair tied back in visible bun/ponytail"", ""positioned distinctly right of frisbee holder""]",high,same_category_instance_confusion,"The referring expression 'the person next to the frisbee' is visually ambiguous as multiple people are near the frisbee. The baselines incorrectly grounded the leftmost person, while the GT target is the female-presenting person on the far right, distinguished by her all-black athletic outfit and blue shoes."
hallu_000851_COCO_train2014_000000285132,COCO_train2014_000000285132.jpg,the person next to the parking meter,t4_caption_grounding,uncertain,person,female_presenting,"visible short blonde hair, pink collared shirt, necklace, sunglasses",no_automatic_flag,"[{""part"":""shirt"",""value"":""pink"",""confidence"":""high"",""evidence"":""solid pink collared shirt visible across torso""},{""part"":""hair"",""value"":""blonde"",""confidence"":""high"",""evidence"":""short, light-colored hair clearly visible""},{""part"":""sunglasses"",""value"":""dark brown/tinted"",""confidence"":""high"",""evidence"":""dark-tinted lenses with thin metal frame""},{""part"":""necklace"",""value"":""silver or metallic"",""confidence"":""medium"",""evidence"":""thin reflective chain visible at neckline""}]","[{""part"":""shirt"",""value"":""cotton or woven fabric"",""confidence"":""medium"",""evidence"":""visible texture and drape suggest lightweight woven material""},{""part"":""sunglasses"",""value"":""plastic/metal"",""confidence"":""high"",""evidence"":""thin metallic arms and plastic/rubber temple tips visible""}]","[{""attribute"":""wearing sunglasses"",""confidence"":""high"",""evidence"":""sunglasses fully covering eyes, worn on face""},{""attribute"":""standing near water feature"",""confidence"":""high"",""evidence"":""pool/fountain edge visible directly behind her""}]","[{""value"":""speaking or being interviewed"",""confidence"":""high"",""evidence"":""microphones pointed toward her mouth; mouth slightly open; posture directed forward""}]","[{""atom"":""the person"",""type"":""object"",""verdict"":""supported"",""evidence"":""one clearly visible person inside green box""}]",[],"[{""atom"":""next to the parking meter"",""type"":""relation"",""verdict"":""not_visible"",""evidence"":""no physical parking meter is visible adjacent to the person; only a sign reading 'Parking Meters' is visible in the background mounted on a pole""}]","[""only person wearing pink collared shirt in foreground"", ""only person with short blonde hair and sunglasses among visible individuals"", ""positioned immediately right of man in dark suit""]",high,same_category_instance_confusion,"The GT target is a female-presenting person in a pink shirt, but the referring expression's relation 'next to the parking meter' is not visually supported, as only a distant sign is visible. The baseline model confused the target with another person (a man in a suit) in the scene."
hallu_000871_COCO_train2014_000000292844,COCO_train2014_000000292844.jpg,the person in front of the chair,t2_vqa_grounding,yes,person,female_presenting,"visible long hair tied back with headband, facial features and body shape consistent with female presentation",stereotype_sensitive_cue,"[{""part"":""top"",""value"":""blue"",""confidence"":""high"",""evidence"":""solid medium-blue long-sleeve knit top""},{""part"":""pants"",""value"":""blue"",""confidence"":""high"",""evidence"":""medium-wash denim jeans""},{""part"":""headband"",""value"":""white with black pattern"",""confidence"":""high"",""evidence"":""patterned fabric headband visible in hair""},{""part"":""shoes"",""value"":""beige"",""confidence"":""medium"",""evidence"":""light-colored flat shoes partially visible""}]","[{""part"":""top"",""value"":""knit fabric"",""confidence"":""high"",""evidence"":""ribbed texture and drape visible""},{""part"":""pants"",""value"":""denim"",""confidence"":""high"",""evidence"":""characteristic weave, seams, and fading""}]","[{""attribute"":""holding white controller"",""confidence"":""high"",""evidence"":""white Wii remote held in right hand""},{""attribute"":""wearing watch on left wrist"",""confidence"":""high"",""evidence"":""silver-toned watch visible on left wrist""}]","[{""value"":""standing, smiling, holding controller"",""confidence"":""high"",""evidence"":""upright posture, open smile, controller in hand""}]","[{""atom"":""the person"",""type"":""object"",""verdict"":""supported"",""evidence"":""green box encloses exactly one person, matching referring expression""},{""atom"":""in front of"",""type"":""relation"",""verdict"":""supported"",""evidence"":""black office chair is directly behind the person; person occludes part of chair""},{""atom"":""the chair"",""type"":""object"",""verdict"":""supported"",""evidence"":""black wheeled office chair visible behind person's left side""}]",[],[],"[""standing posture with controller in hand"", ""blue knit top and denim jeans"", ""white patterned headband"", ""position directly in front of black office chair""]",high,same_category_instance_confusion,"The referring expression accurately describes the GT target, a female-presenting person in a blue top and jeans standing in front of a black office chair. The baseline model failed due to same-category instance confusion, selecting a different person kneeling in front of a sofa."
hallu_000874_COCO_train2014_000000152431,COCO_train2014_000000152431.jpg,the person next to the sandwich,t2_vqa_grounding,yes,person,male_presenting,"visible facial hair (stubble), short dark hair, masculine facial structure",no_automatic_flag,"[{""part"":""jacket"",""value"":""dark olive green"",""confidence"":""high"",""evidence"":""solid dark green outer layer, consistent across visible surface""},{""part"":""pants"",""value"":""dark gray or black"",""confidence"":""medium"",""evidence"":""dark lower garment, partially obscured by blanket and posture""},{""part"":""sunglasses"",""value"":""black"",""confidence"":""high"",""evidence"":""opaque black frames and lenses""},{""part"":""gloves"",""value"":""black"",""confidence"":""high"",""evidence"":""black fabric gloves on both hands""}]","[{""part"":""jacket"",""value"":""thick insulated fabric"",""confidence"":""medium"",""evidence"":""puffy texture, seam lines suggesting insulation, typical winter jacket appearance""},{""part"":""sunglasses"",""value"":""plastic frame, glass or plastic lenses"",""confidence"":""high"",""evidence"":""rigid frame shape, reflective lens surface""}]","[{""attribute"":""wearing sunglasses"",""confidence"":""high"",""evidence"":""sunglasses worn over eyes""},{""attribute"":""holding food item near mouth"",""confidence"":""high"",""evidence"":""right hand holding yellowish object to lips""}]","[{""value"":""eating"",""confidence"":""high"",""evidence"":""food held to mouth, mouth slightly open, chewing posture""},{""value"":""sitting"",""confidence"":""high"",""evidence"":""lower body positioned low, legs bent, contact with rocky surface""}]","[{""atom"":""person"",""type"":""object"",""verdict"":""supported"",""evidence"":""GT box encloses a clearly visible person""},{""atom"":""next to"",""type"":""relation"",""verdict"":""supported"",""evidence"":""person is seated immediately to the left of the sandwich on the white cloth""},{""atom"":""sandwich"",""type"":""object"",""verdict"":""supported"",""evidence"":""yellowish bread with filling visible on the white cloth adjacent to the person""}]",[],[],"[""wearing black sunglasses"", ""holding food to mouth"", ""dark olive green puffy jacket"", ""immediate right-side adjacency to sandwich on white cloth""]",high,same_category_instance_confusion,"The referring expression correctly binds to the GT target, a male-presenting person in a dark olive green jacket eating next to a sandwich. The baseline model failed by selecting a different person wearing a beanie further away from the sandwich, demonstrating same-category instance confusion among multiple people in the scene."
hallu_000882_COCO_train2014_000000349527,COCO_train2014_000000349527.jpg,the skis held by the person,t2_vqa_grounding|t4_caption_grounding,yes,skis,not_applicable,Target is an inanimate object (skis).,not_applicable,"[{""part"":""ski base"",""value"":""yellow"",""confidence"":""high"",""evidence"":""bright yellow underside visible along full length""},{""part"":""ski top sheet"",""value"":""black with red and white graphics"",""confidence"":""high"",""evidence"":""black background with red 'Völkl' logo and white text/stripes visible on upper ski surface""},{""part"":""bindings"",""value"":""black with red accents"",""confidence"":""high"",""evidence"":""black plastic bindings with red details near toe piece""}]","[{""part"":""ski base"",""value"":""plastic/sintered polyethylene"",""confidence"":""medium"",""evidence"":""smooth, slightly reflective surface typical of ski bases""},{""part"":""ski top sheet"",""value"":""fiberglass/composite laminate"",""confidence"":""medium"",""evidence"":""rigid, flat surface with printed graphics; no visible wood grain or metal""},{""part"":""bindings"",""value"":""plastic/metal"",""confidence"":""high"",""evidence"":""hard, molded appearance with metallic sheen on some parts""}]","[{""attribute"":""brand visible: Völkl"",""confidence"":""high"",""evidence"":""red 'Völkl' logo clearly legible on ski top sheet""}]","[{""value"":""being held upright by a person"",""confidence"":""high"",""evidence"":""gloved hand grasping ski poles and skis; skis not on snow or rack""}]","[{""atom"":""skis"",""type"":""object"",""verdict"":""supported"",""evidence"":""Target box tightly encloses two yellow skis with black/red topsheets and bindings.""},{""atom"":""held by"",""type"":""action_state"",""verdict"":""supported"",""evidence"":""Skis are visibly grasped and supported by a gloved hand.""},{""atom"":""person"",""type"":""object"",""verdict"":""supported"",""evidence"":""Upper body and hand of the person holding the skis are visible within and above the target box.""},{""atom"":""held by the person"",""type"":""relation"",""verdict"":""supported"",""evidence"":""The skis are physically held by the visible person in the black and blue jacket.""}]",[],[],"[""yellow ski base with red 'Völkl' logo"", ""held vertically alongside two black poles with blue grips"", ""gripped by gloved hand of person in black jacket with blue trim and black helmet""]",high,same_category_instance_confusion,"The referring expression correctly identifies the target skis, which are distinctly yellow with a Völkl logo and held vertically by a person in a black and blue jacket. Baseline models failed by selecting other pairs of skis held by different people in the scene, indicating high instance confusion risk among multiple skiers."
hallu_000923_COCO_train2014_000000333356,COCO_train2014_000000333356.jpg,the backpack on the person's back,t2_vqa_grounding|t4_caption_grounding,yes,backpack,not_applicable,,not_applicable,"[{""part"":""main body"",""value"":""dark gray/black"",""confidence"":""high"",""evidence"":""large upper portion of backpack is dark gray or black fabric""},{""part"":""lower front pocket"",""value"":""bright blue"",""confidence"":""high"",""evidence"":""distinct rectangular blue panel on lower front, with visible white logo/zipper detail""},{""part"":""shoulder straps"",""value"":""black"",""confidence"":""high"",""evidence"":""straps visible over shoulders are black""}]","[{""part"":""body"",""value"":""synthetic fabric"",""confidence"":""medium"",""evidence"":""smooth texture with slight sheen, typical of backpack material; no visible weave or leather""},{""part"":""blue pocket"",""value"":""synthetic fabric"",""confidence"":""medium"",""evidence"":""same texture and sheen as main body""}]","[{""attribute"":""has front pocket"",""confidence"":""high"",""evidence"":""clearly visible blue rectangular compartment on front""},{""attribute"":""worn on back"",""confidence"":""high"",""evidence"":""straps over shoulders, body against wearer’s back; person facing away""}]","[{""value"":""being worn"",""confidence"":""high"",""evidence"":""straps over shoulders of person; backpack conforms to back shape""}]","[{""atom"":""backpack"",""type"":""object"",""verdict"":""supported"",""evidence"":""GT box tightly encloses a backpack with blue front pocket and dark body""},{""atom"":""person"",""type"":""object"",""verdict"":""supported"",""evidence"":""person wearing purple jacket visible beneath and around backpack""},{""atom"":""on the person's back"",""type"":""relation"",""verdict"":""supported"",""evidence"":""backpack is strapped to a person whose back is toward camera; straps over shoulders confirm wear position""}]",[],[],"[""bright blue front pocket"", ""worn by person in purple jacket"", ""positioned right of center""]",high,same_category_instance_confusion,"The baselines incorrectly grounded a different backpack on the left side of the image worn by a person in a black coat, missing the GT backpack which is distinguished by its bright blue front pocket and being worn by a person in a purple jacket on the right."
hallu_000931_COCO_train2014_000000062233,COCO_train2014_000000062233.jpg,the person holding a remote,t2_vqa_grounding|t4_caption_grounding,yes,person,male_presenting,"short hair, facial features, and clothing style (beanie, layered long sleeves) visually consistent with male presentation",stereotype_sensitive_cue,"[{""part"":""beanie"",""value"":""black"",""confidence"":""high"",""evidence"":""solid black knit beanie covering head""},{""part"":""glasses"",""value"":""dark brown/black frame"",""confidence"":""high"",""evidence"":""thick rectangular frames visible on face""},{""part"":""t-shirt"",""value"":""off-white/light beige with black graphic print"",""confidence"":""high"",""evidence"":""large monochrome illustration covering front torso""},{""part"":""undershirt/sleeves"",""value"":""black long sleeves"",""confidence"":""high"",""evidence"":""full-length black sleeves visible under t-shirt cuffs""},{""part"":""pants"",""value"":""light gray"",""confidence"":""high"",""evidence"":""loose-fitting pants, consistent light gray fabric""},{""part"":""remote"",""value"":""white"",""confidence"":""high"",""evidence"":""Wii remote held in right hand, white plastic body visible""}]","[{""part"":""beanie"",""value"":""knit fabric"",""confidence"":""high"",""evidence"":""textured surface with visible stitch pattern""},{""part"":""t-shirt"",""value"":""cotton or cotton blend"",""confidence"":""medium"",""evidence"":""soft drape and slight wrinkling typical of cotton jersey""},{""part"":""pants"",""value"":""sweatpants fabric (likely cotton/polyester blend)"",""confidence"":""medium"",""evidence"":""matte finish, relaxed fit, elastic waistband visible at top""},{""part"":""remote"",""value"":""plastic"",""confidence"":""high"",""evidence"":""smooth, non-reflective white surface typical of Wii remote casing""}]","[{""attribute"":""holding remote in right hand"",""confidence"":""high"",""evidence"":""right hand gripping white remote; thumb on top, fingers wrapped around side""},{""attribute"":""standing upright"",""confidence"":""high"",""evidence"":""vertical posture, full torso visible, feet not shown but body aligned vertically""},{""attribute"":""looking slightly left of camera"",""confidence"":""high"",""evidence"":""eyes and head orientation directed toward viewer’s left""}]","[{""value"":""holding a remote"",""confidence"":""high"",""evidence"":""white Wii remote firmly grasped in right hand, positioned near waist""},{""value"":""standing still"",""confidence"":""high"",""evidence"":""no motion blur, stable pose, no indication of movement""}]","[{""atom"":""the person"",""type"":""object"",""verdict"":""supported"",""evidence"":""green box isolates one clearly identifiable person""},{""atom"":""holding a remote"",""type"":""action_state"",""verdict"":""supported"",""evidence"":""white Wii remote gripped in right hand, no ambiguity""},{""atom"":""a remote"",""type"":""object"",""verdict"":""supported"",""evidence"":""distinct white controller matching Nintendo Wii remote shape and size""},{""atom"":""the person holding a remote"",""type"":""relation"",""verdict"":""supported"",""evidence"":""direct physical contact between hand and remote confirmed""}]",[],[],"[""wearing black beanie and glasses"", ""off-white t-shirt with large black graphic print"", ""black long sleeves underneath"", ""light gray sweatpants"", ""standing leftmost in group"", ""holding remote in right hand (others hold in left or both hands)""]",high,same_category_instance_confusion,"The referring expression 'the person holding a remote' is visually ambiguous because multiple people in the image are holding remotes. The baselines incorrectly grounded the rightmost man in a blue shirt, who is also holding a remote, leading to a zero IoU due to same-category instance confusion. The GT target is the leftmost person, distinguishable by his black beanie, glasses, and graphic t-shirt."
hallu_000932_COCO_train2014_000000066853,COCO_train2014_000000066853.jpg,the laptop in front of the TV,t2_vqa_grounding,yes,laptop,not_applicable,,not_applicable,"[{""part"":""screen"",""value"":""blue-dominated UI with white windows"",""confidence"":""high"",""evidence"":""screen displays Windows desktop with blue background and light-colored dialog boxes""},{""part"":""keyboard and chassis"",""value"":""black"",""confidence"":""high"",""evidence"":""entire visible body and keyboard are matte black""}]","[{""part"":""chassis"",""value"":""matte plastic or metal"",""confidence"":""medium"",""evidence"":""non-reflective dark surface, no clear texture but consistent with typical laptop casing""},{""part"":""screen bezel"",""value"":""black plastic"",""confidence"":""high"",""evidence"":""thin uniform black border around screen, non-glossy""}]","[{""attribute"":""screen is on"",""confidence"":""high"",""evidence"":""illuminated display showing active OS interface""},{""attribute"":""laptop is open at ~100-110 degrees"",""confidence"":""high"",""evidence"":""angle between screen and base is clearly open, not closed or fully flat""}]","[{""value"":""in use / powered on"",""confidence"":""high"",""evidence"":""active desktop with open windows and taskbar visible""}]","[{""atom"":""the laptop"",""type"":""object"",""verdict"":""supported"",""evidence"":""clearly identifiable laptop with screen, keyboard, and chassis""},{""atom"":""in front of the TV"",""type"":""relation"",""verdict"":""supported"",""evidence"":""laptop is on foreground desk; TV is on rear shelf above it, spatially in front and lower""}]",[],[],"[""leftmost position among three laptops"", ""screen shows blue Windows desktop"", ""closest to viewer, directly below TV on same vertical axis""]",high,same_category_instance_confusion,"The referring expression correctly identifies the leftmost laptop which is spatially in front of the TV. The baseline model failed by selecting the rightmost laptop, a same-category instance confusion, as there are three laptops in the scene."
hallu_000935_COCO_train2014_000000271473,COCO_train2014_000000271473.jpg,the person holding a wine glass,t2_vqa_grounding|t4_caption_grounding,yes,person,male_presenting,"short hair, facial stubble, masculine facial features visible",no_automatic_flag,"[{""part"":""shirt"",""value"":""light blue and white vertical stripes"",""confidence"":""high"",""evidence"":""clear striped pattern on torso""},{""part"":""wine glass"",""value"":""clear glass with amber liquid"",""confidence"":""high"",""evidence"":""transparent glass held in right hand, contains yellow-amber liquid""},{""part"":""sunglasses"",""value"":""black"",""confidence"":""high"",""evidence"":""hanging from shirt collar, dark frames visible""}]","[{""part"":""shirt"",""value"":""cotton or woven fabric"",""confidence"":""medium"",""evidence"":""wrinkles and texture suggest lightweight woven material""},{""part"":""wine glass"",""value"":""glass"",""confidence"":""high"",""evidence"":""transparent, reflective surface typical of glass""}]","[{""attribute"":""seated at wooden table with wine tasting trays"",""confidence"":""high"",""evidence"":""table surface and multiple small wine glasses on wooden holders visible""},{""attribute"":""holding wine glass in right hand"",""confidence"":""high"",""evidence"":""right hand grasping stem of glass, thumb and fingers visible""}]","[{""value"":""holding a wine glass"",""confidence"":""high"",""evidence"":""hand gripping stem of clear wine glass containing liquid""},{""value"":""looking toward camera"",""confidence"":""high"",""evidence"":""eyes directed forward, slight smile""}]","[{""atom"":""the person"",""type"":""object"",""verdict"":""supported"",""evidence"":""green box encloses a single visible person""},{""atom"":""holding"",""type"":""action_state"",""verdict"":""supported"",""evidence"":""right hand grasps stem of clear wine glass with liquid inside""},{""atom"":""a wine glass"",""type"":""object"",""verdict"":""supported"",""evidence"":""transparent glass with amber liquid, held in hand""}]",[],[],"[""male-presenting person in striped shirt holding wine glass in right hand"", ""positioned left of the woman in yellow top"", ""sunglasses hanging from shirt collar""]",high,same_category_instance_confusion,"The referring expression accurately describes the GT target, a male-presenting person in a striped shirt holding a wine glass. However, the expression is visually ambiguous because another person in the scene is also holding a wine glass, leading the baselines to select the wrong same-category instance."
hallu_000947_COCO_train2014_000000322239,COCO_train2014_000000322239.jpg,the bed under the suitcase,t2_vqa_grounding,yes,bed,not_applicable,,not_applicable,"[{""part"":""bed surface"",""value"":""brown"",""confidence"":""high"",""evidence"":""uniform brown textured fabric visible across the target box region""}]","[{""part"":""bed surface"",""value"":""fabric"",""confidence"":""high"",""evidence"":""visible texture with subtle stitching lines and soft appearance""}]","[{""attribute"":""surface is flat and horizontal"",""confidence"":""high"",""evidence"":""consistent plane, no visible sagging or deformation under suitcase""}]","[{""value"":""supporting a suitcase"",""confidence"":""high"",""evidence"":""open suitcase rests directly on top of the target-region surface; contact visible along lower edge of suitcase""}]","[{""atom"":""the bed"",""type"":""object"",""verdict"":""supported"",""evidence"":""target box covers a continuous brown fabric surface consistent with a bed""},{""atom"":""under the suitcase"",""type"":""relation"",""verdict"":""supported"",""evidence"":""target box is spatially below the suitcase's base; suitcase rests on it""},{""atom"":""suitcase"",""type"":""object"",""verdict"":""supported"",""evidence"":""open gray/black suitcase clearly visible above the target box""},{""atom"":""one bed"",""type"":""count"",""verdict"":""supported"",""evidence"":""only one continuous bed surface visible in image; no second bed present""}]",[],[],"[""brown fabric surface directly supporting the open suitcase"", ""positioned beneath the suitcase's lower rim"", ""no other bed-like surface in immediate vicinity""]",low,wrong_category,"The referring expression unambiguously identifies the bed surface beneath the suitcase. The baseline model achieved zero IoU by incorrectly grounding the suitcase and the cat inside it rather than the bed itself, resulting in a wrong-category localization error."
hallu_000972_COCO_train2014_000000135589,COCO_train2014_000000135589.jpg,the person wearing a red tie,t2_vqa_grounding,yes,person,male_presenting,"visible facial hair (beard and mustache), short styled hair, masculine facial structure",no_automatic_flag,"[{""part"":""tie"",""value"":""red with white pattern"",""confidence"":""high"",""evidence"":""clearly visible red tie with repeating white geometric or floral-like pattern""},{""part"":""shirt"",""value"":""white"",""confidence"":""high"",""evidence"":""crisp white collared shirt under jacket""},{""part"":""jacket"",""value"":""dark gray or charcoal"",""confidence"":""high"",""evidence"":""textured wool-like coat in dark gray/charcoal tone""},{""part"":""backpack strap"",""value"":""black"",""confidence"":""high"",""evidence"":""thick black strap over left shoulder""}]","[{""part"":""jacket"",""value"":""wool or wool-blend fabric"",""confidence"":""medium"",""evidence"":""visible texture and drape consistent with heavy woven fabric; slight sheen suggests wool blend""},{""part"":""tie"",""value"":""silk or satin"",""confidence"":""medium"",""evidence"":""smooth surface with subtle luster, typical of silk/satin ties""},{""part"":""shirt"",""value"":""cotton or cotton blend"",""confidence"":""medium"",""evidence"":""fine weave and crisp collar appearance""}]","[{""attribute"":""wearing backpack"",""confidence"":""high"",""evidence"":""black strap visible over left shoulder, partial bag body implied behind""},{""attribute"":""standing on public transit"",""confidence"":""high"",""evidence"":""vertical handrail to right, overhead lighting, window reflections, blurred background consistent with subway/train interior""}]","[{""value"":""looking upward and leftward"",""confidence"":""high"",""evidence"":""eyes directed up-left, head slightly tilted, mouth slightly open as if attentive or reacting""},{""value"":""holding onto handrail (implied)"",""confidence"":""medium"",""evidence"":""right arm position suggests grip on rail just outside frame; posture indicates standing stability""}]","[{""atom"":""person"",""type"":""object"",""verdict"":""supported"",""evidence"":""Human figure with face, clothing, posture; matches category_hint.""},{""atom"":""wearing"",""type"":""action_state"",""verdict"":""supported"",""evidence"":""Tie is attached to shirt collar of the focused person.""},{""atom"":""red"",""type"":""color"",""verdict"":""supported"",""evidence"":""Tie is predominantly red with white pattern; color unmistakable.""},{""atom"":""tie"",""type"":""object"",""verdict"":""supported"",""evidence"":""Green-boxed person clearly wears a red patterned tie.""}]",[],[],"[""sharp focus vs. background blur"", ""facial features and beard visible only in GT person"", ""position: GT person is left/center; distractor is right/background"", ""GT person has backpack strap; distractor does not show strap""]",high,same_category_instance_confusion,"The referring expression accurately describes the GT target, a man in the foreground wearing a red tie. However, the baseline model selected a different person in the background who is also wearing a red tie, leading to a zero IoU due to same-category instance confusion driven by the ambiguous query."
hallu_017587_COCO_train2014_000000017587,COCO_train2014_000000017587.jpg,the person holding a cup,t2_vqa_grounding|t4_caption_grounding,yes,person,female_presenting,"visible long dark hair, headband, facial features consistent with female presentation; no contradictory evidence",no_automatic_flag,"[{""part"":""hair"",""value"":""dark brown/black"",""confidence"":""high"",""evidence"":""uniform dark color visible across scalp and strands""},{""part"":""headband"",""value"":""white with black pattern"",""confidence"":""high"",""evidence"":""white base with repeating black geometric or floral motif""},{""part"":""shirt"",""value"":""dark purple/brown with light-colored graphic"",""confidence"":""medium"",""evidence"":""dark solid base; lighter (possibly white/yellow) graphic partially visible on chest""},{""part"":""cup"",""value"":""white"",""confidence"":""high"",""evidence"":""opaque white surface, glossy finish typical of ceramic mug""}]","[{""part"":""cup"",""value"":""ceramic"",""confidence"":""high"",""evidence"":""smooth, glossy, opaque white surface with slight reflection; shape and thickness typical of ceramic mug""},{""part"":""headband"",""value"":""fabric"",""confidence"":""high"",""evidence"":""soft texture, slight creasing, woven appearance under lighting""}]","[{""attribute"":""wearing ring on right hand"",""confidence"":""high"",""evidence"":""metallic ring visible on right ring finger, held near cup""},{""attribute"":""sitting at table"",""confidence"":""high"",""evidence"":""torso and arms positioned over table surface; table edge visible below hands""}]","[{""value"":""holding a cup with right hand"",""confidence"":""high"",""evidence"":""right hand wrapped around white cup handle; cup lifted off table""},{""value"":""looking toward camera"",""confidence"":""high"",""evidence"":""eyes directed forward, aligned with viewer perspective""}]","[{""atom"":""the person"",""type"":""object"",""verdict"":""supported"",""evidence"":""single clearly visible person within green box""},{""atom"":""holding a cup"",""type"":""action_state"",""verdict"":""supported"",""evidence"":""right hand grasping white cup handle; cup elevated off table""},{""atom"":""cup"",""type"":""object"",""verdict"":""supported"",""evidence"":""white ceramic mug clearly visible in hand""},{""atom"":""only one person in GT box"",""type"":""count"",""verdict"":""supported"",""evidence"":""no other persons fully or partially inside green rectangle""}]",[],[],"[""white patterned headband"", ""ring on right hand"", ""dark shirt with light graphic"", ""cup held in right hand"", ""position relative to donut and napkin on table""]",high,same_category_instance_confusion,"The baselines selected another person in the image who was not holding a cup, confusing the target instance with a same-category distractor. The GT target is clearly the person holding the white ceramic cup."
hallu_019123_COCO_train2014_000000019123,COCO_train2014_000000019123.jpg,the person sitting in front of the bookshelf,t2_vqa_grounding|t4_caption_grounding,yes,person,male_presenting,"short hair, facial features, and visible upper torso consistent with male presentation",no_automatic_flag,"[{""part"":""shirt"",""value"":""gray"",""confidence"":""high"",""evidence"":""solid gray t-shirt visible in crop and full image""},{""part"":""hair"",""value"":""light brown/blond"",""confidence"":""medium"",""evidence"":""short light-colored hair visible in full image; crop too blurry to confirm""}]","[{""part"":""shirt"",""value"":""cotton"",""confidence"":""low"",""evidence"":""soft fabric appearance, but resolution too low for definitive material ID""}]","[{""attribute"":""sitting posture"",""confidence"":""high"",""evidence"":""hips and thighs positioned low, back leaning slightly forward, consistent with sitting on floor or low surface""},{""attribute"":""holding object"",""confidence"":""high"",""evidence"":""right hand gripping a dark cylindrical object (possibly bottle or remote)""}]","[{""value"":""sitting"",""confidence"":""high"",""evidence"":""body orientation and limb positioning indicate seated position""},{""value"":""looking toward right side of frame"",""confidence"":""high"",""evidence"":""head turned, eyes directed toward woman in foreground""}]","[{""atom"":""the person"",""type"":""object"",""verdict"":""supported"",""evidence"":""one clearly visible person fully enclosed by GT box""},{""atom"":""sitting"",""type"":""action_state"",""verdict"":""supported"",""evidence"":""posture confirms seated position""},{""atom"":""in front of the bookshelf"",""type"":""relation"",""verdict"":""supported"",""evidence"":""person's back is adjacent to and in front of bookshelf; no gap between person and shelf""},{""atom"":""bookshelf"",""type"":""object"",""verdict"":""supported"",""evidence"":""dark wooden shelving unit with items, directly behind person""}]",[],[],"[""position directly in front of lower shelf of bookshelf"", ""sitting on floor"", ""wearing gray t-shirt"", ""holding dark cylindrical object in right hand""]",low,localization_or_box_quality,"The referring expression accurately describes the GT target, a male-presenting person sitting in front of a bookshelf. The baselines failed by predicting a box entirely below the GT region, likely mislocalizing downward and anchoring on a foreground person instead of the specific seated target."
hallu_027006_COCO_train2014_000000027006,COCO_train2014_000000027006.jpg,the person sitting on the bench,t2_vqa_grounding|t4_caption_grounding,no,unknown,not_applicable,,not_applicable,[],[],[],[],[],[],"[{""atom"":""the person"",""type"":""object"",""verdict"":""not_visible"",""evidence"":""the GT crop is completely blurred and contains no visible person; the green box is too small (height ~30px) to resolve a person""},{""atom"":""sitting"",""type"":""action_state"",""verdict"":""not_visible"",""evidence"":""no visible posture or body orientation in GT crop""},{""atom"":""on the bench"",""type"":""relation"",""verdict"":""not_visible"",""evidence"":""bench not visible in GT crop; green box does not intersect any visible bench structure""}]","[""GT box is tiny and positioned above the visible bench in the full image, possibly targeting foliage or a non-person object"", ""No person visible within GT bounds in either full image or crop""]",high,annotation_or_gt_issue,"The GT bounding box is extremely small and located in foliage above the bench, containing no visible person. The referring expression describes a person sitting on a bench, which corresponds to other regions in the image, indicating a likely GT annotation error."
hallu_042972_COCO_train2014_000000042972,COCO_train2014_000000042972.jpg,the couch next to the coffee table,t2_vqa_grounding|t4_caption_grounding,no,unknown,not_applicable,,not_applicable,[],[],[],[],[],"[{""atom"":""couch"",""type"":""object"",""verdict"":""contradicted"",""evidence"":""The GT box contains only a patch of wall; no couch structure is visible inside it.""},{""atom"":""next to the coffee table"",""type"":""relation"",""verdict"":""contradicted"",""evidence"":""The coffee table is outside the GT region, and the GT region contains no furniture to be next to it.""}]",[],"[""narrow vertical wall segment between bookshelf and white couch"", ""no furniture or upholstery visible inside GT box""]",low,annotation_or_gt_issue,"The GT box is a narrow vertical strip of wall that contains no couch. The referring expression accurately describes the white couch located to the right of the GT box, indicating the GT bounding box is incorrectly annotated."
hallu_063866_COCO_train2014_000000063866,COCO_train2014_000000063866.jpg,the chair next to the dining table,t2_vqa_grounding,no,dining table,not_applicable,,not_applicable,"[{""part"":""tablecloth"",""value"":""white"",""confidence"":""high"",""evidence"":""large white cloth covering the table surface""}]","[{""part"":""tablecloth"",""value"":""fabric"",""confidence"":""high"",""evidence"":""wrinkles, drape, and texture consistent with woven textile""}]","[{""attribute"":""set with dishes and glassware"",""confidence"":""high"",""evidence"":""multiple plates, wine glasses, a carafe, salt/pepper shakers, and a bread basket on the table surface""},{""attribute"":""rectangular shape"",""confidence"":""high"",""evidence"":""long straight edges visible along left and right sides""}]","[{""value"":""occupied by diners"",""confidence"":""high"",""evidence"":""four people seated around the table""}]",[],"[{""atom"":""the chair"",""type"":""object"",""verdict"":""contradicted"",""evidence"":""The GT box encloses a dining table, not a chair.""},{""atom"":""next to the dining table"",""type"":""relation"",""verdict"":""contradicted"",""evidence"":""The GT box is the dining table itself, not an object located next to it.""}]",[],"[""white tablecloth covering a rectangular table"", ""multiple place settings"", ""people seated directly at the table edges""]",high,target_reference_role_swap,"The referring expression asks for 'the chair', but the ground-truth box encloses the 'dining table'. This is a clear target-reference role swap where the reference object was annotated instead of the target object."
hallu_084815_COCO_train2014_000000084815,COCO_train2014_000000084815.jpg,the chair behind the dining table,t4_caption_grounding,yes,chair,not_applicable,,not_applicable,"[{""part"":""backrest"",""value"":""dark brown or black"",""confidence"":""high"",""evidence"":""uniform dark matte surface in crop; no highlights or texture visible due to blur, but consistent with upholstered chair back""}]","[{""part"":""backrest"",""value"":""fabric or leather"",""confidence"":""medium"",""evidence"":""lack of specular highlights and soft edges suggest soft upholstery; cannot distinguish fabric vs. leather definitively""}]","[{""attribute"":""vertical rectangular shape"",""confidence"":""high"",""evidence"":""green box tightly encloses a vertical rectangle; crop shows two parallel dark vertical edges suggesting upright backrest""}]",[],"[{""atom"":""the chair"",""type"":""object"",""verdict"":""supported"",""evidence"":""green box encloses a vertical dark object consistent with chair back; context supports chair identity""},{""atom"":""behind the dining table"",""type"":""relation"",""verdict"":""supported"",""evidence"":""green box is spatially posterior to the table surface and tray; table occludes lower part of chair""}]",[],[],"[""position directly behind the tray-bearing table surface"", ""vertical dark rectangular form aligned with typical chair back"", ""occlusion by table edge confirms rear placement""]",low,target_reference_role_swap,"The baseline model incorrectly grounded the reference object (the dining table and its contents) instead of the target object (the chair behind it), resulting in a target-reference role swap and zero IoU."
hallu_087518_COCO_train2014_000000087518,COCO_train2014_000000087518.jpg,the cat sitting on the TV stand,t2_vqa_grounding|t4_caption_grounding,no,person,male_presenting,"visible short hair, facial features, and attire (helmet, tan uniform) consistent with male presentation",stereotype_sensitive_cue,"[{""part"":""helmet"",""value"":""white"",""confidence"":""high"",""evidence"":""bright white rigid helmet covering head""},{""part"":""uniform"",""value"":""tan/beige"",""confidence"":""high"",""evidence"":""light brown/tan fabric garment covering torso and arms""},{""part"":""cat held"",""value"":""dark brown/black"",""confidence"":""medium"",""evidence"":""furry animal with dark, possibly black or very dark brown, fur; low resolution but clearly dark""}]","[{""part"":""helmet"",""value"":""hard plastic or composite"",""confidence"":""high"",""evidence"":""smooth, glossy, rigid surface with reflections""},{""part"":""uniform"",""value"":""fabric"",""confidence"":""high"",""evidence"":""wrinkled textile texture visible on sleeves and torso""},{""part"":""cat fur"",""value"":""fur"",""confidence"":""high"",""evidence"":""soft, dense, textured surface typical of mammalian fur""}]","[{""attribute"":""holding a cat"",""confidence"":""high"",""evidence"":""both hands cradling a dark furry animal against chest""},{""attribute"":""wearing helmet"",""confidence"":""high"",""evidence"":""white helmet fully covering head, with chin strap visible""}]","[{""value"":""standing"",""confidence"":""high"",""evidence"":""upright posture, shoulders level, no indication of sitting or lying""},{""value"":""holding a cat"",""confidence"":""high"",""evidence"":""cat positioned against torso, hands supporting it""}]",[],"[{""atom"":""cat"",""type"":""object"",""verdict"":""contradicted"",""evidence"":""GT box encloses a person holding a cat, while the text refers to a cat sitting on a TV stand (a different object in the image).""},{""atom"":""sitting"",""type"":""action_state"",""verdict"":""contradicted"",""evidence"":""The person in the GT box is standing, not sitting.""},{""atom"":""on the TV stand"",""type"":""relation"",""verdict"":""contradicted"",""evidence"":""The person in the GT box is standing in front of the TV, not on the TV stand.""}]",[],"[""person wearing white helmet and tan uniform"", ""person holding dark cat against chest"", ""standing posture in front of TV screen""]",high,annotation_or_gt_issue,"The referring expression describes a cat sitting on a TV stand, which corresponds to a different object in the image correctly found by the baselines. The GT box instead encloses a standing person holding a dark cat, indicating a severe mismatch between the text and the GT annotation."
hallu_102290_COCO_train2014_000000102290,COCO_train2014_000000102290.jpg,the person next to the traffic light,t2_vqa_grounding,yes,person,male_presenting,"visible short hair, facial structure, and body build consistent with male presentation",stereotype_sensitive_cue,"[{""part"":""shirt"",""value"":""white"",""confidence"":""high"",""evidence"":""large white t-shirt with black graphic print""},{""part"":""pants"",""value"":""black"",""confidence"":""high"",""evidence"":""black trousers""},{""part"":""belt"",""value"":""silver metallic with dark pattern"",""confidence"":""medium"",""evidence"":""shiny belt buckle and strap visible at waist""},{""part"":""socks"",""value"":""white"",""confidence"":""high"",""evidence"":""white crew socks visible above shoes""},{""part"":""shoes"",""value"":""black with red laces"",""confidence"":""high"",""evidence"":""black upper, bright red laces and sole accents""}]","[{""part"":""shirt"",""value"":""cotton"",""confidence"":""medium"",""evidence"":""soft folds and slight wrinkling typical of cotton t-shirt fabric""},{""part"":""pants"",""value"":""denim or twill"",""confidence"":""medium"",""evidence"":""stiff creases and sheen suggest sturdy woven fabric""},{""part"":""belt"",""value"":""metal and leather/synthetic"",""confidence"":""medium"",""evidence"":""reflective buckle, strap appears textured""}]","[{""attribute"":""graphic print on shirt"",""confidence"":""high"",""evidence"":""black stylized illustration and text on chest""},{""attribute"":""wearing a belt with prominent buckle"",""confidence"":""high"",""evidence"":""belt visible at waistline, buckle centered and shiny""}]","[{""value"":""balancing upside-down on one hand"",""confidence"":""high"",""evidence"":""single hand planted on checkered floor, body vertical, legs raised""}]","[{""atom"":""the person"",""type"":""object"",""verdict"":""supported"",""evidence"":""GT box encloses a single clearly visible person""},{""atom"":""next to the traffic light"",""type"":""relation"",""verdict"":""supported"",""evidence"":""traffic light is immediately to the right of the person's head""}]",[],[],"[""proximity to traffic light"", ""handstand pose with one hand on checkered floor"", ""white t-shirt with black graphic""]",high,same_category_instance_confusion,"The referring expression correctly identifies the target person performing a handstand next to the traffic light. The baseline model failed by grounding a different person in the scene (a crouching individual in a white shirt), indicating same-category instance confusion."
hallu_109117_COCO_train2014_000000109117,COCO_train2014_000000109117.jpg,the dining table in front of the pizza,t2_vqa_grounding|t4_caption_grounding,no,unknown,not_applicable,,not_applicable,[],[],[],[],[],"[{""atom"":""in front of"",""type"":""relation"",""verdict"":""contradicted"",""evidence"":""GT box is near the top background, while the pizza is in the foreground; spatial relation does not hold for the GT region.""}]","[{""atom"":""dining table"",""type"":""object"",""verdict"":""not_visible"",""evidence"":""GT box is a sub-pixel horizontal line containing no table surface.""},{""atom"":""pizza"",""type"":""object"",""verdict"":""not_visible"",""evidence"":""Pizza is not within the GT box.""}]","[""GT box is a sub-pixel horizontal line"", ""No table or pizza visible in GT region""]",high,annotation_or_gt_issue,"The GT box is a sub-pixel horizontal line near the top of the image, containing no visible objects. The referring expression describes a dining table and pizza, which are located elsewhere in the image. This indicates a severe annotation or ground-truth error."
hallu_113436_COCO_train2014_000000113436,COCO_train2014_000000113436.jpg,the person sitting on the wooden table,t4_caption_grounding,yes,person,male_presenting,"visible facial hair (stubble/beard), short hair, masculine facial features",no_automatic_flag,"[{""part"":""shirt"",""value"":""green and white checkered"",""confidence"":""high"",""evidence"":""clear plaid pattern of green and white squares""},{""part"":""pants"",""value"":""gray"",""confidence"":""high"",""evidence"":""solid medium-gray trousers""},{""part"":""shoes"",""value"":""white"",""confidence"":""medium"",""evidence"":""white soles visible; upper part obscured""}]","[{""part"":""shirt"",""value"":""cotton or cotton-blend fabric"",""confidence"":""medium"",""evidence"":""woven texture with slight creasing typical of casual shirt fabric""},{""part"":""pants"",""value"":""denim or twill"",""confidence"":""medium"",""evidence"":""slight sheen and texture consistent with denim or sturdy twill""},{""part"":""table"",""value"":""wood"",""confidence"":""high"",""evidence"":""visible wood grain and warm brown tone; person is seated on its top surface""}]","[{""attribute"":""holding microphone"",""confidence"":""high"",""evidence"":""black cylindrical object held to mouth, consistent with handheld microphone""},{""attribute"":""sitting posture"",""confidence"":""high"",""evidence"":""hips on surface, legs dangling, torso upright""}]","[{""value"":""sitting on wooden table"",""confidence"":""high"",""evidence"":""buttocks in contact with flat wooden surface; legs hanging down""},{""value"":""speaking or singing into microphone"",""confidence"":""high"",""evidence"":""microphone positioned at mouth, lips slightly parted""}]","[{""atom"":""the person"",""type"":""object"",""verdict"":""supported"",""evidence"":""single person fully enclosed in green GT box""},{""atom"":""sitting"",""type"":""action_state"",""verdict"":""supported"",""evidence"":""posture shows seated position with weight on surface""},{""atom"":""on the wooden table"",""type"":""relation"",""verdict"":""supported"",""evidence"":""person's buttocks contact a flat wooden surface with visible grain; surface is horizontal and elevated above floor""},{""atom"":""wooden table"",""type"":""material"",""verdict"":""supported"",""evidence"":""brown surface with clear wood grain texture""}]",[],[],"[""green-and-white checkered shirt"", ""sitting on low wooden shelf/table (not chair or couch)"", ""holding black microphone to mouth"", ""positioned left of red-shirted man near fireplace""]",high,same_category_instance_confusion,"The query accurately describes the GT target, a male-presenting person in a green checkered shirt sitting on a wooden table. The zero-IoU baseline error is caused by same-category instance confusion, as it incorrectly grounded a different person (a standing man in a red shirt) present in the scene."
hallu_129359_COCO_train2014_000000129359,COCO_train2014_000000129359.jpg,the bowl with sprouts next to the spoon,t2_vqa_grounding|t4_caption_grounding,yes,bowl,not_applicable,,not_applicable,"[{""part"":""bowl exterior"",""value"":""white"",""confidence"":""high"",""evidence"":""smooth, uniformly white ceramic surface visible in crop and full image""},{""part"":""sprouts"",""value"":""green and white"",""confidence"":""high"",""evidence"":""fresh green microgreens with white stems clearly visible atop contents""}]","[{""part"":""bowl"",""value"":""ceramic"",""confidence"":""high"",""evidence"":""glossy, non-metallic, opaque white surface with typical ceramic curvature and rim thickness""}]","[{""attribute"":""contains sprouts"",""confidence"":""high"",""evidence"":""dense cluster of green micro-sprouts visibly filling the bowl’s interior""}]","[{""value"":""stationary on tray"",""confidence"":""high"",""evidence"":""bowl rests flat on patterned paper atop wooden tray; no motion blur""}]","[{""atom"":""the bowl"",""type"":""object"",""verdict"":""supported"",""evidence"":""target is a white ceramic bowl""},{""atom"":""with sprouts"",""type"":""attribute"",""verdict"":""supported"",""evidence"":""green micro-sprouts clearly fill the bowl interior""},{""atom"":""next to the spoon"",""type"":""relation"",""verdict"":""supported"",""evidence"":""spoon is inside the immediately adjacent left bowl; spatial proximity satisfies 'next to'""}]",[],[],"[""white ceramic bowl filled with green/white sprouts"", ""immediately right of a bowl containing orange food and a spoon"", ""sits on printed paper liner on wooden tray""]",low,wrong_category,"The referring expression accurately describes the GT target, which is a white ceramic bowl containing green sprouts, located next to a spoon in an adjacent bowl. The provided category hint incorrectly specified 'spoon' instead of 'bowl', which likely misled the baseline models into predicting an irrelevant background region."
hallu_135796_COCO_train2014_000000135796,COCO_train2014_000000135796.jpg,the bowl on the table,t2_vqa_grounding|t4_caption_grounding,yes,bowl,not_applicable,,not_applicable,"[{""part"":""bowl exterior"",""value"":""clear/transparent"",""confidence"":""high"",""evidence"":""transparent, shows contents and table pattern through sides""},{""part"":""contents"",""value"":""white with brown specks"",""confidence"":""high"",""evidence"":""visibly mixed white base with dark brown particles""}]","[{""part"":""bowl"",""value"":""glass"",""confidence"":""high"",""evidence"":""transparent, smooth reflective surface, typical of glass mixing bowl""}]","[{""attribute"":""contains mixture"",""confidence"":""high"",""evidence"":""hand mixer beaters inserted, mixture swirling""},{""attribute"":""sitting on coaster/mat"",""confidence"":""high"",""evidence"":""brown textured mat underneath bowl""}]","[{""value"":""being mixed"",""confidence"":""high"",""evidence"":""electric hand mixer inserted, mixture agitated""}]","[{""atom"":""the bowl"",""type"":""object"",""verdict"":""supported"",""evidence"":""GT box tightly encloses a clear glass bowl containing a mixed substance""},{""atom"":""on the table"",""type"":""relation"",""verdict"":""supported"",""evidence"":""bowl rests directly on mosaic-tiled table surface""}]","[{""atom"":""chair"",""type"":""object"",""verdict"":""contradicted"",""evidence"":""category_hint is 'chair' but GT box contains a bowl, not a chair""}]",[],"[""transparent glass bowl with white and brown mixture"", ""electric hand mixer inserted into bowl"", ""placed on brown woven coaster atop mosaic table""]",low,wrong_category,"The referring expression correctly identifies the GT target as a bowl on a table. The baselines failed by localizing a wooden cabinet in the background, likely misled by the incorrect 'chair' category hint, resulting in a wrong category prediction and zero IoU."
hallu_140291_COCO_train2014_000000140291,COCO_train2014_000000140291.jpg,the person standing next to the truck,t2_vqa_grounding|t4_caption_grounding,uncertain,person,male_presenting,"visible short hair, facial features, and clothing (button-up shirt, shorts) consistent with male presentation",no_automatic_flag,"[{""part"":""shirt"",""value"":""pale yellow/cream"",""confidence"":""high"",""evidence"":""light-colored short-sleeve button-up shirt with visible buttons""},{""part"":""shorts"",""value"":""black"",""confidence"":""high"",""evidence"":""dark solid shorts""},{""part"":""cap"",""value"":""olive green or gray"",""confidence"":""medium"",""evidence"":""dark cap worn on head; color appears muted due to lighting and resolution""},{""part"":""sandals"",""value"":""brown/black"",""confidence"":""medium"",""evidence"":""open-toed footwear, dark tone""},{""part"":""object in hand"",""value"":""bright red"",""confidence"":""high"",""evidence"":""small elongated red object held in right hand""}]","[{""part"":""shirt"",""value"":""cotton or linen blend"",""confidence"":""medium"",""evidence"":""wrinkled texture, lightweight drape, typical of casual woven fabric""},{""part"":""shorts"",""value"":""synthetic or cotton"",""confidence"":""medium"",""evidence"":""smooth surface, slight sheen, no visible texture detail""},{""part"":""cap"",""value"":""fabric"",""confidence"":""medium"",""evidence"":""soft crown and brim shape, no rigid structure visible""}]","[{""attribute"":""standing upright"",""confidence"":""high"",""evidence"":""full-body posture vertical, feet on ground, weight balanced""},{""attribute"":""holding red object"",""confidence"":""high"",""evidence"":""right hand grasping bright red item""},{""attribute"":""wearing watch"",""confidence"":""medium"",""evidence"":""dark band visible on left wrist""}]","[{""value"":""standing still"",""confidence"":""high"",""evidence"":""static pose, no motion blur, both feet planted""}]","[{""atom"":""the person"",""type"":""object"",""verdict"":""supported"",""evidence"":""green box isolates one clearly visible person""},{""atom"":""standing"",""type"":""action_state"",""verdict"":""supported"",""evidence"":""upright posture, feet on ground""},{""atom"":""next to the truck"",""type"":""relation"",""verdict"":""supported"",""evidence"":""person is immediately left of white truck, within ~1 meter""},{""atom"":""truck"",""type"":""object"",""verdict"":""supported"",""evidence"":""white pickup truck visible to right of person, partial front wheel and cab shown""}]","[{""atom"":""the (uniqueness)"",""type"":""count"",""verdict"":""contradicted"",""evidence"":""two people are near the truck: green-boxed person on left, orange-boxed person on right""}]",[],"[""person wearing pale yellow button-up shirt and black shorts"", ""holding a bright red object in right hand"", ""standing left of truck, not interacting with it"", ""positioned in front of thatched-roof structure""]",high,same_category_instance_confusion,The referring expression is ambiguous because there are two people standing next to the truck. The baseline models incorrectly selected the distractor person (wearing a green shirt and holding a frisbee) instead of the GT target (wearing a pale yellow shirt and holding a red object).
hallu_149921_COCO_train2014_000000149921,COCO_train2014_000000149921.jpg,the bench next to the dining table,t2_vqa_grounding|t4_caption_grounding,no,person,female_presenting,"long hair tied back, light blue short-sleeve top, visible facial features and body presentation consistent with female presentation",no_automatic_flag,"[{""part"":""top"",""value"":""light blue"",""confidence"":""high"",""evidence"":""solid light blue short-sleeve shirt""},{""part"":""shorts"",""value"":""green"",""confidence"":""high"",""evidence"":""bright green shorts visible below table edge""},{""part"":""sandals"",""value"":""black"",""confidence"":""high"",""evidence"":""black flip-flop style sandals on feet""}]","[{""part"":""chair cushion"",""value"":""fabric (patterned)"",""confidence"":""medium"",""evidence"":""striped/patterned textile cushion on chair seat""},{""part"":""chair frame"",""value"":""painted wood or plastic"",""confidence"":""medium"",""evidence"":""light beige smooth curved frame, likely painted wood or molded plastic""}]","[{""attribute"":""smiling"",""confidence"":""high"",""evidence"":""mouth open in clear smile, eyes crinkled""},{""attribute"":""hair tied back"",""confidence"":""high"",""evidence"":""hair gathered behind head, visible ponytail/bun base""}]","[{""value"":""sitting at table"",""confidence"":""high"",""evidence"":""upper body upright, arms resting on table, legs under table""},{""value"":""looking at camera"",""confidence"":""high"",""evidence"":""eyes directed forward, face oriented toward viewer""}]","[{""atom"":""next to the dining table"",""type"":""relation"",""verdict"":""supported"",""evidence"":""GT person is seated at the dining table, adjacent to it.""}]","[{""atom"":""bench"",""type"":""object"",""verdict"":""contradicted"",""evidence"":""GT box encloses a person sitting on a chair, not a bench.""}]",[],"[""person sitting on a chair (not bench)"", ""light blue top and green shorts"", ""smiling, looking at camera"", ""positioned at left side of table""]",high,annotation_or_gt_issue,"The referring expression explicitly requests 'the bench', but the GT box encloses a person sitting on a chair. This is a fundamental category mismatch indicating an annotation error, as the text describes an object (bench) that is not the GT target (person)."
hallu_156757_COCO_train2014_000000156757,COCO_train2014_000000156757.jpg,the tie on the person's neck,t2_vqa_grounding,yes,tie,female_presenting,"visible facial features (defined jawline, makeup including red lipstick, eyeliner), styled hair pulled back, and clothing (white collared shirt) consistent with female-presenting presentation",no_automatic_flag,"[{""part"":""tie main body"",""value"":""black"",""confidence"":""high"",""evidence"":""solid dark tone across visible length""},{""part"":""tie pattern"",""value"":""white cross-like motifs"",""confidence"":""high"",""evidence"":""repeating white geometric shapes resembling crosses or plus signs on black background""},{""part"":""shirt collar"",""value"":""white"",""confidence"":""high"",""evidence"":""bright white fabric surrounding neck and tie knot""}]","[{""part"":""tie"",""value"":""woven fabric, likely silk or satin"",""confidence"":""medium"",""evidence"":""smooth surface with subtle sheen visible under lighting""},{""part"":""shirt"",""value"":""smooth woven fabric"",""confidence"":""medium"",""evidence"":""crisp collar and clean folds suggest structured cotton or blend""}]","[{""attribute"":""tie is knotted and worn around neck"",""confidence"":""high"",""evidence"":""knot visible just below chin, tie hangs vertically down chest""},{""attribute"":""tie has narrow width"",""confidence"":""high"",""evidence"":""proportionally slim relative to shirt collar and neck""}]","[{""value"":""being worn"",""confidence"":""high"",""evidence"":""securely knotted and positioned on person's neck, integrated with shirt""}]","[{""atom"":""the tie"",""type"":""object"",""verdict"":""supported"",""evidence"":""target is a black patterned tie worn at neck""},{""atom"":""on the person's neck"",""type"":""relation"",""verdict"":""supported"",""evidence"":""tie is knotted and positioned anatomically at neck, between chin and shirt collar""},{""atom"":""person"",""type"":""object"",""verdict"":""supported"",""evidence"":""tie is attached to a human figure with visible face, neck, and torso""}]",[],[],"[""black tie with white cross-like pattern"", ""worn by female-presenting person in white shirt"", ""positioned centrally on neck, below chin"", ""narrow width relative to collar""]",high,same_category_instance_confusion,"The referring expression correctly identifies the tie worn by the female-presenting person on the left. The baseline model failed by grounding the tie of the second person on the right, indicating same-category instance confusion between the two ties in the image."
hallu_167028_COCO_train2014_000000167028,COCO_train2014_000000167028.jpg,the dining table with various dishes,t2_vqa_grounding|t4_caption_grounding,no,person,female_presenting,"visible long hair tied back, facial features and clothing (maroon short-sleeved top) consistent with female presentation",no_automatic_flag,"[{""part"":""top"",""value"":""maroon"",""confidence"":""high"",""evidence"":""solid-colored short-sleeved blouse, clearly maroon""},{""part"":""hair"",""value"":""light brown/blonde"",""confidence"":""high"",""evidence"":""tied-back hair visible at crown and nape, light warm tone""},{""part"":""skin"",""value"":""fair"",""confidence"":""medium"",""evidence"":""visible face and arms show light complexion""}]","[{""part"":""top"",""value"":""fabric"",""confidence"":""medium"",""evidence"":""wrinkles and drape suggest soft woven textile""}]","[{""attribute"":""wearing necklace"",""confidence"":""high"",""evidence"":""thin chain visible at neckline""},{""attribute"":""wearing bracelet"",""confidence"":""high"",""evidence"":""dark beaded or woven bracelet on left wrist""},{""attribute"":""holding utensil"",""confidence"":""high"",""evidence"":""right hand holds a spoon or fork over bowl""}]","[{""value"":""sitting at table eating or serving"",""confidence"":""high"",""evidence"":""seated, leaning forward slightly, utensil in hand, food dishes in front""},{""value"":""looking toward man in red shirt"",""confidence"":""high"",""evidence"":""gaze direction clearly oriented to her right""}]",[],"[{""atom"":""the dining table"",""type"":""object"",""verdict"":""contradicted"",""evidence"":""GT box contains only a person, not a table; the table lies below the GT box""},{""atom"":""with various dishes"",""type"":""object"",""verdict"":""contradicted"",""evidence"":""dishes are present in image but outside GT box; not included in target region""}]",[],"[""GT box frames a person in a maroon top, not the table"", ""table and dishes are located below the GT box""]",low,annotation_or_gt_issue,"The referring expression describes a dining table with dishes, but the GT box tightly encloses a female-presenting person seated at the table. The baselines correctly localized the table and dishes in the lower half of the image, resulting in zero IoU with the misaligned GT box. This is a clear annotation error where the text and GT box refer to entirely different entities."
hallu_173791_COCO_train2014_000000173791,COCO_train2014_000000173791.jpg,the catcher behind the batter,t2_vqa_grounding|t4_caption_grounding,no,unknown,unclear,,unclear,[],[],[],[],[],[],"[{""atom"":""the catcher behind the batter"",""type"":""relation"",""verdict"":""not_visible"",""evidence"":""The GT box does not contain the full catcher; it captures only a minuscule portion of the catcher's upper back/shoulder. The spatial relation 'behind the batter' cannot be verified from this tiny region alone.""},{""atom"":""catcher"",""type"":""object"",""verdict"":""not_visible"",""evidence"":""The GT region is too small and low-resolution to confirm the object is a catcher; only ambiguous dark pixels are visible.""},{""atom"":""person"",""type"":""object"",""verdict"":""not_visible"",""evidence"":""No facial, postural, or bodily features are resolvable in the GT crop; only a blurred dark shape against green background.""}]","[""Positioned on the upper back/shoulder of the crouching figure wearing red helmet and white uniform, directly behind the batter's stance""]",high,annotation_or_gt_issue,"The GT box is an extremely small 15x8 pixel region on the upper back of the catcher, making the target identity and attributes unverifiable. The baselines correctly localized the full catcher but received zero IoU due to the poor quality and tiny size of the GT bounding box, which is an annotation issue."
hallu_177440_COCO_train2014_000000177440,COCO_train2014_000000177440.jpg,the teddy bear next to the large bear,t2_vqa_grounding|t4_caption_grounding,no,person,female_presenting,"visible short blond hair, facial features and clothing (denim overalls) commonly associated with young girls in this context",stereotype_sensitive_cue,"[{""part"":""hair"",""value"":""blond"",""confidence"":""high"",""evidence"":""short, light-colored hair visible on top of head""},{""part"":""eyes"",""value"":""light blue"",""confidence"":""high"",""evidence"":""clearly visible irises are light blue""},{""part"":""clothing (overalls)"",""value"":""blue denim"",""confidence"":""high"",""evidence"":""classic denim texture and color on overalls""},{""part"":""shirt underneath"",""value"":""white"",""confidence"":""high"",""evidence"":""white collar and chest visible""},{""part"":""socks"",""value"":""white with red trim"",""confidence"":""medium"",""evidence"":""lower legs show white fabric with red band near ankle""},{""part"":""held object"",""value"":""white"",""confidence"":""high"",""evidence"":""small plush toy held in left arm is white/cream""}]","[{""part"":""overalls"",""value"":""denim"",""confidence"":""high"",""evidence"":""characteristic weave and texture of denim fabric""},{""part"":""held object"",""value"":""plush/fabric"",""confidence"":""high"",""evidence"":""soft, fuzzy texture consistent with stuffed toy""},{""part"":""bedding"",""value"":""cotton or woven fabric"",""confidence"":""medium"",""evidence"":""striped sheet shows textile weave; pillowcases appear cotton-like""}]","[{""attribute"":""age apparent"",""confidence"":""high"",""evidence"":""facial proportions, size relative to bears, and developmental features indicate toddler (~1-2 years)""},{""attribute"":""expression"",""confidence"":""high"",""evidence"":""neutral to slightly smiling, direct gaze at camera""}]","[{""value"":""sitting upright on bed"",""confidence"":""high"",""evidence"":""torso vertical, supported by pillows and bed surface""},{""value"":""holding a small white teddy bear"",""confidence"":""high"",""evidence"":""left arm cradles a small white plush bear against chest""}]","[{""atom"":""next to the large bear"",""type"":""relation"",""verdict"":""supported"",""evidence"":""The child in the GT box is seated directly adjacent to a large brown bear""}]","[{""atom"":""teddy bear"",""type"":""object"",""verdict"":""contradicted"",""evidence"":""GT region contains a human child, not a teddy bear""}]","[{""atom"":""large bear"",""type"":""object"",""verdict"":""not_visible"",""evidence"":""The large bear is outside the GT box, though visible in the broader image context""}]","[""Child's face and eyes are fully visible and centered in GT box"", ""Denim overalls and white shirt distinguish from plush bears"", ""Proportions and skin texture confirm human, not stuffed toy""]",high,annotation_or_gt_issue,"The referring expression explicitly requests a 'teddy bear', but the ground truth box encloses a human child. The baselines localized an actual teddy bear in the scene, resulting in zero IoU due to a clear mismatch between the text query and the ground truth annotation."
hallu_212070_COCO_train2014_000000212070,COCO_train2014_000000212070.jpg,the umbrella held by the person,t2_vqa_grounding|t4_caption_grounding,yes,umbrella,not_applicable,,not_applicable,"[{""part"":""canopy"",""value"":""bright pink"",""confidence"":""high"",""evidence"":""solid, saturated pink fabric filling most of the GT box""}]","[{""part"":""canopy"",""value"":""fabric"",""confidence"":""high"",""evidence"":""soft folds and slight translucency visible in the cropped view""}]","[{""attribute"":""shape"",""confidence"":""high"",""evidence"":""curved upper edge of canopy visible; appears to be a standard dome-shaped umbrella""}]","[{""value"":""being held"",""confidence"":""medium"",""evidence"":""lower portion of GT box shows hand/grip area partially obscured; context from full image confirms person holding it""}]","[{""atom"":""umbrella"",""type"":""object"",""verdict"":""supported"",""evidence"":""GT box encloses a clearly visible pink umbrella canopy.""},{""atom"":""held by"",""type"":""relation"",""verdict"":""supported"",""evidence"":""Bottom edge of GT box shows part of a hand/grip; full image shows person's arm extending into that region.""}]",[],"[{""atom"":""person"",""type"":""object"",""verdict"":""not_visible"",""evidence"":""Only partial hand/arm visible at bottom of GT box; full person not in GT crop.""}]","[""bright solid pink color"", ""position on left side of frame"", ""lack of visible structural ribs or bands in canopy""]",high,same_category_instance_confusion,"The baselines incorrectly localized a different umbrella (white and black with ribs) instead of the GT pink umbrella, resulting in zero IoU due to same-category instance confusion."
hallu_237831_COCO_train2014_000000237831,COCO_train2014_000000237831.jpg,the baby in the high chair,t2_vqa_grounding|t4_caption_grounding,yes,person,unclear,"baby with short light hair, no visible gendered clothing or features; face not fully visible",unclear,"[{""part"":""hair"",""value"":""light blond"",""confidence"":""high"",""evidence"":""short, fine, light-colored hair visible on head""},{""part"":""skin"",""value"":""light"",""confidence"":""high"",""evidence"":""exposed arms and neck show fair complexion""}]","[{""part"":""skin"",""value"":""human skin"",""confidence"":""high"",""evidence"":""texture and tone consistent with human infant skin""}]","[{""attribute"":""age group: infant/baby"",""confidence"":""high"",""evidence"":""small stature, proportionally large head, lack of dentition, sitting in high chair""},{""attribute"":""naked torso"",""confidence"":""high"",""evidence"":""no shirt or top visible; bare shoulders and chest""}]","[{""value"":""reaching toward cake"",""confidence"":""high"",""evidence"":""right arm extended forward, hand near cake on tray""},{""value"":""sitting in high chair"",""confidence"":""high"",""evidence"":""body positioned within high chair seat and tray structure""}]","[{""atom"":""baby"",""type"":""object"",""verdict"":""supported"",""evidence"":""small human infant clearly visible within green GT box""},{""atom"":""in the high chair"",""type"":""relation"",""verdict"":""supported"",""evidence"":""baby is seated inside the high chair structure (backrest and tray visible around baby)""}]",[],[],"[""baby is bare-chested and reaching for cake"", ""green GT box tightly encloses only the infant, excluding the adult behind"", ""high chair tray and back visible around baby but not around adult""]",high,same_category_instance_confusion,"The referring expression correctly identifies the baby in the high chair. The baselines failed by localizing the adult woman standing behind the baby, resulting in same-category instance confusion."
hallu_269532_COCO_train2014_000000269532,COCO_train2014_000000269532.jpg,the person next to the sheep,t2_vqa_grounding,yes,person,male_presenting,"visible short hair, facial features, and masculine-presenting clothing (cowboy hat, button-up shirt, jeans)",no_automatic_flag,"[{""part"":""hat"",""value"":""dark (black or dark brown)"",""confidence"":""high"",""evidence"":""solid dark tone in grayscale; consistent with black cowboy hat""},{""part"":""shirt"",""value"":""light (white or light gray)"",""confidence"":""high"",""evidence"":""brightest garment in image; appears white/light gray in grayscale""},{""part"":""pants"",""value"":""dark (black or dark gray)"",""confidence"":""high"",""evidence"":""low reflectance, consistent with dark denim or trousers""}]","[{""part"":""hat"",""value"":""felt or straw"",""confidence"":""medium"",""evidence"":""rigid shape, non-reflective surface; typical of cowboy hats""},{""part"":""shirt"",""value"":""cotton or synthetic blend"",""confidence"":""medium"",""evidence"":""visible weave texture and creases""},{""part"":""pants"",""value"":""denim or heavy cotton"",""confidence"":""medium"",""evidence"":""texture and folds suggest sturdy fabric like denim""}]","[{""attribute"":""wearing badge/patch on left chest"",""confidence"":""high"",""evidence"":""rectangular dark patch with lighter border visible on left chest of shirt""},{""attribute"":""standing upright, leaning slightly forward"",""confidence"":""high"",""evidence"":""posture visible in full and crop images""}]","[{""value"":""standing beside sheep, right hand extended toward fence or gate"",""confidence"":""high"",""evidence"":""right arm outstretched toward wooden structure; body oriented toward sheep cluster""}]","[{""atom"":""the person"",""type"":""object"",""verdict"":""supported"",""evidence"":""GT box encloses a clearly visible human figure""},{""atom"":""next to the sheep"",""type"":""relation"",""verdict"":""supported"",""evidence"":""sheep occupy space immediately to the right of the GT-boxed person; no gap between person and nearest sheep""},{""atom"":""singular person"",""type"":""count"",""verdict"":""supported"",""evidence"":""GT box selects one primary individual; though another person is adjacent, the box focuses on one""}]",[],[],"[""proximity to sheep cluster (right side)"", ""cowboy hat (distinctive vs. other person's cap)"", ""left chest badge/patch"", ""body orientation facing sheep/fence junction""]",high,same_category_instance_confusion,"The referring expression accurately describes the GT target, who is positioned directly beside the sheep. The baseline model experienced same-category instance confusion by grounding a different person located further to the right."
hallu_285679_COCO_train2014_000000285679,COCO_train2014_000000285679.jpg,the car in front of the truck,t2_vqa_grounding|t4_caption_grounding,yes,car,not_applicable,,not_applicable,"[{""part"":""body"",""value"":""light gray / beige (heavily charred)"",""confidence"":""high"",""evidence"":""burnt exterior with patches of original light color visible beneath black soot""},{""part"":""windows"",""value"":""dark / missing"",""confidence"":""high"",""evidence"":""window openings are dark voids; glass appears absent or melted""}]","[{""part"":""body"",""value"":""metal (charred)"",""confidence"":""high"",""evidence"":""typical car body shape and panel seams visible despite fire damage""},{""part"":""wheels"",""value"":""metal/rubber (destroyed)"",""confidence"":""medium"",""evidence"":""wheel wells present; rims partially visible but deformed and burnt""}]","[{""attribute"":""severely fire-damaged"",""confidence"":""high"",""evidence"":""extensive charring, melted metal, missing components, exposed internal structure""},{""attribute"":""abandoned on street"",""confidence"":""high"",""evidence"":""parked on asphalt road, no driver, surrounded by debris and other wrecked vehicles""}]","[{""value"":""stationary"",""confidence"":""high"",""evidence"":""no motion blur; wheels fixed on ground; context suggests post-disaster scene""}]","[{""atom"":""the car"",""type"":""object"",""verdict"":""supported"",""evidence"":""GT box overlaps with a clearly identifiable burnt car""},{""atom"":""in front of"",""type"":""relation"",""verdict"":""supported"",""evidence"":""Target car is spatially closer to camera and ahead of the larger burnt truck along the road""}]",[],[],"[""position directly in front of the truck along the road"", ""smaller size relative to adjacent burnt truck"", ""number '12' painted on side of vehicle""]",low,localization_or_box_quality,"The referring expression correctly identifies the target car in front of the truck. However, the GT box is an extremely narrow vertical slice (width ~23px) of the car's edge, while the baselines correctly localized the main body of the same vehicle. The zero IoU is caused by poor GT box quality rather than instance confusion."
hallu_309292_COCO_train2014_000000309292,COCO_train2014_000000309292.jpg,the bowl in front of the spoon,t2_vqa_grounding|t4_caption_grounding,yes,bowl,not_applicable,,not_applicable,"[{""part"":""interior and rim"",""value"":""light yellow or beige"",""confidence"":""high"",""evidence"":""visible in unmarked crop and full image: smooth, uniformly light-toned inner surface and upper rim""},{""part"":""exterior"",""value"":""light yellow or beige with subtle horizontal ridges"",""confidence"":""high"",""evidence"":""ridges visible on side of bowl in full image; color matches interior""}]","[{""part"":""body"",""value"":""ceramic or stoneware"",""confidence"":""high"",""evidence"":""glossy but not metallic sheen, smooth curved surface, typical thickness and form of ceramic bowl""}]","[{""attribute"":""contains a spoon"",""confidence"":""high"",""evidence"":""metal spoon handle protrudes vertically from center of bowl in full image""},{""attribute"":""sitting on a plate"",""confidence"":""high"",""evidence"":""bowl rests on a reddish-brown oval plate visible beneath it""}]","[{""value"":""stationary, placed on a counter"",""confidence"":""high"",""evidence"":""no motion blur; stable placement on tiled countertop""}]","[{""atom"":""the bowl"",""type"":""object"",""verdict"":""supported"",""evidence"":""target is a wide, open ceramic bowl""},{""atom"":""in front of the spoon"",""type"":""relation"",""verdict"":""supported"",""evidence"":""spoon is inside the bowl; from viewer perspective, the bowl's rim and body lie in front of the spoon's handle""}]","[{""atom"":""cup"",""type"":""object"",""verdict"":""contradicted"",""evidence"":""category hint is cup, but target is clearly a wide, open bowl""}]",[],"[""contains a vertical spoon handle"", ""sits on a reddish-brown oval plate"", ""light yellow/beige ceramic with horizontal ridges""]",high,same_category_instance_confusion,"The referring expression correctly identifies the target bowl containing a spoon, but baseline models confused it with another bowl instance in the background."
hallu_313873_COCO_train2014_000000313873,COCO_train2014_000000313873.jpg,the person holding a cell phone,t2_vqa_grounding|t4_caption_grounding,yes,person,female_presenting,"long dark hair visible under cap, facial features and posture consistent with female presentation",stereotype_sensitive_cue,"[{""part"":""hoodie"",""value"":""red"",""confidence"":""high"",""evidence"":""solid red sweatshirt with yellow/black logo on chest""},{""part"":""cap"",""value"":""light gray/white"",""confidence"":""high"",""evidence"":""backward-facing baseball cap, light gray crown, white brim""},{""part"":""phone"",""value"":""white/silver"",""confidence"":""medium"",""evidence"":""rectangular device held in hands, light-colored casing""},{""part"":""jeans"",""value"":""dark blue"",""confidence"":""medium"",""evidence"":""lower legs show denim fabric, dark blue tone""}]","[{""part"":""hoodie"",""value"":""cotton fleece"",""confidence"":""medium"",""evidence"":""soft texture, slight sheen, typical sweatshirt fabric appearance""},{""part"":""cap"",""value"":""cotton twill"",""confidence"":""medium"",""evidence"":""structured crown with visible weave pattern""}]","[{""attribute"":""seated on subway bench"",""confidence"":""high"",""evidence"":""metal bench edge visible beneath thighs, red upholstered backrest behind""}]","[{""value"":""holding a cell phone"",""confidence"":""high"",""evidence"":""hands gripping a rectangular electronic device""},{""value"":""looking down at phone screen"",""confidence"":""high"",""evidence"":""gaze directed downward toward device, head tilted forward""},{""value"":""seated"",""confidence"":""high"",""evidence"":""hips on bench, legs extended forward""}]","[{""atom"":""the person"",""type"":""object"",""verdict"":""supported"",""evidence"":""GT box isolates one individual matching description""},{""atom"":""holding"",""type"":""action_state"",""verdict"":""supported"",""evidence"":""hands grip a rectangular electronic device""},{""atom"":""a cell phone"",""type"":""object"",""verdict"":""supported"",""evidence"":""device matches size, shape, and orientation of smartphone""}]",[],[],"[""red hoodie with yellow/black logo"", ""backward light-gray cap"", ""green skateboard leaning against left thigh""]",high,same_category_instance_confusion,"The baselines incorrectly selected another person in the scene who is also holding a cell phone, confusing the GT target in a red hoodie and gray cap with a same-category distractor."
hallu_329239_COCO_train2014_000000329239,COCO_train2014_000000329239.jpg,the car parked behind the tennis court,t2_vqa_grounding,yes,car,not_applicable,,not_applicable,"[{""part"":""body"",""value"":""white"",""confidence"":""high"",""evidence"":""blurred but clearly light-colored vehicle behind fence; consistent with white in full image""}]","[{""part"":""body"",""value"":""metal"",""confidence"":""medium"",""evidence"":""typical car body appearance, reflective highlights visible despite blur""}]","[{""attribute"":""parked"",""confidence"":""high"",""evidence"":""no motion blur, stationary position behind fence and tennis court net""},{""attribute"":""behind tennis court"",""confidence"":""high"",""evidence"":""located beyond the net and court surface, separated by chain-link fence""}]","[{""value"":""stationary"",""confidence"":""high"",""evidence"":""no motion cues; positioned behind fence relative to foreground player and net""}]","[{""atom"":""the car"",""type"":""object"",""verdict"":""supported"",""evidence"":""Green box contains a vehicle with car-like shape, windows, and body—consistent with car category""},{""atom"":""parked"",""type"":""action_state"",""verdict"":""supported"",""evidence"":""No motion blur; fixed position relative to static scene elements""},{""atom"":""behind the tennis court"",""type"":""relation"",""verdict"":""supported"",""evidence"":""Vehicle lies beyond the net and court surface, separated by fence—spatially behind the playing area""}]",[],[],"[""position directly behind the left side of the tennis net"", ""white/light-colored body"", ""partially visible front windshield and hood through fence""]",high,same_category_instance_confusion,"The referring expression correctly identifies the GT target as a parked car behind the tennis court. The baseline model failed due to same-category instance confusion, selecting a different car (a dark SUV) also located behind the fence but to the right of the GT target."
hallu_359529_COCO_train2014_000000359529,COCO_train2014_000000359529.jpg,the dog on the TV screen,t2_vqa_grounding,no,tv,not_applicable,,not_applicable,"[{""part"":""tv bezel"",""value"":""light beige or off-white"",""confidence"":""high"",""evidence"":""visible portion of TV frame shows a uniform light-colored plastic bezel""},{""part"":""screen content"",""value"":""black-and-white"",""confidence"":""high"",""evidence"":""TV screen displays a monochrome image of a dog""}]","[{""part"":""tv bezel"",""value"":""plastic"",""confidence"":""medium"",""evidence"":""smooth, matte finish typical of CRT TV casing""}]","[{""attribute"":""CRT television"",""confidence"":""high"",""evidence"":""bulky depth, curved glass screen, and thick bezel characteristic of cathode-ray tube TVs""},{""attribute"":""screen is on"",""confidence"":""high"",""evidence"":""emits light and displays a clear image""}]","[{""value"":""displaying an image of a dog"",""confidence"":""high"",""evidence"":""screen shows a clear black-and-white photo or video frame of a dog""}]","[{""atom"":""TV"",""type"":""object"",""verdict"":""supported"",""evidence"":""GT box encloses part of the TV frame, matching the category hint 'tv'""}]","[{""atom"":""dog"",""type"":""object"",""verdict"":""contradicted"",""evidence"":""GT box covers TV bezel and wall, not the dog image on the screen or the real dog""},{""atom"":""on the TV screen"",""type"":""relation"",""verdict"":""contradicted"",""evidence"":""GT box does not include the TV screen or the dog image on it""}]",[],"[""GT box is offset left of screen, aligning with TV bezel and wall, not screen content"", ""Expression uses 'the dog on the TV screen', indicating the screen content is the referent, yet GT localizes to the TV frame""]",high,annotation_or_gt_issue,"The referring expression explicitly targets 'the dog on the TV screen', but the GT box only covers the left TV bezel and adjacent wall, completely missing the screen and the dog image. The category hint 'tv' suggests the annotator boxed the TV instead of the dog, resulting in a category mismatch and localization error."
hallu_364293_COCO_train2014_000000364293,COCO_train2014_000000364293.jpg,the person next to the dishwasher,t2_vqa_grounding|t4_caption_grounding,yes,person,unclear,"back view only; no visible facial features, hairstyle, or clothing gender markers",unclear,"[{""part"":""upper garment"",""value"":""dark navy or black"",""confidence"":""high"",""evidence"":""solid dark color, no pattern visible""},{""part"":""pants"",""value"":""light beige or khaki"",""confidence"":""high"",""evidence"":""uniform light neutral tone, visible rear and side""},{""part"":""undergarment waistband"",""value"":""light gray"",""confidence"":""high"",""evidence"":""exposed band above pants waistline""}]","[{""part"":""pants"",""value"":""cotton or cotton-blend fabric"",""confidence"":""medium"",""evidence"":""soft drape, slight creasing, no sheen""},{""part"":""top"",""value"":""knit or woven fabric, matte finish"",""confidence"":""medium"",""evidence"":""no reflection, smooth surface""}]","[{""attribute"":""standing posture, leaning slightly forward"",""confidence"":""high"",""evidence"":""body angled toward open dishwasher, arms not visible but torso position suggests engagement""},{""attribute"":""bare feet or low-profile footwear (partial)"",""confidence"":""low"",""evidence"":""small dark shape at bottom left of crop, possibly foot/sock, but heavily cropped and ambiguous""}]","[{""value"":""loading or unloading dishwasher"",""confidence"":""high"",""evidence"":""position directly beside open dishwasher, lower basket pulled out with dishes visible, body oriented toward appliance""}]","[{""atom"":""the person"",""type"":""object"",""verdict"":""supported"",""evidence"":""target is a person, back-facing, fully visible from shoulders to mid-calves""},{""atom"":""next to"",""type"":""relation"",""verdict"":""supported"",""evidence"":""person's right side directly adjacent to left side of open dishwasher; zero gap between them""},{""atom"":""the dishwasher"",""type"":""object"",""verdict"":""supported"",""evidence"":""stainless-steel interior, pull-out rack, control panel visible on top edge""}]",[],[],"[""proximity to open dishwasher (direct contact)"", ""position relative to dish rack on floor (in front)"", ""dark top + light pants combo distinct from striped sweater person"", ""back-facing orientation vs. side-facing distractor""]",high,same_category_instance_confusion,"The query explicitly specifies the person 'next to the dishwasher', which perfectly matches the GT target positioned directly adjacent to the open appliance. The baseline models drifted to a same-category distractor (a person in a striped sweater near the oven), failing to enforce the spatial relation."
hallu_374924_COCO_train2014_000000374924,COCO_train2014_000000374924.jpg,the person holding the baseball bat,t2_vqa_grounding|t4_caption_grounding,yes,person,male_presenting,"visible short hair, facial structure, and athletic build consistent with male presentation",no_automatic_flag,"[{""part"":""jersey"",""value"":""yellow"",""confidence"":""high"",""evidence"":""bright yellow short-sleeved jersey with green trim on sleeves and collar""},{""part"":""pants"",""value"":""white"",""confidence"":""high"",""evidence"":""white baseball pants with dark belt""},{""part"":""helmet"",""value"":""dark green or black"",""confidence"":""medium"",""evidence"":""dark helmet with light-colored logo/stripes; color appears dark green or black under lighting""},{""part"":""gloves"",""value"":""white with green accents"",""confidence"":""high"",""evidence"":""white batting gloves with green pattern/trim visible on hands gripping bat""},{""part"":""shoes"",""value"":""white with green stripes"",""confidence"":""high"",""evidence"":""white cleats with green side stripes visible on feet""}]","[{""part"":""jersey"",""value"":""synthetic fabric"",""confidence"":""medium"",""evidence"":""smooth texture, slight sheen, typical of athletic jerseys""},{""part"":""bat"",""value"":""wood"",""confidence"":""high"",""evidence"":""natural wood grain visible on barrel and handle""},{""part"":""gloves"",""value"":""leather or synthetic leather"",""confidence"":""medium"",""evidence"":""textured surface consistent with batting gloves""}]","[{""attribute"":""wearing batting helmet"",""confidence"":""high"",""evidence"":""hard-shell helmet covering head, with ear protection""},{""attribute"":""holding baseball bat"",""confidence"":""high"",""evidence"":""both hands gripping bat in ready batting stance""},{""attribute"":""in batting stance"",""confidence"":""high"",""evidence"":""knees bent, weight shifted, bat raised behind shoulder""}]","[{""value"":""preparing to swing at pitched ball"",""confidence"":""high"",""evidence"":""bat held back, eyes focused forward toward pitcher, body coiled""}]","[{""atom"":""the person"",""type"":""object"",""verdict"":""supported"",""evidence"":""GT box encloses a single person in batting stance""},{""atom"":""holding"",""type"":""relation"",""verdict"":""supported"",""evidence"":""both hands are gripping the bat; bat is physically connected to hands""},{""atom"":""baseball bat"",""type"":""object"",""verdict"":""supported"",""evidence"":""long cylindrical wooden object with knob and barrel, consistent with baseball bat""}]",[],[],"[""holds bat with both hands in ready batting stance"", ""wears yellow jersey with green trim and white pants"", ""positioned at home plate with netting in foreground"", ""distinct from adjacent crouching umpire/catcher in black""]",low,localization_or_box_quality,"The referring expression unambiguously identifies the batter. The baseline models failed due to a severe spatial shift of the bounding box (capturing the lower body and bat of the same person but missing the GT box entirely), indicating a localization error rather than instance confusion with the catcher."
hallu_426149_COCO_train2014_000000426149,COCO_train2014_000000426149.jpg,the person next to the table,t2_vqa_grounding,yes,person,male_presenting,"short dark hair, facial structure and jawline visible, wearing cap and casual attire consistent with male presentation in this context",stereotype_sensitive_cue,"[{""part"":""shirt"",""value"":""black"",""confidence"":""high"",""evidence"":""solid black long-sleeve shirt, visible torso and arms""},{""part"":""undershirt"",""value"":""red"",""confidence"":""high"",""evidence"":""red waistband/trim visible above black shirt hem""},{""part"":""pants"",""value"":""dark blue"",""confidence"":""medium"",""evidence"":""dark denim-like pants; lighting makes exact shade ambiguous but clearly dark blue or black""},{""part"":""cap"",""value"":""black"",""confidence"":""high"",""evidence"":""black baseball-style cap worn backward""}]","[{""part"":""shirt"",""value"":""cotton or cotton blend"",""confidence"":""medium"",""evidence"":""soft drape and slight wrinkling typical of knit/cotton fabric""},{""part"":""pants"",""value"":""denim"",""confidence"":""medium"",""evidence"":""texture and creasing pattern consistent with denim""}]","[{""attribute"":""holding white object (likely Wii remote)"",""confidence"":""high"",""evidence"":""white rectangular object held in right hand, consistent with Nintendo Wii controller shape""},{""attribute"":""standing upright"",""confidence"":""high"",""evidence"":""full torso visible, posture vertical""}]","[{""value"":""looking upward and slightly left"",""confidence"":""high"",""evidence"":""head tilted up, eyes directed toward upper-left of frame""},{""value"":""holding controller"",""confidence"":""high"",""evidence"":""right hand gripping white object""}]","[{""atom"":""the person"",""type"":""object"",""verdict"":""supported"",""evidence"":""GT box encloses a single human figure""},{""atom"":""next to"",""type"":""relation"",""verdict"":""supported"",""evidence"":""person stands adjacent to the table edge with clear spatial proximity""},{""atom"":""the table"",""type"":""object"",""verdict"":""supported"",""evidence"":""table edge and items are visible in the immediate foreground""}]",[],[],"[""wearing black long-sleeve shirt with red waistband trim"", ""black cap worn backward"", ""holding white Wii remote in right hand"", ""standing immediately right of plaid-shirt person"", ""positioned beside table with bottle and controller base""]",high,same_category_instance_confusion,"The referring expression correctly identifies the target person standing next to the table. The baseline model failed due to same-category instance confusion, selecting a different person on the far right instead of the one adjacent to the table."
hallu_436539_COCO_train2014_000000436539,COCO_train2014_000000436539.jpg,the chair next to the dining table,t4_caption_grounding,no,dining table,not_applicable,,not_applicable,"[{""part"":""table surface"",""value"":""light brown"",""confidence"":""high"",""evidence"":""visible wood grain and warm tone on tabletop edge""}]","[{""part"":""table surface"",""value"":""wood"",""confidence"":""high"",""evidence"":""clear wood grain pattern visible on edge and top""}]","[{""attribute"":""cluttered with objects"",""confidence"":""high"",""evidence"":""bottles, glasses, napkins, camera, and other items rest directly on the surface""}]","[{""value"":""being used as a surface for items"",""confidence"":""high"",""evidence"":""multiple objects placed on it; no motion visible""}]",[],"[{""atom"":""chair"",""type"":""object"",""verdict"":""contradicted"",""evidence"":""GT box contains the edge of a dining table, not a chair.""},{""atom"":""next to the dining table"",""type"":""relation"",""verdict"":""contradicted"",""evidence"":""The GT box is the dining table itself, not an object located next to it.""},{""atom"":""refrigerator"",""type"":""object"",""verdict"":""contradicted"",""evidence"":""Category hint suggests refrigerator, but GT box contains a wooden table surface.""}]",[],"[""wood grain texture confirming table surface"", ""presence of drinking glasses and bottles indicating dining use""]",low,target_reference_role_swap,"The referring expression asks for 'the chair', but the GT box encloses the 'dining table' itself. This is a target-reference role swap where the reference object was annotated instead of the intended target."
hallu_496374_COCO_train2014_000000496374,COCO_train2014_000000496374.jpg,the pizza on the cooling rack,t2_vqa_grounding|t4_caption_grounding,yes,pizza,not_applicable,,not_applicable,"[{""part"":""topping (pepperoni)"",""value"":""reddish-pink with browned edges"",""confidence"":""high"",""evidence"":""circular slices with characteristic cured meat color and charring""},{""part"":""cheese"",""value"":""off-white to pale yellow, melted"",""confidence"":""high"",""evidence"":""gooey, irregular patches covering base""},{""part"":""sauce"",""value"":""red"",""confidence"":""high"",""evidence"":""visible beneath cheese in gaps""},{""part"":""crust"",""value"":""golden brown"",""confidence"":""medium"",""evidence"":""edge visible at bottom of crop, slightly darker than center""}]","[{""part"":""toppings"",""value"":""cooked meat and dairy"",""confidence"":""high"",""evidence"":""texture shows rendered fat, char, and melted cheese""},{""part"":""crust"",""value"":""baked dough"",""confidence"":""medium"",""evidence"":""porous, slightly uneven surface typical of baked pizza crust""}]","[{""attribute"":""on cooling rack"",""confidence"":""high"",""evidence"":""metal grid bars visible directly beneath pizza in full image; GT box is centered on pizza resting on rack""},{""attribute"":""unboxed / served"",""confidence"":""high"",""evidence"":""no packaging around pizza; sits directly on metal rack over wooden board""}]","[{""value"":""cooled / resting"",""confidence"":""high"",""evidence"":""placed on wire cooling rack, not in oven or on serving plate; no steam visible""}]","[{""atom"":""the pizza"",""type"":""object"",""verdict"":""supported"",""evidence"":""GT box encloses a round food item with crust, sauce, cheese, and pepperoni—visually identifiable as pizza.""},{""atom"":""on the cooling rack"",""type"":""relation"",""verdict"":""supported"",""evidence"":""Metal wire rack is directly beneath the pizza inside the GT box; pizza rests on it.""}]",[],[],"[""rests directly on metal wire grid (not in box)"", ""exposed crust and toppings (unboxed)"", ""positioned on wooden board to right of boxed pizza"", ""no packaging visible around it""]",high,same_category_instance_confusion,"The referring expression uniquely identifies the unboxed pizza resting on the cooling rack. Both baseline models failed by grounding the other pizza instance, which is inside a cardboard box on the left side of the image, resulting in zero IoU due to same-category instance confusion."
hallu_502148_COCO_train2014_000000502148,COCO_train2014_000000502148.jpg,the bed next to the suitcase,t4_caption_grounding,yes,bed,not_applicable,,not_applicable,"[{""part"":""bedspread"",""value"":""beige with greenish-brown leaf pattern"",""confidence"":""high"",""evidence"":""distinctive quilted leaf motif in muted earth tones visible across entire surface""},{""part"":""pillowcase"",""value"":""matching beige/greenish-brown pattern"",""confidence"":""high"",""evidence"":""same pattern as bedspread, visible on pillow""},{""part"":""headboard"",""value"":""medium brown"",""confidence"":""medium"",""evidence"":""visible behind pillow; color consistent with typical headboard""}]","[{""part"":""bedspread"",""value"":""quilted fabric"",""confidence"":""high"",""evidence"":""visible stitching lines forming diamond/quilt pattern and soft texture""},{""part"":""headboard"",""value"":""wood"",""confidence"":""medium"",""evidence"":""grain-like texture and matte finish visible where not overexposed""}]","[{""attribute"":""quilted texture"",""confidence"":""high"",""evidence"":""regular stitched diamond pattern across bed surface""},{""attribute"":""pillow present"",""confidence"":""high"",""evidence"":""single pillow visible at head of bed, covered in same patterned fabric""}]","[{""value"":""made/undisturbed"",""confidence"":""high"",""evidence"":""smooth, taut bedspread with no wrinkles or indentation suggesting recent use""}]","[{""atom"":""the bed"",""type"":""object"",""verdict"":""supported"",""evidence"":""GT box precisely encloses a fully visible bed with headboard, pillow, and patterned spread""},{""atom"":""next to"",""type"":""relation"",""verdict"":""supported"",""evidence"":""black suitcase is directly adjacent to the right side of the GT bed; no gap between them""},{""atom"":""the suitcase"",""type"":""object"",""verdict"":""supported"",""evidence"":""black rolling suitcase with telescoping handle visible between the two beds""}]",[],[],"[""proximity to black suitcase on its right side"", ""leftmost bed in the pair"", ""no lamp directly adjacent (lamp is next to the other bed)""]",high,same_category_instance_confusion,"The referring expression correctly identifies the left bed based on its adjacency to the suitcase. The baseline model failed by grounding the right bed, which is the other instance of the same category in the scene, leading to a zero IoU due to same-category instance confusion."
hallu_512515_COCO_train2014_000000512515,COCO_train2014_000000512515.jpg,the chair next to the couch,t2_vqa_grounding|t4_caption_grounding,no,tv,not_applicable,,not_applicable,"[{""part"":""screen"",""value"":""black"",""confidence"":""high"",""evidence"":""dark, non-illuminated rectangular screen""},{""part"":""frame"",""value"":""dark gray or black"",""confidence"":""medium"",""evidence"":""thin border around screen, low resolution but appears dark""},{""part"":""stand/table"",""value"":""dark brown wood"",""confidence"":""high"",""evidence"":""wood-grain texture visible on furniture beneath TV""}]","[{""part"":""screen"",""value"":""glass/plastic"",""confidence"":""medium"",""evidence"":""smooth reflective surface with slight glare""},{""part"":""stand/table"",""value"":""wood"",""confidence"":""high"",""evidence"":""visible wood grain and finish""}]","[{""attribute"":""rectangular shape"",""confidence"":""high"",""evidence"":""clearly rectangular display with 16:9-like aspect ratio""},{""attribute"":""mounted on low cabinet/stand"",""confidence"":""high"",""evidence"":""sits on top of wooden furniture with open lower shelf""}]","[{""value"":""turned off"",""confidence"":""high"",""evidence"":""screen is uniformly black with no image or backlight glow""}]",[],"[{""atom"":""the chair"",""type"":""object"",""verdict"":""contradicted"",""evidence"":""GT target is a television, not a chair""},{""atom"":""next to the couch"",""type"":""relation"",""verdict"":""contradicted"",""evidence"":""GT target is a TV, and no couch is visible; the furniture on the right is a bed""}]",[],"[""black rectangular screen on wooden cabinet"", ""positioned left of bed, behind foreground armchair""]",low,annotation_or_gt_issue,"The referring expression describes a chair next to a couch, but the ground truth box encloses a television set. The baselines correctly localized a chair based on the text, resulting in zero IoU with the mismatched GT box."
hallu_565476_COCO_train2014_000000565476,COCO_train2014_000000565476.jpg,the apple in front of the bananas,t2_vqa_grounding|t4_caption_grounding,yes,apple,not_applicable,,not_applicable,"[{""part"":""skin"",""value"":""mottled red and yellow with dark speckles"",""confidence"":""high"",""evidence"":""visible surface shows red base with yellow patches and numerous small dark brown/black speckles""}]","[{""part"":""skin"",""value"":""smooth, waxy"",""confidence"":""medium"",""evidence"":""glossy highlights suggest waxy cuticle; no visible texture like fuzz or roughness""}]","[{""attribute"":""shape"",""confidence"":""high"",""evidence"":""rounded, slightly oblong fruit with gentle curvature; consistent with apple morphology""},{""attribute"":""size relative to bananas"",""confidence"":""high"",""evidence"":""appears smaller than adjacent banana bunch; fits typical apple-to-banana size ratio""}]","[{""value"":""stationary, resting among other fruits"",""confidence"":""high"",""evidence"":""no motion blur; positioned beneath banana bunch, partially obscured""}]","[{""atom"":""apple"",""type"":""object"",""verdict"":""supported"",""evidence"":""GT region contains a fruit matching apple appearance: rounded, red-yellow mottled skin""},{""atom"":""in front of"",""type"":""relation"",""verdict"":""supported"",""evidence"":""GT apple is positioned in front of the main banana bunch and stems, which are slightly behind it""},{""atom"":""bananas"",""type"":""object"",""verdict"":""supported"",""evidence"":""bananas are visible above and behind the GT apple, serving as the reference object""}]",[],[],"[""mottled red-yellow skin with dark speckles"", ""position directly beneath banana curve, partially overlapped by banana peel"", ""occluded from full view by both bananas above and another apple in front""]",high,same_category_instance_confusion,"The referring expression correctly identifies the GT target as an apple positioned in front of the bananas. The baselines failed due to same-category instance confusion, selecting a different, more prominent red apple in the foreground instead of the partially occluded GT apple."
hallu_573931_COCO_train2014_000000573931,COCO_train2014_000000573931.jpg,the glass of juice on the table,t2_vqa_grounding|t4_caption_grounding,no,unknown,not_applicable,,not_applicable,[],[],[],[],[],[],"[{""atom"":""glass of juice"",""type"":""object"",""verdict"":""not_visible"",""evidence"":""The GT box is sub-3-pixel wide and contains no identifiable object, glass, or juice.""},{""atom"":""on the table"",""type"":""relation"",""verdict"":""not_visible"",""evidence"":""No table surface is visible within the extremely small GT region.""}]","[""extremely small bounding box straddling panel boundary"", ""crop shows only dark background with indistinct edge fragments""]",high,annotation_or_gt_issue,"The GT box is extremely small (sub-3-pixel wide) and contains no visible object. The baselines correctly localize a glass of juice in a completely different region, indicating the GT box is a mislocalization or annotation error."
